ISO-10303-21;
HEADER;
FILE_DESCRIPTION (( 'STEP AP214' ),
    '1' );
FILE_NAME ('T3277+3.STEP',
    '2020-12-01T08:19:22',
    ( '' ),
    ( '' ),
    'SwSTEP 2.0',
    'SolidWorks 2018',
    '' );
FILE_SCHEMA (( 'AUTOMOTIVE_DESIGN' ));
ENDSEC;

DATA;
#1 = LINE ( 'NONE', #6141, #7874 ) ;
#2 = DIRECTION ( 'NONE',  ( 0.000000000000000000, 0.000000000000000000, 1.000000000000000000 ) ) ;
#3 = EDGE_LOOP ( 'NONE', ( #3124, #2953, #406, #5266 ) ) ;
#4 = DIRECTION ( 'NONE',  ( 0.000000000000000000, -0.000000000000000000, -1.000000000000000000 ) ) ;
#5 = FACE_OUTER_BOUND ( 'NONE', #3813, .T. ) ;
#6 = CARTESIAN_POINT ( 'NONE',  ( -2.950000000000000178, 0.05000000000000000278, 0.000000000000000000 ) ) ;
#7 = ORIENTED_EDGE ( 'NONE', *, *, #7518, .T. ) ;
#8 = PLANE ( 'NONE',  #4901 ) ;
#9 = PLANE ( 'NONE',  #4104 ) ;
#10 = VERTEX_POINT ( 'NONE', #4733 ) ;
#11 = PRESENTATION_LAYER_ASSIGNMENT (  '', '', ( #9152 ) ) ;
#12 = CARTESIAN_POINT ( 'NONE',  ( -2.424999999999999378, 0.05000000000000000278, 3.500000000000000444 ) ) ;
#13 = ADVANCED_FACE ( 'NONE', ( #1222 ), #3055, .T. ) ;
#14 = DIRECTION ( 'NONE',  ( -1.000000000000000000, 0.000000000000000000, 0.000000000000000000 ) ) ;
#15 = ORIENTED_EDGE ( 'NONE', *, *, #2508, .F. ) ;
#16 = AXIS2_PLACEMENT_3D ( 'NONE', #9098, #403, #1285 ) ;
#17 = DIRECTION ( 'NONE',  ( 0.000000000000000000, -1.000000000000000000, 0.000000000000000000 ) ) ;
#18 = DIRECTION ( 'NONE',  ( 0.000000000000000000, -1.000000000000000000, 0.000000000000000000 ) ) ;
#19 = ORIENTED_EDGE ( 'NONE', *, *, #4364, .F. ) ;
#20 = DIRECTION ( 'NONE',  ( 1.000000000000000000, -0.000000000000000000, 0.000000000000000000 ) ) ;
#21 = AXIS2_PLACEMENT_3D ( 'NONE', #9432, #7899, #5547 ) ;
#22 = CARTESIAN_POINT ( 'NONE',  ( 3.500000000000000444, 0.04999999999999969746, -0.8250000000000001776 ) ) ;
#23 = ORIENTED_EDGE ( 'NONE', *, *, #8590, .T. ) ;
#24 = CARTESIAN_POINT ( 'NONE',  ( 0.4749999999999997558, 0.000000000000000000, -3.500000000000000444 ) ) ;
#25 = EDGE_CURVE ( 'NONE', #9953, #6264, #4922, .T. ) ;
#26 = DIRECTION ( 'NONE',  ( -1.000000000000000000, 0.000000000000000000, -0.000000000000000000 ) ) ;
#27 = SURFACE_STYLE_FILL_AREA ( #8348 ) ;
#28 = FILL_AREA_STYLE_COLOUR ( '', #208 ) ;
#29 = EDGE_CURVE ( 'NONE', #9330, #3947, #3069, .T. ) ;
#30 = LINE ( 'NONE', #3241, #3860 ) ;
#31 = ORIENTED_EDGE ( 'NONE', *, *, #2224, .F. ) ;
#32 = DIRECTION ( 'NONE',  ( 0.000000000000000000, -1.000000000000000000, 0.000000000000000000 ) ) ;
#33 = DIRECTION ( 'NONE',  ( 1.000000000000000000, -0.000000000000000000, 0.000000000000000000 ) ) ;
#34 = ORIENTED_EDGE ( 'NONE', *, *, #5915, .T. ) ;
#35 = DIRECTION ( 'NONE',  ( 0.000000000000000000, -1.000000000000000000, 0.000000000000000000 ) ) ;
#36 = CARTESIAN_POINT ( 'NONE',  ( -0.1750000000000002387, 0.2000000000000000111, 2.950000000000001066 ) ) ;
#37 = DIRECTION ( 'NONE',  ( 0.000000000000000000, -1.000000000000000000, 0.000000000000000000 ) ) ;
#38 = EDGE_CURVE ( 'NONE', #9574, #1936, #2077, .T. ) ;
#39 = FACE_OUTER_BOUND ( 'NONE', #7009, .T. ) ;
#40 = VERTEX_POINT ( 'NONE', #9406 ) ;
#41 = LINE ( 'NONE', #1238, #6560 ) ;
#42 = EDGE_CURVE ( 'NONE', #2803, #3906, #7249, .T. ) ;
#43 = PRESENTATION_STYLE_ASSIGNMENT (( #3563 ) ) ;
#44 = AXIS2_PLACEMENT_3D ( 'NONE', #6164, #9212, #6132 ) ;
#45 = ORIENTED_EDGE ( 'NONE', *, *, #6379, .T. ) ;
#46 = CARTESIAN_POINT ( 'NONE',  ( -3.500000000000000000, 0.2000000000000005107, 1.774999999999999689 ) ) ;
#47 = DIRECTION ( 'NONE',  ( -0.000000000000000000, -1.000000000000000000, -0.000000000000000000 ) ) ;
#48 =( NAMED_UNIT ( * ) PLANE_ANGLE_UNIT ( ) SI_UNIT ( $, .RADIAN. ) );
#49 = EDGE_CURVE ( 'NONE', #593, #3321, #3918, .T. ) ;
#50 = CARTESIAN_POINT ( 'NONE',  ( 2.950000000000000178, 0.000000000000000000, -0.4749999999999993117 ) ) ;
#51 = ORIENTED_EDGE ( 'NONE', *, *, #7798, .F. ) ;
#52 = ORIENTED_EDGE ( 'NONE', *, *, #1486, .T. ) ;
#53 = LINE ( 'NONE', #2418, #2408 ) ;
#54 = VECTOR ( 'NONE', #6617, 1000.000000000000000 ) ;
#55 = LINE ( 'NONE', #8140, #7687 ) ;
#56 = LINE ( 'NONE', #10155, #412 ) ;
#57 = EDGE_CURVE ( 'NONE', #4004, #9344, #3801, .T. ) ;
#58 = STYLED_ITEM ( 'NONE', ( #7795 ), #2628 ) ;
#59 = ORIENTED_EDGE ( 'NONE', *, *, #2949, .F. ) ;
#60 = FACE_OUTER_BOUND ( 'NONE', #9005, .T. ) ;
#61 = CARTESIAN_POINT ( 'NONE',  ( -3.500000000000000444, 0.8264982043070829842, -0.8250000000000001776 ) ) ;
#62 = CARTESIAN_POINT ( 'NONE',  ( 0.8249999999999997335, 0.04999999999999969746, -3.500000000000000444 ) ) ;
#63 = ORIENTED_EDGE ( 'NONE', *, *, #3415, .F. ) ;
#64 = PRESENTATION_STYLE_ASSIGNMENT (( #10132 ) ) ;
#65 = VECTOR ( 'NONE', #8371, 1000.000000000000000 ) ;
#66 = CARTESIAN_POINT ( 'NONE',  ( -2.125000000000000000, 0.1999999999999999833, 2.950000000000001066 ) ) ;
#67 =( NAMED_UNIT ( * ) SI_UNIT ( $, .STERADIAN. ) SOLID_ANGLE_UNIT ( ) );
#68 = VERTEX_POINT ( 'NONE', #2253 ) ;
#69 = VECTOR ( 'NONE', #6946, 1000.000000000000000 ) ;
#70 = PLANE ( 'NONE',  #3420 ) ;
#71 = CARTESIAN_POINT ( 'NONE',  ( -1.125000000000000222, 0.1999999999999999833, -3.500000000000000444 ) ) ;
#72 = CARTESIAN_POINT ( 'NONE',  ( 2.950000000000000178, 0.000000000000000000, 0.4749999999999997558 ) ) ;
#73 = VECTOR ( 'NONE', #2557, 1000.000000000000000 ) ;
#74 = MECHANICAL_DESIGN_GEOMETRIC_PRESENTATION_REPRESENTATION (  '', ( #4785 ), #606 ) ;
#75 = ORIENTED_EDGE ( 'NONE', *, *, #6352, .T. ) ;
#76 = DIRECTION ( 'NONE',  ( 0.000000000000000000, -1.000000000000000000, 0.000000000000000000 ) ) ;
#77 = ORIENTED_EDGE ( 'NONE', *, *, #5086, .F. ) ;
#78 = VECTOR ( 'NONE', #6171, 1000.000000000000000 ) ;
#79 = DIRECTION ( 'NONE',  ( 0.000000000000000000, 0.000000000000000000, -1.000000000000000000 ) ) ;
#80 = CARTESIAN_POINT ( 'NONE',  ( 2.950000000000000178, 0.8264982043070829842, -1.774999999999999245 ) ) ;
#81 = VECTOR ( 'NONE', #6563, 1000.000000000000000 ) ;
#82 = CARTESIAN_POINT ( 'NONE',  ( 2.425000000000000266, 0.8264982043070834283, 2.950000000000001066 ) ) ;
#83 = ORIENTED_EDGE ( 'NONE', *, *, #6702, .F. ) ;
#84 = ORIENTED_EDGE ( 'NONE', *, *, #8664, .T. ) ;
#85 =( GEOMETRIC_REPRESENTATION_CONTEXT ( 3 ) GLOBAL_UNCERTAINTY_ASSIGNED_CONTEXT ( ( #1973 ) ) GLOBAL_UNIT_ASSIGNED_CONTEXT ( ( #3492, #1144, #4253 ) ) REPRESENTATION_CONTEXT ( 'NONE', 'WORKASPACE' ) );
#86 = ORIENTED_EDGE ( 'NONE', *, *, #9788, .F. ) ;
#87 = VECTOR ( 'NONE', #603, 1000.000000000000000 ) ;
#88 = ORIENTED_EDGE ( 'NONE', *, *, #7434, .F. ) ;
#89 = EDGE_CURVE ( 'NONE', #3983, #8564, #1709, .T. ) ;
#90 = DIRECTION ( 'NONE',  ( -1.000000000000000000, 0.000000000000000000, -0.000000000000000000 ) ) ;
#91 = VECTOR ( 'NONE', #6292, 1000.000000000000000 ) ;
#92 = SURFACE_SIDE_STYLE ('',( #4057 ) ) ;
#93 = DIRECTION ( 'NONE',  ( 0.000000000000000000, 0.000000000000000000, -1.000000000000000000 ) ) ;
#94 = PRESENTATION_STYLE_ASSIGNMENT (( #3326 ) ) ;
#95 = CARTESIAN_POINT ( 'NONE',  ( 0.1750000000000006828, 0.1999999999999999833, 2.950000000000001066 ) ) ;
#96 = EDGE_CURVE ( 'NONE', #865, #3132, #4795, .T. ) ;
#97 = EDGE_LOOP ( 'NONE', ( #9450, #3484, #7218, #1513 ) ) ;
#98 = EDGE_LOOP ( 'NONE', ( #9622, #3410, #8454, #5184 ) ) ;
#99 = CARTESIAN_POINT ( 'NONE',  ( -2.425000000000000266, 0.000000000000000000, -2.950000000000000178 ) ) ;
#100 = VECTOR ( 'NONE', #2041, 1000.000000000000000 ) ;
#101 = EDGE_CURVE ( 'NONE', #9378, #7898, #6624, .T. ) ;
#102 = AXIS2_PLACEMENT_3D ( 'NONE', #5865, #3507, #6718 ) ;
#103 = DIRECTION ( 'NONE',  ( 0.000000000000000000, 0.000000000000000000, -1.000000000000000000 ) ) ;
#104 = LINE ( 'NONE', #9524, #3807 ) ;
#105 = DIRECTION ( 'NONE',  ( 0.000000000000000000, 0.000000000000000000, -1.000000000000000000 ) ) ;
#106 = CARTESIAN_POINT ( 'NONE',  ( 2.950000000000000178, 0.1999999999999999833, -2.125000000000000000 ) ) ;
#107 = CARTESIAN_POINT ( 'NONE',  ( -2.950000000000000178, 0.000000000000000000, 2.125000000000000888 ) ) ;
#108 = ORIENTED_EDGE ( 'NONE', *, *, #2969, .T. ) ;
#109 = EDGE_CURVE ( 'NONE', #9833, #7968, #6004, .T. ) ;
#110 = CARTESIAN_POINT ( 'NONE',  ( 0.8249999999999997335, 0.8264982043070834283, -3.500000000000000444 ) ) ;
#111 = CARTESIAN_POINT ( 'NONE',  ( -3.500000000000000444, 0.000000000000000000, -2.424999999999999378 ) ) ;
#112 = ORIENTED_EDGE ( 'NONE', *, *, #4671, .F. ) ;
#113 = EDGE_CURVE ( 'NONE', #4386, #4483, #2464, .T. ) ;
#114 = DIRECTION ( 'NONE',  ( -1.000000000000000000, 0.000000000000000000, -0.000000000000000000 ) ) ;
#115 = VECTOR ( 'NONE', #174, 1000.000000000000000 ) ;
#116 = DIRECTION ( 'NONE',  ( 0.000000000000000000, 0.000000000000000000, -1.000000000000000000 ) ) ;
#117 = FACE_OUTER_BOUND ( 'NONE', #3660, .T. ) ;
#118 = CARTESIAN_POINT ( 'NONE',  ( 2.950000000000000178, 0.8264982043070829842, -1.475000000000000089 ) ) ;
#119 = EDGE_CURVE ( 'NONE', #2329, #3132, #9067, .T. ) ;
#120 = ORIENTED_EDGE ( 'NONE', *, *, #3358, .F. ) ;
#121 = ORIENTED_EDGE ( 'NONE', *, *, #1182, .F. ) ;
#122 = VERTEX_POINT ( 'NONE', #9518 ) ;
#123 = DIRECTION ( 'NONE',  ( 1.000000000000000000, -0.000000000000000000, 0.000000000000000000 ) ) ;
#124 = MECHANICAL_DESIGN_GEOMETRIC_PRESENTATION_REPRESENTATION (  '', ( #7698 ), #3634 ) ;
#125 = EDGE_CURVE ( 'NONE', #5130, #7485, #717, .T. ) ;
#126 = FACE_OUTER_BOUND ( 'NONE', #5828, .T. ) ;
#127 = ORIENTED_EDGE ( 'NONE', *, *, #3742, .F. ) ;
#128 = ADVANCED_FACE ( 'NONE', ( #2830 ), #8683, .F. ) ;
#129 = VECTOR ( 'NONE', #9665, 1000.000000000000000 ) ;
#130 = CARTESIAN_POINT ( 'NONE',  ( 0.1750000000000006828, 0.8264982043070834283, 3.500000000000001332 ) ) ;
#131 = ORIENTED_EDGE ( 'NONE', *, *, #9246, .F. ) ;
#132 = UNCERTAINTY_MEASURE_WITH_UNIT (LENGTH_MEASURE( 1.000000000000000082E-05 ), #3865, 'distance_accuracy_value', 'NONE');
#133 = SURFACE_STYLE_USAGE ( .BOTH. , #7262 ) ;
#134 = EDGE_LOOP ( 'NONE', ( #2587, #5660, #7, #9677 ) ) ;
#135 = CARTESIAN_POINT ( 'NONE',  ( 0.4749999999999997558, 0.2000000000000000111, -3.500000000000000444 ) ) ;
#136 = VECTOR ( 'NONE', #5017, 1000.000000000000000 ) ;
#137 = AXIS2_PLACEMENT_3D ( 'NONE', #9881, #472, #5920 ) ;
#138 = CARTESIAN_POINT ( 'NONE',  ( 2.950000000000000178, 0.1999999999999999833, -0.8250000000000001776 ) ) ;
#139 = EDGE_LOOP ( 'NONE', ( #3247, #8326, #5423, #3417 ) ) ;
#140 = PLANE ( 'NONE',  #7973 ) ;
#141 = CARTESIAN_POINT ( 'NONE',  ( 0.000000000000000000, 0.2000000000000000111, 0.000000000000000000 ) ) ;
#142 = VERTEX_POINT ( 'NONE', #8644 ) ;
#143 = DIRECTION ( 'NONE',  ( -0.000000000000000000, -1.000000000000000000, -0.000000000000000000 ) ) ;
#144 = ORIENTED_EDGE ( 'NONE', *, *, #5202, .T. ) ;
#145 = CARTESIAN_POINT ( 'NONE',  ( 1.474999999999999645, 0.000000000000000000, -2.950000000000000178 ) ) ;
#146 = CARTESIAN_POINT ( 'NONE',  ( -2.950000000000000178, 0.1999999999999999833, 0.4749999999999997558 ) ) ;
#147 = VERTEX_POINT ( 'NONE', #3219 ) ;
#148 = DIRECTION ( 'NONE',  ( 0.000000000000000000, 1.000000000000000000, 0.000000000000000000 ) ) ;
#149 = DIRECTION ( 'NONE',  ( -1.000000000000000000, 0.000000000000000000, -1.845450506358305325E-16 ) ) ;
#150 = CARTESIAN_POINT ( 'NONE',  ( 2.425000000000000266, 0.000000000000000000, 2.950000000000001066 ) ) ;
#151 = LINE ( 'NONE', #486, #3498 ) ;
#152 = ORIENTED_EDGE ( 'NONE', *, *, #8267, .T. ) ;
#153 = ORIENTED_EDGE ( 'NONE', *, *, #4412, .F. ) ;
#154 = CARTESIAN_POINT ( 'NONE',  ( -2.950000000000000178, 0.8264982043070829842, -2.125000000000000000 ) ) ;
#155 = LINE ( 'NONE', #5449, #9772 ) ;
#156 = VERTEX_POINT ( 'NONE', #9482 ) ;
#157 = CARTESIAN_POINT ( 'NONE',  ( -3.500000000000000444, 0.1999999999999999833, 0.8250000000000006217 ) ) ;
#158 = VECTOR ( 'NONE', #7895, 1000.000000000000000 ) ;
#159 = ORIENTED_EDGE ( 'NONE', *, *, #3942, .F. ) ;
#160 = CARTESIAN_POINT ( 'NONE',  ( -2.350000000000000089, 0.1999999999999996503, -2.350000000000000533 ) ) ;
#161 = EDGE_CURVE ( 'NONE', #8996, #4821, #6613, .T. ) ;
#162 = DIRECTION ( 'NONE',  ( 0.000000000000000000, -1.000000000000000000, 0.000000000000000000 ) ) ;
#163 = ORIENTED_EDGE ( 'NONE', *, *, #4662, .T. ) ;
#164 = LINE ( 'NONE', #9541, #9372 ) ;
#165 = FILL_AREA_STYLE ('',( #3381 ) ) ;
#166 = EDGE_CURVE ( 'NONE', #4327, #3116, #7719, .T. ) ;
#167 = LINE ( 'NONE', #2263, #8399 ) ;
#168 = VECTOR ( 'NONE', #636, 1000.000000000000000 ) ;
#169 = DIRECTION ( 'NONE',  ( 1.000000000000000000, 0.000000000000000000, 0.000000000000000000 ) ) ;
#170 = ADVANCED_FACE ( 'NONE', ( #4300 ), #1693, .T. ) ;
#171 = CARTESIAN_POINT ( 'NONE',  ( -2.125000000000000888, 0.2000000000000000111, -2.950000000000000178 ) ) ;
#172 = VECTOR ( 'NONE', #35, 1000.000000000000000 ) ;
#173 = EDGE_LOOP ( 'NONE', ( #6186, #3668, #2985, #1771 ) ) ;
#174 = DIRECTION ( 'NONE',  ( -1.000000000000000000, 0.000000000000000000, 0.000000000000000000 ) ) ;
#175 = EDGE_CURVE ( 'NONE', #3452, #5847, #5640, .T. ) ;
#176 = CARTESIAN_POINT ( 'NONE',  ( 3.500000000000000444, 0.8264982043070829842, -0.1750000000000002387 ) ) ;
#177 = EDGE_LOOP ( 'NONE', ( #1023, #4579, #4592, #4679 ) ) ;
#178 = ORIENTED_EDGE ( 'NONE', *, *, #5506, .F. ) ;
#179 = AXIS2_PLACEMENT_3D ( 'NONE', #5862, #6579, #8841 ) ;
#180 = CARTESIAN_POINT ( 'NONE',  ( -2.950000000000000178, 0.000000000000000000, 1.774999999999999689 ) ) ;
#181 = LINE ( 'NONE', #8389, #5363 ) ;
#182 = VECTOR ( 'NONE', #1207, 1000.000000000000000 ) ;
#183 = DIRECTION ( 'NONE',  ( 1.000000000000000000, 0.000000000000000000, -0.000000000000000000 ) ) ;
#184 = SURFACE_STYLE_FILL_AREA ( #7568 ) ;
#185 = DIRECTION ( 'NONE',  ( -0.000000000000000000, -1.000000000000000000, -0.000000000000000000 ) ) ;
#186 = EDGE_LOOP ( 'NONE', ( #1950, #5545, #7124, #5569 ) ) ;
#187 = DIRECTION ( 'NONE',  ( 1.000000000000000000, 0.000000000000000000, 0.000000000000000000 ) ) ;
#188 = FACE_OUTER_BOUND ( 'NONE', #8943, .T. ) ;
#189 = MECHANICAL_DESIGN_GEOMETRIC_PRESENTATION_REPRESENTATION (  '', ( #8668 ), #8105 ) ;
#190 = FILL_AREA_STYLE_COLOUR ( '', #6555 ) ;
#191 = VERTEX_POINT ( 'NONE', #6397 ) ;
#192 = PLANE ( 'NONE',  #1511 ) ;
#193 = ORIENTED_EDGE ( 'NONE', *, *, #1255, .F. ) ;
#194 = LINE ( 'NONE', #4953, #8071 ) ;
#195 = DIRECTION ( 'NONE',  ( -1.845450506358305572E-16, 0.000000000000000000, 1.000000000000000000 ) ) ;
#196 = LINE ( 'NONE', #4185, #2816 ) ;
#197 = ORIENTED_EDGE ( 'NONE', *, *, #2898, .F. ) ;
#198 = CARTESIAN_POINT ( 'NONE',  ( 1.474999999999999645, 0.04999999999999999584, -2.950000000000000178 ) ) ;
#199 = EDGE_LOOP ( 'NONE', ( #8324, #3939, #4429, #1705 ) ) ;
#200 = DIRECTION ( 'NONE',  ( 0.000000000000000000, 1.000000000000000000, 0.000000000000000000 ) ) ;
#201 = DIRECTION ( 'NONE',  ( -1.000000000000000000, 0.000000000000000000, 0.000000000000000000 ) ) ;
#202 = ORIENTED_EDGE ( 'NONE', *, *, #1504, .T. ) ;
#203 = CARTESIAN_POINT ( 'NONE',  ( 0.1749999999999998224, 0.2000000000000005107, -3.500000000000000000 ) ) ;
#204 = CARTESIAN_POINT ( 'NONE',  ( -1.124999999999999334, 0.8264982043070834283, 2.950000000000001066 ) ) ;
#205 = AXIS2_PLACEMENT_3D ( 'NONE', #1214, #468, #1276 ) ;
#206 = VECTOR ( 'NONE', #1556, 1000.000000000000000 ) ;
#207 = CARTESIAN_POINT ( 'NONE',  ( -2.950000000000000178, 0.1999999999999999833, -0.1750000000000002387 ) ) ;
#208 = COLOUR_RGB ( '',0.7921568627450980005, 0.8196078431372548767, 0.9333333333333333481 ) ;
#209 = ORIENTED_EDGE ( 'NONE', *, *, #7378, .F. ) ;
#210 = CARTESIAN_POINT ( 'NONE',  ( -2.950000000000000178, 0.8264982043070829842, -0.8250000000000001776 ) ) ;
#211 = ORIENTED_EDGE ( 'NONE', *, *, #768, .T. ) ;
#212 = CARTESIAN_POINT ( 'NONE',  ( 0.000000000000000000, 0.000000000000000000, 0.000000000000000000 ) ) ;
#213 = ORIENTED_EDGE ( 'NONE', *, *, #4595, .F. ) ;
#214 = ORIENTED_EDGE ( 'NONE', *, *, #9068, .F. ) ;
#215 = LINE ( 'NONE', #7560, #4788 ) ;
#216 = PLANE ( 'NONE',  #3672 ) ;
#217 = COLOUR_RGB ( '',0.7921568627450980005, 0.8196078431372548767, 0.9333333333333333481 ) ;
#218 = ADVANCED_FACE ( 'NONE', ( #3556 ), #4803, .F. ) ;
#219 = AXIS2_PLACEMENT_3D ( 'NONE', #7054, #5480, #7018 ) ;
#220 = EDGE_LOOP ( 'NONE', ( #5361, #666, #7779, #9762 ) ) ;
#221 = EDGE_CURVE ( 'NONE', #864, #824, #5161, .T. ) ;
#222 = ORIENTED_EDGE ( 'NONE', *, *, #6615, .F. ) ;
#223 = DIRECTION ( 'NONE',  ( 0.000000000000000000, -0.000000000000000000, -1.000000000000000000 ) ) ;
#224 = ADVANCED_FACE ( 'NONE', ( #5035 ), #70, .F. ) ;
#225 = LINE ( 'NONE', #9920, #5890 ) ;
#226 = PLANE ( 'NONE',  #2483 ) ;
#227 = DIRECTION ( 'NONE',  ( -1.000000000000000000, 0.000000000000000000, 0.000000000000000000 ) ) ;
#228 = EDGE_CURVE ( 'NONE', #7430, #7503, #6735, .T. ) ;
#229 = FACE_OUTER_BOUND ( 'NONE', #8232, .T. ) ;
#230 = ORIENTED_EDGE ( 'NONE', *, *, #8157, .F. ) ;
#231 = ORIENTED_EDGE ( 'NONE', *, *, #9170, .F. ) ;
#232 = ORIENTED_EDGE ( 'NONE', *, *, #6306, .T. ) ;
#233 = ORIENTED_EDGE ( 'NONE', *, *, #125, .T. ) ;
#234 = EDGE_CURVE ( 'NONE', #3618, #8515, #4535, .T. ) ;
#235 = ORIENTED_EDGE ( 'NONE', *, *, #7808, .T. ) ;
#236 = ORIENTED_EDGE ( 'NONE', *, *, #7424, .T. ) ;
#237 = DIRECTION ( 'NONE',  ( -0.000000000000000000, -1.000000000000000000, -0.000000000000000000 ) ) ;
#238 = DIRECTION ( 'NONE',  ( 1.000000000000000000, -0.000000000000000000, -0.000000000000000000 ) ) ;
#239 = CARTESIAN_POINT ( 'NONE',  ( -0.1750000000000010991, 0.1999999999999999833, -2.950000000000000178 ) ) ;
#240 = LINE ( 'NONE', #7907, #8350 ) ;
#241 = DIRECTION ( 'NONE',  ( -0.000000000000000000, -0.000000000000000000, 1.000000000000000000 ) ) ;
#242 = DIRECTION ( 'NONE',  ( -0.000000000000000000, -1.000000000000000000, -0.000000000000000000 ) ) ;
#243 = CLOSED_SHELL ( 'NONE', ( #2240, #3693, #9903, #4734, #320, #7559 ) ) ;
#244 = EDGE_CURVE ( 'NONE', #1250, #368, #3789, .T. ) ;
#245 = DIRECTION ( 'NONE',  ( -1.000000000000000000, 0.000000000000000000, 0.000000000000000000 ) ) ;
#246 = ORIENTED_EDGE ( 'NONE', *, *, #414, .F. ) ;
#248 = EDGE_CURVE ( 'NONE', #5740, #3301, #9685, .T. ) ;
#247 = FACE_OUTER_BOUND ( 'NONE', #9238, .T. ) ;
#249 = CARTESIAN_POINT ( 'NONE',  ( 2.950000000000000178, 0.1999999999999999833, -1.475000000000000089 ) ) ;
#250 = STYLED_ITEM ( 'NONE', ( #4999 ), #1837 ) ;
#251 = ORIENTED_EDGE ( 'NONE', *, *, #4083, .T. ) ;
#252 = EDGE_CURVE ( 'NONE', #3205, #3289, #2194, .T. ) ;
#253 = EDGE_LOOP ( 'NONE', ( #2889, #8788, #10138, #3877 ) ) ;
#254 = DIRECTION ( 'NONE',  ( 1.577021341797097018E-15, 0.000000000000000000, -1.000000000000000000 ) ) ;
#255 = DIRECTION ( 'NONE',  ( -1.000000000000000000, 0.000000000000000000, 1.577021341797097215E-15 ) ) ;
#256 = ORIENTED_EDGE ( 'NONE', *, *, #4350, .F. ) ;
#257 = DIRECTION ( 'NONE',  ( -1.000000000000000000, 0.000000000000000000, 0.000000000000000000 ) ) ;
#258 = ORIENTED_EDGE ( 'NONE', *, *, #8463, .T. ) ;
#259 = ORIENTED_EDGE ( 'NONE', *, *, #3478, .T. ) ;
#260 = LINE ( 'NONE', #6549, #890 ) ;
#261 = CARTESIAN_POINT ( 'NONE',  ( -3.500000000000000444, 0.000000000000000000, 0.1750000000000006828 ) ) ;
#262 = AXIS2_PLACEMENT_3D ( 'NONE', #7510, #7540, #9883 ) ;
#263 = VERTEX_POINT ( 'NONE', #106 ) ;
#264 = CARTESIAN_POINT ( 'NONE',  ( -0.8250000000000010658, 0.000000000000000000, -2.950000000000000178 ) ) ;
#265 = ADVANCED_FACE ( 'NONE', ( #1576 ), #4087, .T. ) ;
#266 = CARTESIAN_POINT ( 'NONE',  ( -3.500000000000000444, 0.04999999999999969746, 1.774999999999999689 ) ) ;
#267 = ORIENTED_EDGE ( 'NONE', *, *, #9394, .T. ) ;
#268 = DIRECTION ( 'NONE',  ( -0.000000000000000000, -0.000000000000000000, 1.000000000000000000 ) ) ;
#269 = DIRECTION ( 'NONE',  ( 0.000000000000000000, 0.000000000000000000, 1.000000000000000000 ) ) ;
#270 = CARTESIAN_POINT ( 'NONE',  ( 0.8249999999999997335, 0.000000000000000000, -3.500000000000000444 ) ) ;
#271 = ADVANCED_FACE ( 'NONE', ( #1087 ), #3385, .F. ) ;
#272 = VECTOR ( 'NONE', #2857, 1000.000000000000000 ) ;
#273 = VECTOR ( 'NONE', #10079, 1000.000000000000000 ) ;
#274 = VERTEX_POINT ( 'NONE', #8826 ) ;
#275 = DIRECTION ( 'NONE',  ( 0.000000000000000000, -1.000000000000000000, 0.000000000000000000 ) ) ;
#276 = EDGE_CURVE ( 'NONE', #7533, #1210, #10035, .T. ) ;
#277 = DIRECTION ( 'NONE',  ( 0.000000000000000000, 1.000000000000000000, 0.000000000000000000 ) ) ;
#278 = VECTOR ( 'NONE', #9737, 1000.000000000000000 ) ;
#279 = VERTEX_POINT ( 'NONE', #9655 ) ;
#280 = FACE_OUTER_BOUND ( 'NONE', #2117, .T. ) ;
#281 = VECTOR ( 'NONE', #2749, 1000.000000000000000 ) ;
#282 = ORIENTED_EDGE ( 'NONE', *, *, #8994, .F. ) ;
#283 = CARTESIAN_POINT ( 'NONE',  ( -2.950000000000000178, 0.1999999999999999833, -1.124999999999999334 ) ) ;
#284 = PLANE ( 'NONE',  #2725 ) ;
#285 = EDGE_CURVE ( 'NONE', #6477, #4216, #7608, .T. ) ;
#286 = PLANE ( 'NONE',  #1880 ) ;
#287 = CARTESIAN_POINT ( 'NONE',  ( 0.4750000000000005884, 0.1999999999999999833, 3.500000000000001332 ) ) ;
#288 = ORIENTED_EDGE ( 'NONE', *, *, #1047, .F. ) ;
#289 = LINE ( 'NONE', #7866, #7198 ) ;
#290 = LINE ( 'NONE', #9466, #1176 ) ;
#291 = VECTOR ( 'NONE', #6345, 1000.000000000000000 ) ;
#292 = EDGE_CURVE ( 'NONE', #6834, #1067, #7966, .T. ) ;
#293 = EDGE_CURVE ( 'NONE', #3213, #9143, #706, .T. ) ;
#294 = ORIENTED_EDGE ( 'NONE', *, *, #109, .F. ) ;
#295 = VECTOR ( 'NONE', #4489, 1000.000000000000000 ) ;
#296 = PLANE ( 'NONE',  #6182 ) ;
#297 = ORIENTED_EDGE ( 'NONE', *, *, #6936, .F. ) ;
#298 = DIRECTION ( 'NONE',  ( 0.000000000000000000, 0.000000000000000000, 1.000000000000000000 ) ) ;
#299 = SURFACE_SIDE_STYLE ('',( #7991 ) ) ;
#300 = DIRECTION ( 'NONE',  ( 0.000000000000000000, 1.000000000000000000, 0.000000000000000000 ) ) ;
#301 = LINE ( 'NONE', #1589, #7082 ) ;
#302 = EDGE_CURVE ( 'NONE', #1724, #3718, #2702, .T. ) ;
#303 = CARTESIAN_POINT ( 'NONE',  ( 2.950000000000000178, 0.8264982043070829842, -2.125000000000000000 ) ) ;
#304 = AXIS2_PLACEMENT_3D ( 'NONE', #8486, #6304, #6953 ) ;
#305 = DIRECTION ( 'NONE',  ( 0.000000000000000000, 0.000000000000000000, -1.000000000000000000 ) ) ;
#306 = EDGE_CURVE ( 'NONE', #4207, #2932, #5518, .T. ) ;
#307 = ORIENTED_EDGE ( 'NONE', *, *, #5271, .T. ) ;
#308 = VECTOR ( 'NONE', #8616, 1000.000000000000000 ) ;
#309 = CARTESIAN_POINT ( 'NONE',  ( 1.124999999999999778, 0.1999999999999999833, -3.500000000000000444 ) ) ;
#311 = VECTOR ( 'NONE', #3762, 1000.000000000000000 ) ;
#310 = CARTESIAN_POINT ( 'NONE',  ( -2.950000000000000178, 0.1999999999999999833, 0.1750000000000006828 ) ) ;
#312 = DIRECTION ( 'NONE',  ( -0.000000000000000000, -1.000000000000000000, -0.000000000000000000 ) ) ;
#313 = ORIENTED_EDGE ( 'NONE', *, *, #5605, .F. ) ;
#314 = ADVANCED_FACE ( 'NONE', ( #2823 ), #8451, .F. ) ;
#315 = ORIENTED_EDGE ( 'NONE', *, *, #8346, .F. ) ;
#316 = FACE_OUTER_BOUND ( 'NONE', #8581, .T. ) ;
#317 = PLANE ( 'NONE',  #5420 ) ;
#318 = CARTESIAN_POINT ( 'NONE',  ( -0.1749999999999993783, 0.8264982043070834283, 3.500000000000001332 ) ) ;
#319 = AXIS2_PLACEMENT_3D ( 'NONE', #5133, #4377, #257 ) ;
#320 = ADVANCED_FACE ( 'NONE', ( #9424 ), #1375, .F. ) ;
#321 = SURFACE_STYLE_FILL_AREA ( #3975 ) ;
#322 = DIRECTION ( 'NONE',  ( 0.000000000000000000, 0.000000000000000000, -1.000000000000000000 ) ) ;
#323 = ORIENTED_EDGE ( 'NONE', *, *, #6554, .T. ) ;
#325 = ORIENTED_EDGE ( 'NONE', *, *, #4933, .T. ) ;
#324 = PLANE ( 'NONE',  #3858 ) ;
#326 = LINE ( 'NONE', #637, #7113 ) ;
#327 = DIRECTION ( 'NONE',  ( 0.000000000000000000, 1.000000000000000000, 0.000000000000000000 ) ) ;
#328 = VECTOR ( 'NONE', #9107, 1000.000000000000000 ) ;
#329 = FILL_AREA_STYLE_COLOUR ( '', #2601 ) ;
#330 = CARTESIAN_POINT ( 'NONE',  ( -2.950000000000000178, 0.05000000000000002359, -2.125000000000000000 ) ) ;
#331 = ORIENTED_EDGE ( 'NONE', *, *, #9002, .T. ) ;
#332 = DIRECTION ( 'NONE',  ( 0.000000000000000000, -0.000000000000000000, 1.000000000000000000 ) ) ;
#333 = EDGE_LOOP ( 'NONE', ( #10043, #4463, #6547, #816 ) ) ;
#334 = AXIS2_PLACEMENT_3D ( 'NONE', #2467, #1725, #7936 ) ;
#335 = CARTESIAN_POINT ( 'NONE',  ( 2.950000000000000178, 0.000000000000000000, -2.125000000000000000 ) ) ;
#336 = SURFACE_STYLE_FILL_AREA ( #653 ) ;
#337 = LINE ( 'NONE', #8969, #6376 ) ;
#338 = DIRECTION ( 'NONE',  ( 0.000000000000000000, -1.000000000000000000, 0.000000000000000000 ) ) ;
#339 = VECTOR ( 'NONE', #5762, 1000.000000000000000 ) ;
#340 = SURFACE_STYLE_USAGE ( .BOTH. , #9007 ) ;
#341 = AXIS2_PLACEMENT_3D ( 'NONE', #5044, #1117, #2073 ) ;
#342 = EDGE_LOOP ( 'NONE', ( #5608, #459, #9114, #6140 ) ) ;
#343 = ORIENTED_EDGE ( 'NONE', *, *, #853, .T. ) ;
#344 = CARTESIAN_POINT ( 'NONE',  ( 3.500000000000000444, 0.1999999999999999833, -0.1750000000000002387 ) ) ;
#345 = ORIENTED_EDGE ( 'NONE', *, *, #4484, .F. ) ;
#346 = ORIENTED_EDGE ( 'NONE', *, *, #9894, .T. ) ;
#347 = VECTOR ( 'NONE', #4192, 1000.000000000000000 ) ;
#348 = VECTOR ( 'NONE', #5555, 1000.000000000000000 ) ;
#349 = EDGE_CURVE ( 'NONE', #5691, #7539, #9553, .T. ) ;
#350 = DIRECTION ( 'NONE',  ( 0.000000000000000000, 0.000000000000000000, -1.000000000000000000 ) ) ;
#351 = ORIENTED_EDGE ( 'NONE', *, *, #3224, .T. ) ;
#352 = ORIENTED_EDGE ( 'NONE', *, *, #4292, .T. ) ;
#353 = ORIENTED_EDGE ( 'NONE', *, *, #3543, .T. ) ;
#354 = DIRECTION ( 'NONE',  ( 1.000000000000000000, -0.000000000000000000, -1.239088197126290570E-16 ) ) ;
#355 = EDGE_CURVE ( 'NONE', #7882, #1220, #8432, .T. ) ;
#356 = LINE ( 'NONE', #8097, #6764 ) ;
#357 = CARTESIAN_POINT ( 'NONE',  ( 0.8249999999999997335, 0.1999999999999999833, -3.500000000000000444 ) ) ;
#358 = VERTEX_POINT ( 'NONE', #9148 ) ;
#359 = LINE ( 'NONE', #2618, #3715 ) ;
#360 = EDGE_CURVE ( 'NONE', #635, #10168, #5768, .T. ) ;
#361 = ORIENTED_EDGE ( 'NONE', *, *, #2413, .T. ) ;
#362 = DIRECTION ( 'NONE',  ( 0.000000000000000000, -1.000000000000000000, 0.000000000000000000 ) ) ;
#363 = ORIENTED_EDGE ( 'NONE', *, *, #554, .F. ) ;
#364 = DIRECTION ( 'NONE',  ( 0.000000000000000000, 1.000000000000000000, 0.000000000000000000 ) ) ;
#365 = ADVANCED_FACE ( 'NONE', ( #7366 ), #10001, .T. ) ;
#366 = DIRECTION ( 'NONE',  ( 0.000000000000000000, -1.000000000000000000, 0.000000000000000000 ) ) ;
#367 = AXIS2_PLACEMENT_3D ( 'NONE', #941, #5584, #3320 ) ;
#368 = VERTEX_POINT ( 'NONE', #9968 ) ;
#369 = DIRECTION ( 'NONE',  ( 1.000000000000000000, 0.000000000000000000, -0.000000000000000000 ) ) ;
#370 = ORIENTED_EDGE ( 'NONE', *, *, #8715, .T. ) ;
#371 = DIRECTION ( 'NONE',  ( -1.577021341797097018E-15, -0.000000000000000000, -1.000000000000000000 ) ) ;
#372 = VECTOR ( 'NONE', #8727, 1000.000000000000000 ) ;
#373 = EDGE_CURVE ( 'NONE', #4676, #8238, #581, .T. ) ;
#374 = ADVANCED_FACE ( 'NONE', ( #8942 ), #8384, .T. ) ;
#375 = VERTEX_POINT ( 'NONE', #2198 ) ;
#376 = DIRECTION ( 'NONE',  ( 1.000000000000000000, 0.000000000000000000, -0.000000000000000000 ) ) ;
#377 = DIRECTION ( 'NONE',  ( -1.000000000000000000, 0.000000000000000000, 0.000000000000000000 ) ) ;
#378 = ORIENTED_EDGE ( 'NONE', *, *, #10169, .F. ) ;
#379 = EDGE_CURVE ( 'NONE', #6917, #2064, #326, .T. ) ;
#380 = CARTESIAN_POINT ( 'NONE',  ( 1.774999999999999689, 0.000000000000000000, 2.950000000000001066 ) ) ;
#381 = LINE ( 'NONE', #9402, #5092 ) ;
#382 = AXIS2_PLACEMENT_3D ( 'NONE', #1151, #8310, #6677 ) ;
#383 = VERTEX_POINT ( 'NONE', #7594 ) ;
#384 = CARTESIAN_POINT ( 'NONE',  ( -2.950000000000000178, 0.000000000000000000, 0.4749999999999997558 ) ) ;
#385 = EDGE_LOOP ( 'NONE', ( #4458, #236, #5085, #7075, #7632, #8102, #4091, #8736, #2141, #6263, #2713, #4966, #1200, #1854, #6449, #8582, #3505, #3940, #7052, #9631, #5859, #9733, #3699, #7700, #7134, #1461, #3302, #1683, #391, #1692, #6512, #5331, #9190, #6678, #2997, #2652 ) ) ;
#386 = DIRECTION ( 'NONE',  ( -1.000000000000000000, 0.000000000000000000, 0.000000000000000000 ) ) ;
#387 = DIRECTION ( 'NONE',  ( 0.000000000000000000, -1.000000000000000000, 0.000000000000000000 ) ) ;
#388 = CARTESIAN_POINT ( 'NONE',  ( 1.774999999999998801, 0.2000000000000000111, -2.950000000000000178 ) ) ;
#389 = VECTOR ( 'NONE', #5796, 1000.000000000000000 ) ;
#390 = CARTESIAN_POINT ( 'NONE',  ( -2.424999999999999378, 0.2000000000000002054, 3.500000000000001332 ) ) ;
#391 = ORIENTED_EDGE ( 'NONE', *, *, #5580, .T. ) ;
#392 = DIRECTION ( 'NONE',  ( 0.000000000000000000, 0.000000000000000000, 1.000000000000000000 ) ) ;
#393 = EDGE_LOOP ( 'NONE', ( #2155, #922, #5994, #7334 ) ) ;
#394 = AXIS2_PLACEMENT_3D ( 'NONE', #2067, #2838, #2806 ) ;
#395 = SURFACE_STYLE_USAGE ( .BOTH. , #5946 ) ;
#396 = PLANE ( 'NONE',  #6789 ) ;
#397 = LINE ( 'NONE', #1909, #5124 ) ;
#398 = VERTEX_POINT ( 'NONE', #3649 ) ;
#399 = VECTOR ( 'NONE', #1741, 1000.000000000000000 ) ;
#400 = CARTESIAN_POINT ( 'NONE',  ( 2.950000000000000178, 0.1999999999999999833, -0.8250000000000001776 ) ) ;
#401 = VECTOR ( 'NONE', #5470, 1000.000000000000000 ) ;
#402 = ORIENTED_EDGE ( 'NONE', *, *, #5265, .F. ) ;
#403 = DIRECTION ( 'NONE',  ( 1.000000000000000000, 0.000000000000000000, 0.000000000000000000 ) ) ;
#404 = CARTESIAN_POINT ( 'NONE',  ( -1.475000000000000089, 0.2000000000000000111, 2.950000000000001066 ) ) ;
#405 = ORIENTED_EDGE ( 'NONE', *, *, #2368, .F. ) ;
#406 = ORIENTED_EDGE ( 'NONE', *, *, #5977, .T. ) ;
#407 = LINE ( 'NONE', #4985, #8516 ) ;
#408 = CARTESIAN_POINT ( 'NONE',  ( -0.1750000000000010991, 0.2000000000000000111, -2.950000000000000178 ) ) ;
#409 = CARTESIAN_POINT ( 'NONE',  ( 2.350000000000000089, 0.000000000000000000, 2.350000000000000533 ) ) ;
#410 = VECTOR ( 'NONE', #123, 1000.000000000000000 ) ;
#411 = CARTESIAN_POINT ( 'NONE',  ( 2.350000000000000089, 0.000000000000000000, -2.350000000000000089 ) ) ;
#412 = VECTOR ( 'NONE', #9447, 1000.000000000000000 ) ;
#413 = ORIENTED_EDGE ( 'NONE', *, *, #3933, .T. ) ;
#414 = EDGE_CURVE ( 'NONE', #8064, #3611, #5881, .T. ) ;
#415 = CARTESIAN_POINT ( 'NONE',  ( -2.125000000000005773, 0.05000000000000000278, -3.351170351318840851E-15 ) ) ;
#416 = CLOSED_SHELL ( 'NONE', ( #9280, #6258, #6673, #5196, #2778, #2246 ) ) ;
#417 = VECTOR ( 'NONE', #2178, 1000.000000000000000 ) ;
#418 = ORIENTED_EDGE ( 'NONE', *, *, #3405, .F. ) ;
#419 = ADVANCED_FACE ( 'NONE', ( #9810 ), #5262, .T. ) ;
#420 = ORIENTED_EDGE ( 'NONE', *, *, #2638, .T. ) ;
#421 = EDGE_CURVE ( 'NONE', #2529, #1859, #6125, .T. ) ;
#422 = VECTOR ( 'NONE', #7784, 1000.000000000000000 ) ;
#423 = VECTOR ( 'NONE', #7119, 1000.000000000000000 ) ;
#424 = DIRECTION ( 'NONE',  ( 0.000000000000000000, 1.000000000000000000, 0.000000000000000000 ) ) ;
#425 = FACE_OUTER_BOUND ( 'NONE', #3335, .T. ) ;
#426 = DIRECTION ( 'NONE',  ( -1.000000000000000000, 0.000000000000000000, 1.239088197126290817E-16 ) ) ;
#427 = ADVANCED_FACE ( 'NONE', ( #3185 ), #6855, .F. ) ;
#428 = EDGE_CURVE ( 'NONE', #1230, #5058, #3062, .T. ) ;
#429 = DIRECTION ( 'NONE',  ( 0.000000000000000000, 0.000000000000000000, -1.000000000000000000 ) ) ;
#430 = VERTEX_POINT ( 'NONE', #7753 ) ;
#431 = LINE ( 'NONE', #5854, #8787 ) ;
#432 = DIRECTION ( 'NONE',  ( 0.000000000000000000, 0.000000000000000000, -1.000000000000000000 ) ) ;
#433 = FACE_OUTER_BOUND ( 'NONE', #2854, .T. ) ;
#434 = FACE_OUTER_BOUND ( 'NONE', #2011, .T. ) ;
#435 = CARTESIAN_POINT ( 'NONE',  ( -2.950000000000000178, 0.8264982043070829842, 1.475000000000000533 ) ) ;
#436 = EDGE_CURVE ( 'NONE', #10126, #6927, #4911, .T. ) ;
#437 = MANIFOLD_SOLID_BREP ( 'LPattern4[7]', #7197 ) ;
#438 = ORIENTED_EDGE ( 'NONE', *, *, #2765, .F. ) ;
#439 = DIRECTION ( 'NONE',  ( 0.000000000000000000, -0.000000000000000000, 1.000000000000000000 ) ) ;
#440 = EDGE_LOOP ( 'NONE', ( #4315, #7914, #6209, #673 ) ) ;
#441 = VECTOR ( 'NONE', #9771, 1000.000000000000000 ) ;
#442 =( LENGTH_UNIT ( ) NAMED_UNIT ( * ) SI_UNIT ( .MILLI., .METRE. ) );
#443 = DIRECTION ( 'NONE',  ( -0.000000000000000000, -1.000000000000000000, -0.000000000000000000 ) ) ;
#444 = LINE ( 'NONE', #8828, #3294 ) ;
#445 = EDGE_CURVE ( 'NONE', #2419, #6520, #455, .T. ) ;
#446 = VECTOR ( 'NONE', #8462, 1000.000000000000000 ) ;
#447 = EDGE_LOOP ( 'NONE', ( #3945, #2245, #7026, #2196 ) ) ;
#448 = STYLED_ITEM ( 'NONE', ( #9396 ), #1518 ) ;
#449 = EDGE_CURVE ( 'NONE', #3586, #5937, #8424, .T. ) ;
#450 = DIRECTION ( 'NONE',  ( 0.000000000000000000, 1.000000000000000000, 0.000000000000000000 ) ) ;
#451 = VERTEX_POINT ( 'NONE', #775 ) ;
#452 = CARTESIAN_POINT ( 'NONE',  ( -2.950000000000000178, 0.8264982043070829842, -2.125000000000000000 ) ) ;
#453 = UNCERTAINTY_MEASURE_WITH_UNIT (LENGTH_MEASURE( 1.000000000000000082E-05 ), #9793, 'distance_accuracy_value', 'NONE');
#454 = ORIENTED_EDGE ( 'NONE', *, *, #1643, .T. ) ;
#455 = LINE ( 'NONE', #3911, #8554 ) ;
#456 = LINE ( 'NONE', #4016, #5883 ) ;
#457 = VECTOR ( 'NONE', #6977, 1000.000000000000000 ) ;
#458 = VERTEX_POINT ( 'NONE', #5392 ) ;
#459 = ORIENTED_EDGE ( 'NONE', *, *, #302, .F. ) ;
#460 = DIRECTION ( 'NONE',  ( -1.577021341797097215E-15, 0.000000000000000000, 1.000000000000000000 ) ) ;
#461 = ORIENTED_EDGE ( 'NONE', *, *, #788, .T. ) ;
#462 =( GEOMETRIC_REPRESENTATION_CONTEXT ( 3 ) GLOBAL_UNCERTAINTY_ASSIGNED_CONTEXT ( ( #9576 ) ) GLOBAL_UNIT_ASSIGNED_CONTEXT ( ( #8291, #8323, #9966 ) ) REPRESENTATION_CONTEXT ( 'NONE', 'WORKASPACE' ) );
#463 = LINE ( 'NONE', #1377, #8944 ) ;
#464 = DIRECTION ( 'NONE',  ( -1.000000000000000000, 0.000000000000000000, 0.000000000000000000 ) ) ;
#466 = LINE ( 'NONE', #6832, #4434 ) ;
#465 = DIRECTION ( 'NONE',  ( 0.000000000000000000, 0.000000000000000000, -1.000000000000000000 ) ) ;
#467 = EDGE_LOOP ( 'NONE', ( #1012, #9027, #7177, #7800 ) ) ;
#468 = DIRECTION ( 'NONE',  ( -0.000000000000000000, 0.000000000000000000, -1.000000000000000000 ) ) ;
#469 = ORIENTED_EDGE ( 'NONE', *, *, #641, .F. ) ;
#470 = EDGE_LOOP ( 'NONE', ( #8661, #3022, #7683, #2598 ) ) ;
#471 = LINE ( 'NONE', #1783, #3691 ) ;
#472 = DIRECTION ( 'NONE',  ( -1.000000000000000000, 0.000000000000000000, 1.577021341797097215E-15 ) ) ;
#473 = ADVANCED_FACE ( 'NONE', ( #9912 ), #7781, .T. ) ;
#474 = DIRECTION ( 'NONE',  ( -6.195440985631454085E-17, -0.000000000000000000, 1.000000000000000000 ) ) ;
#475 = FILL_AREA_STYLE_COLOUR ( '', #2403 ) ;
#476 = VECTOR ( 'NONE', #5366, 1000.000000000000000 ) ;
#477 = AXIS2_PLACEMENT_3D ( 'NONE', #9368, #2434, #1560 ) ;
#478 = DIRECTION ( 'NONE',  ( -0.000000000000000000, -1.000000000000000000, -0.000000000000000000 ) ) ;
#479 = ORIENTED_EDGE ( 'NONE', *, *, #7230, .F. ) ;
#481 = ORIENTED_EDGE ( 'NONE', *, *, #9849, .T. ) ;
#480 = ADVANCED_FACE ( 'NONE', ( #8685 ), #2374, .T. ) ;
#482 = CLOSED_SHELL ( 'NONE', ( #1995, #1992, #575, #6776, #5487, #3133 ) ) ;
#483 = DIRECTION ( 'NONE',  ( 0.000000000000000000, 1.000000000000000000, 0.000000000000000000 ) ) ;
#484 = VERTEX_POINT ( 'NONE', #12 ) ;
#485 = LINE ( 'NONE', #3369, #8585 ) ;
#486 = CARTESIAN_POINT ( 'NONE',  ( 0.4749999999999997558, 0.000000000000000000, 2.950000000000001066 ) ) ;
#487 = ORIENTED_EDGE ( 'NONE', *, *, #9258, .T. ) ;
#488 = DIRECTION ( 'NONE',  ( -0.000000000000000000, -1.000000000000000000, -0.000000000000000000 ) ) ;
#489 = LINE ( 'NONE', #3418, #7635 ) ;
#490 = CARTESIAN_POINT ( 'NONE',  ( 1.775000000000000577, 0.000000000000000000, 3.500000000000001332 ) ) ;
#491 = ORIENTED_EDGE ( 'NONE', *, *, #7095, .F. ) ;
#492 = EDGE_LOOP ( 'NONE', ( #2926, #4556, #7163, #4126 ) ) ;
#493 = VERTEX_POINT ( 'NONE', #9419 ) ;
#494 = EDGE_CURVE ( 'NONE', #8256, #3711, #6843, .T. ) ;
#495 = DIRECTION ( 'NONE',  ( 1.577021341797097018E-15, 0.000000000000000000, -1.000000000000000000 ) ) ;
#496 = CARTESIAN_POINT ( 'NONE',  ( -1.475000000000000977, 0.8264982043070834283, -2.950000000000000178 ) ) ;
#497 = DIRECTION ( 'NONE',  ( 1.000000000000000000, -0.000000000000000000, -0.000000000000000000 ) ) ;
#498 = CARTESIAN_POINT ( 'NONE',  ( 2.950000000000000178, 0.8264982043070829842, -0.4749999999999993117 ) ) ;
#499 = EDGE_LOOP ( 'NONE', ( #7598, #7989, #4941, #2603 ) ) ;
#500 = EDGE_CURVE ( 'NONE', #9824, #5550, #570, .T. ) ;
#501 = CARTESIAN_POINT ( 'NONE',  ( 2.424999999999999378, 0.2000000000000000111, -2.950000000000000178 ) ) ;
#502 = VERTEX_POINT ( 'NONE', #672 ) ;
#503 =( LENGTH_UNIT ( ) NAMED_UNIT ( * ) SI_UNIT ( .MILLI., .METRE. ) );
#505 = EDGE_CURVE ( 'NONE', #7125, #2525, #2065, .T. ) ;
#504 = LINE ( 'NONE', #2229, #8026 ) ;
#506 =( NAMED_UNIT ( * ) PLANE_ANGLE_UNIT ( ) SI_UNIT ( $, .RADIAN. ) );
#507 = CARTESIAN_POINT ( 'NONE',  ( 0.000000000000000000, 0.000000000000000000, 1.300000000000000044 ) ) ;
#508 = ORIENTED_EDGE ( 'NONE', *, *, #1643, .F. ) ;
#509 = EDGE_CURVE ( 'NONE', #7503, #3967, #5757, .T. ) ;
#510 = DIRECTION ( 'NONE',  ( 0.000000000000000000, 0.000000000000000000, 1.000000000000000000 ) ) ;
#511 = CARTESIAN_POINT ( 'NONE',  ( -3.500000000000000444, 0.000000000000000000, -0.1750000000000002387 ) ) ;
#512 = ORIENTED_EDGE ( 'NONE', *, *, #6048, .F. ) ;
#513 = LINE ( 'NONE', #1552, #6543 ) ;
#514 = CARTESIAN_POINT ( 'NONE',  ( 3.500000000000000444, 0.8264982043070829842, -2.125000000000000000 ) ) ;
#515 = ORIENTED_EDGE ( 'NONE', *, *, #3749, .T. ) ;
#516 = PLANE ( 'NONE',  #536 ) ;
#517 = CARTESIAN_POINT ( 'NONE',  ( 2.350000000000000089, 6.846803743153548005, -2.350000000000000089 ) ) ;
#518 = ORIENTED_EDGE ( 'NONE', *, *, #9788, .T. ) ;
#519 = PLANE ( 'NONE',  #6664 ) ;
#520 = DIRECTION ( 'NONE',  ( 0.000000000000000000, -0.000000000000000000, 1.000000000000000000 ) ) ;
#521 =( GEOMETRIC_REPRESENTATION_CONTEXT ( 3 ) GLOBAL_UNCERTAINTY_ASSIGNED_CONTEXT ( ( #453 ) ) GLOBAL_UNIT_ASSIGNED_CONTEXT ( ( #9793, #7538, #3523 ) ) REPRESENTATION_CONTEXT ( 'NONE', 'WORKASPACE' ) );
#522 = AXIS2_PLACEMENT_3D ( 'NONE', #7652, #8372, #4465 ) ;
#523 = LINE ( 'NONE', #9139, #7667 ) ;
#524 = ADVANCED_FACE ( 'NONE', ( #4288 ), #7064, .F. ) ;
#525 = VECTOR ( 'NONE', #8495, 1000.000000000000000 ) ;
#526 = ORIENTED_EDGE ( 'NONE', *, *, #3405, .T. ) ;
#527 = ORIENTED_EDGE ( 'NONE', *, *, #6293, .F. ) ;
#528 = DIRECTION ( 'NONE',  ( 0.000000000000000000, -0.000000000000000000, 1.000000000000000000 ) ) ;
#529 = DIRECTION ( 'NONE',  ( 0.000000000000000000, -1.000000000000000000, 0.000000000000000000 ) ) ;
#530 = ADVANCED_FACE ( 'NONE', ( #8674 ), #4641, .T. ) ;
#531 = LINE ( 'NONE', #9864, #3744 ) ;
#532 = PLANE ( 'NONE',  #9504 ) ;
#533 = VECTOR ( 'NONE', #9052, 1000.000000000000000 ) ;
#534 = LINE ( 'NONE', #5011, #9377 ) ;
#535 = ORIENTED_EDGE ( 'NONE', *, *, #4406, .F. ) ;
#536 = AXIS2_PLACEMENT_3D ( 'NONE', #7771, #6975, #26 ) ;
#537 = DIRECTION ( 'NONE',  ( -0.000000000000000000, -1.000000000000000000, -0.000000000000000000 ) ) ;
#538 = EDGE_LOOP ( 'NONE', ( #8106, #4521, #1851, #8422 ) ) ;
#539 = DIRECTION ( 'NONE',  ( 0.000000000000000000, -0.000000000000000000, 1.000000000000000000 ) ) ;
#540 = LINE ( 'NONE', #4760, #923 ) ;
#541 = FACE_OUTER_BOUND ( 'NONE', #1245, .T. ) ;
#542 = VECTOR ( 'NONE', #3073, 1000.000000000000000 ) ;
#543 = ORIENTED_EDGE ( 'NONE', *, *, #768, .F. ) ;
#544 = DIRECTION ( 'NONE',  ( 0.000000000000000000, 0.000000000000000000, -1.000000000000000000 ) ) ;
#545 = LINE ( 'NONE', #1014, #5006 ) ;
#546 = DIRECTION ( 'NONE',  ( 0.000000000000000000, 0.000000000000000000, -1.000000000000000000 ) ) ;
#547 = AXIS2_PLACEMENT_3D ( 'NONE', #778, #9350, #7759 ) ;
#548 = DIRECTION ( 'NONE',  ( 1.577021341797097215E-15, 0.000000000000000000, 1.000000000000000000 ) ) ;
#549 = VECTOR ( 'NONE', #7336, 1000.000000000000000 ) ;
#550 = EDGE_CURVE ( 'NONE', #5060, #1966, #1940, .T. ) ;
#552 = LINE ( 'NONE', #6804, #65 ) ;
#551 = PLANE ( 'NONE',  #4212 ) ;
#553 = DIRECTION ( 'NONE',  ( 1.577021341797097018E-15, 0.000000000000000000, -1.000000000000000000 ) ) ;
#554 = EDGE_CURVE ( 'NONE', #1228, #2803, #9168, .T. ) ;
#555 = ORIENTED_EDGE ( 'NONE', *, *, #961, .T. ) ;
#556 = LINE ( 'NONE', #4772, #6592 ) ;
#557 = ORIENTED_EDGE ( 'NONE', *, *, #6051, .F. ) ;
#558 = DIRECTION ( 'NONE',  ( 1.000000000000000000, 0.000000000000000000, 0.000000000000000000 ) ) ;
#559 = DIRECTION ( 'NONE',  ( 1.000000000000000000, 0.000000000000000000, 0.000000000000000000 ) ) ;
#560 = DIRECTION ( 'NONE',  ( -0.000000000000000000, 0.000000000000000000, 1.000000000000000000 ) ) ;
#561 = LINE ( 'NONE', #5884, #9904 ) ;
#562 = EDGE_CURVE ( 'NONE', #5769, #2665, #6601, .T. ) ;
#563 = DIRECTION ( 'NONE',  ( 0.000000000000000000, 0.000000000000000000, -1.000000000000000000 ) ) ;
#564 = ORIENTED_EDGE ( 'NONE', *, *, #7365, .F. ) ;
#566 = EDGE_LOOP ( 'NONE', ( #8999, #8984, #3102, #4454 ) ) ;
#565 = DIRECTION ( 'NONE',  ( -1.000000000000000000, 0.000000000000000000, -0.000000000000000000 ) ) ;
#567 = EDGE_CURVE ( 'NONE', #2723, #8133, #6232, .T. ) ;
#568 = ORIENTED_EDGE ( 'NONE', *, *, #8514, .T. ) ;
#570 = LINE ( 'NONE', #5457, #4416 ) ;
#569 = AXIS2_PLACEMENT_3D ( 'NONE', #8931, #1941, #6533 ) ;
#571 = FACE_OUTER_BOUND ( 'NONE', #8364, .T. ) ;
#572 = DIRECTION ( 'NONE',  ( 0.000000000000000000, 1.000000000000000000, 0.000000000000000000 ) ) ;
#573 = EDGE_CURVE ( 'NONE', #10031, #4039, #2317, .T. ) ;
#574 = DIRECTION ( 'NONE',  ( -1.577021341797097215E-15, 0.000000000000000000, 1.000000000000000000 ) ) ;
#575 = ADVANCED_FACE ( 'NONE', ( #8083 ), #8762, .F. ) ;
#576 = CARTESIAN_POINT ( 'NONE',  ( 1.124999999999998890, 0.8264982043070834283, -2.950000000000000178 ) ) ;
#577 = VERTEX_POINT ( 'NONE', #1708 ) ;
#578 = DIRECTION ( 'NONE',  ( -0.000000000000000000, -1.000000000000000000, -0.000000000000000000 ) ) ;
#579 = ORIENTED_EDGE ( 'NONE', *, *, #8595, .F. ) ;
#580 = CARTESIAN_POINT ( 'NONE',  ( -0.4750000000000001443, 0.2000000000000000111, -2.950000000000000178 ) ) ;
#581 = LINE ( 'NONE', #4537, #1212 ) ;
#582 = EDGE_CURVE ( 'NONE', #8980, #9215, #1073, .T. ) ;
#583 = ORIENTED_EDGE ( 'NONE', *, *, #8648, .F. ) ;
#584 = ADVANCED_FACE ( 'NONE', ( #8316 ), #7995, .F. ) ;
#585 = LINE ( 'NONE', #1930, #1089 ) ;
#586 = AXIS2_PLACEMENT_3D ( 'NONE', #9376, #2334, #2257 ) ;
#587 = AXIS2_PLACEMENT_3D ( 'NONE', #3229, #79, #885 ) ;
#588 = CARTESIAN_POINT ( 'NONE',  ( -1.125000000000000222, 0.8264982043070834283, -2.950000000000000178 ) ) ;
#589 = CARTESIAN_POINT ( 'NONE',  ( 2.950000000000000178, 0.1999999999999999833, -2.125000000000000000 ) ) ;
#590 = LINE ( 'NONE', #8574, #4541 ) ;
#591 = PLANE ( 'NONE',  #9279 ) ;
#592 = CARTESIAN_POINT ( 'NONE',  ( 2.950000000000000178, 0.8264982043070829842, -2.125000000000000000 ) ) ;
#593 = VERTEX_POINT ( 'NONE', #4849 ) ;
#594 = VERTEX_POINT ( 'NONE', #7956 ) ;
#595 = VECTOR ( 'NONE', #662, 1000.000000000000000 ) ;
#596 = DIRECTION ( 'NONE',  ( 1.000000000000000000, -0.000000000000000000, -0.000000000000000000 ) ) ;
#597 = DIRECTION ( 'NONE',  ( 1.000000000000000000, 0.000000000000000000, 0.000000000000000000 ) ) ;
#598 = VECTOR ( 'NONE', #6603, 1000.000000000000000 ) ;
#599 = FACE_OUTER_BOUND ( 'NONE', #1109, .T. ) ;
#600 = CARTESIAN_POINT ( 'NONE',  ( 1.124999999999999778, 0.8264982043070834283, -3.500000000000000444 ) ) ;
#601 = CARTESIAN_POINT ( 'NONE',  ( 0.000000000000000000, 0.2000000000000000111, 0.000000000000000000 ) ) ;
#602 = AXIS2_PLACEMENT_3D ( 'NONE', #4387, #7570, #5173 ) ;
#603 = DIRECTION ( 'NONE',  ( 1.577021341797097018E-15, 0.000000000000000000, -1.000000000000000000 ) ) ;
#604 = ORIENTED_EDGE ( 'NONE', *, *, #1843, .T. ) ;
#605 = ORIENTED_EDGE ( 'NONE', *, *, #10153, .T. ) ;
#606 =( GEOMETRIC_REPRESENTATION_CONTEXT ( 3 ) GLOBAL_UNCERTAINTY_ASSIGNED_CONTEXT ( ( #3244 ) ) GLOBAL_UNIT_ASSIGNED_CONTEXT ( ( #4175, #7333, #8884 ) ) REPRESENTATION_CONTEXT ( 'NONE', 'WORKASPACE' ) );
#607 = ORIENTED_EDGE ( 'NONE', *, *, #3543, .F. ) ;
#608 = VECTOR ( 'NONE', #241, 1000.000000000000000 ) ;
#609 = LINE ( 'NONE', #5583, #996 ) ;
#610 = ORIENTED_EDGE ( 'NONE', *, *, #10090, .F. ) ;
#611 = VERTEX_POINT ( 'NONE', #9492 ) ;
#612 = ORIENTED_EDGE ( 'NONE', *, *, #7023, .F. ) ;
#613 = FILL_AREA_STYLE ('',( #5308 ) ) ;
#614 = FACE_OUTER_BOUND ( 'NONE', #784, .T. ) ;
#615 = CARTESIAN_POINT ( 'NONE',  ( -3.500000000000000444, 0.1999999999999999833, -1.774999999999999245 ) ) ;
#616 = VERTEX_POINT ( 'NONE', #4815 ) ;
#617 = AXIS2_PLACEMENT_3D ( 'NONE', #5976, #1272, #1403 ) ;
#618 = VECTOR ( 'NONE', #1524, 1000.000000000000000 ) ;
#619 = EDGE_CURVE ( 'NONE', #9215, #593, #4040, .T. ) ;
#620 = ORIENTED_EDGE ( 'NONE', *, *, #8191, .T. ) ;
#621 = CARTESIAN_POINT ( 'NONE',  ( -2.350000000000000089, 0.04999999999999969746, 2.349999999999999645 ) ) ;
#622 = CARTESIAN_POINT ( 'NONE',  ( 2.950000000000000178, 0.1999999999999999833, 1.124999999999999778 ) ) ;
#623 = EDGE_CURVE ( 'NONE', #8053, #6332, #3907, .T. ) ;
#624 = ORIENTED_EDGE ( 'NONE', *, *, #8386, .T. ) ;
#625 = ORIENTED_EDGE ( 'NONE', *, *, #3111, .T. ) ;
#626 = DIRECTION ( 'NONE',  ( 1.000000000000000000, -0.000000000000000000, 0.000000000000000000 ) ) ;
#627 = LINE ( 'NONE', #6916, #7288 ) ;
#628 = CARTESIAN_POINT ( 'NONE',  ( -2.950000000000000178, 0.8264982043070829842, 2.425000000000000266 ) ) ;
#629 = CARTESIAN_POINT ( 'NONE',  ( 2.950000000000000178, 0.8264982043070829842, 2.425000000000000266 ) ) ;
#630 = EDGE_CURVE ( 'NONE', #9215, #6179, #4171, .T. ) ;
#631 = ADVANCED_FACE ( 'NONE', ( #3781 ), #7181, .F. ) ;
#632 = EDGE_LOOP ( 'NONE', ( #7859, #5794, #8494, #999 ) ) ;
#633 = EDGE_CURVE ( 'NONE', #1859, #5953, #7358, .T. ) ;
#634 = DIRECTION ( 'NONE',  ( 0.000000000000000000, 0.000000000000000000, 1.000000000000000000 ) ) ;
#635 = VERTEX_POINT ( 'NONE', #8730 ) ;
#636 = DIRECTION ( 'NONE',  ( 1.577021341797097018E-15, 0.000000000000000000, -1.000000000000000000 ) ) ;
#637 = CARTESIAN_POINT ( 'NONE',  ( -1.474999999999999423, 0.2000000000000000111, 3.500000000000001332 ) ) ;
#638 = ADVANCED_FACE ( 'NONE', ( #10142 ), #5598, .F. ) ;
#639 = LINE ( 'NONE', #2250, #2883 ) ;
#640 = CARTESIAN_POINT ( 'NONE',  ( 1.124999999999998890, 0.1999999999999999833, -2.950000000000000178 ) ) ;
#641 = EDGE_CURVE ( 'NONE', #5311, #6403, #5630, .T. ) ;
#642 = VERTEX_POINT ( 'NONE', #8696 ) ;
#643 = CARTESIAN_POINT ( 'NONE',  ( -2.425000000000000266, 0.04999999999999999584, -2.950000000000000178 ) ) ;
#644 = VERTEX_POINT ( 'NONE', #7105 ) ;
#645 = ADVANCED_BREP_SHAPE_REPRESENTATION ( 'T3277+3', ( #1080, #4449, #3489, #4750, #1518, #5195, #6235, #3371, #6367, #5316, #2628, #7767, #4558, #2922, #8189, #7007, #1535, #2745, #4881, #5945, #10005, #9893, #3670, #8489, #10193, #9124, #8081, #437, #6551, #3049, #1837, #2278, #6247, #8829, #8365, #3200 ), #6871 ) ;
#646 = EDGE_CURVE ( 'NONE', #8569, #2233, #1811, .T. ) ;
#647 = DIRECTION ( 'NONE',  ( 1.000000000000000000, -0.000000000000000000, -0.000000000000000000 ) ) ;
#648 = DIRECTION ( 'NONE',  ( -1.000000000000000000, 0.000000000000000000, -0.000000000000000000 ) ) ;
#649 = AXIS2_PLACEMENT_3D ( 'NONE', #7161, #9399, #791 ) ;
#650 = EDGE_CURVE ( 'NONE', #1275, #5996, #5503, .T. ) ;
#651 = VERTEX_POINT ( 'NONE', #6472 ) ;
#652 = CARTESIAN_POINT ( 'NONE',  ( -2.950000000000000178, 0.05000000000000000278, 0.000000000000000000 ) ) ;
#653 = FILL_AREA_STYLE ('',( #8402 ) ) ;
#654 = VERTEX_POINT ( 'NONE', #8874 ) ;
#655 = CARTESIAN_POINT ( 'NONE',  ( -2.350000000000000089, 0.05000000000000000278, 0.000000000000000000 ) ) ;
#656 = VECTOR ( 'NONE', #10121, 1000.000000000000000 ) ;
#657 = ORIENTED_EDGE ( 'NONE', *, *, #920, .F. ) ;
#658 = DIRECTION ( 'NONE',  ( 1.577021341797097018E-15, 0.000000000000000000, -1.000000000000000000 ) ) ;
#659 = VECTOR ( 'NONE', #5673, 1000.000000000000000 ) ;
#660 = DIRECTION ( 'NONE',  ( 1.000000000000000000, 0.000000000000000000, -0.000000000000000000 ) ) ;
#661 = VECTOR ( 'NONE', #7863, 1000.000000000000000 ) ;
#662 = DIRECTION ( 'NONE',  ( -0.000000000000000000, -1.000000000000000000, -0.000000000000000000 ) ) ;
#663 = DIRECTION ( 'NONE',  ( 0.000000000000000000, -0.000000000000000000, 1.000000000000000000 ) ) ;
#664 = MECHANICAL_DESIGN_GEOMETRIC_PRESENTATION_REPRESENTATION (  '', ( #8412 ), #5806 ) ;
#665 = AXIS2_PLACEMENT_3D ( 'NONE', #9283, #9316, #8587 ) ;
#666 = ORIENTED_EDGE ( 'NONE', *, *, #7496, .T. ) ;
#667 = FACE_OUTER_BOUND ( 'NONE', #5680, .T. ) ;
#668 = LINE ( 'NONE', #7251, #8641 ) ;
#669 = LINE ( 'NONE', #8263, #6807 ) ;
#670 = VECTOR ( 'NONE', #4805, 1000.000000000000000 ) ;
#671 = DIRECTION ( 'NONE',  ( 1.000000000000000000, 0.000000000000000000, 0.000000000000000000 ) ) ;
#672 = CARTESIAN_POINT ( 'NONE',  ( -3.500000000000000444, 0.000000000000000000, -1.475000000000000089 ) ) ;
#673 = ORIENTED_EDGE ( 'NONE', *, *, #4993, .T. ) ;
#674 = LINE ( 'NONE', #6021, #2796 ) ;
#675 = DIRECTION ( 'NONE',  ( -0.000000000000000000, -1.000000000000000000, -0.000000000000000000 ) ) ;
#676 = ORIENTED_EDGE ( 'NONE', *, *, #6775, .F. ) ;
#677 = VECTOR ( 'NONE', #4757, 1000.000000000000000 ) ;
#678 = DIRECTION ( 'NONE',  ( 1.000000000000000000, 0.000000000000000000, 0.000000000000000000 ) ) ;
#679 = ORIENTED_EDGE ( 'NONE', *, *, #6485, .T. ) ;
#680 = LINE ( 'NONE', #5790, #2552 ) ;
#681 = EDGE_LOOP ( 'NONE', ( #5033, #6793, #2967, #8295 ) ) ;
#682 = DIRECTION ( 'NONE',  ( 0.000000000000000000, -1.000000000000000000, 0.000000000000000000 ) ) ;
#683 = LINE ( 'NONE', #2421, #7079 ) ;
#684 = ADVANCED_FACE ( 'NONE', ( #316 ), #5633, .F. ) ;
#685 = LINE ( 'NONE', #6650, #4520 ) ;
#686 = CARTESIAN_POINT ( 'NONE',  ( 2.950000000000000178, 0.1999999999999999833, -1.124999999999999334 ) ) ;
#687 = EDGE_LOOP ( 'NONE', ( #7140, #5708, #9205, #2101 ) ) ;
#688 = DIRECTION ( 'NONE',  ( -1.000000000000000000, 0.000000000000000000, 1.239088197126290817E-16 ) ) ;
#689 = DIRECTION ( 'NONE',  ( -0.000000000000000000, -1.000000000000000000, -0.000000000000000000 ) ) ;
#690 = ORIENTED_EDGE ( 'NONE', *, *, #5605, .T. ) ;
#691 = VECTOR ( 'NONE', #1805, 1000.000000000000000 ) ;
#692 = DIRECTION ( 'NONE',  ( 1.000000000000000000, 0.000000000000000000, 0.000000000000000000 ) ) ;
#693 = CARTESIAN_POINT ( 'NONE',  ( 0.4749999999999997558, 0.1999999999999999833, -3.500000000000000444 ) ) ;
#694 = ADVANCED_FACE ( 'NONE', ( #1334 ), #3506, .F. ) ;
#695 = EDGE_CURVE ( 'NONE', #654, #1004, #9796, .T. ) ;
#696 = FACE_OUTER_BOUND ( 'NONE', #4078, .T. ) ;
#697 = CARTESIAN_POINT ( 'NONE',  ( 0.4749999999999942046, 0.05000000000000000278, 7.490851373536119672E-16 ) ) ;
#698 = CARTESIAN_POINT ( 'NONE',  ( 0.6500000000000000222, 0.000000000000000000, 0.000000000000000000 ) ) ;
#699 = DIRECTION ( 'NONE',  ( 1.000000000000000000, -0.000000000000000000, -0.000000000000000000 ) ) ;
#700 = VECTOR ( 'NONE', #9585, 1000.000000000000000 ) ;
#701 = ORIENTED_EDGE ( 'NONE', *, *, #6163, .F. ) ;
#702 = EDGE_CURVE ( 'NONE', #5832, #3092, #9417, .T. ) ;
#703 = EDGE_LOOP ( 'NONE', ( #5093, #51, #3269, #1616 ) ) ;
#704 = DIRECTION ( 'NONE',  ( -1.000000000000000000, 0.000000000000000000, 0.000000000000000000 ) ) ;
#705 = VERTEX_POINT ( 'NONE', #3365 ) ;
#706 = LINE ( 'NONE', #4574, #9299 ) ;
#707 = PLANE ( 'NONE',  #8472 ) ;
#708 = DIRECTION ( 'NONE',  ( 0.000000000000000000, -1.000000000000000000, 0.000000000000000000 ) ) ;
#709 = VECTOR ( 'NONE', #8576, 1000.000000000000000 ) ;
#710 = EDGE_CURVE ( 'NONE', #6669, #1641, #194, .T. ) ;
#711 = DIRECTION ( 'NONE',  ( 0.000000000000000000, -1.000000000000000000, 0.000000000000000000 ) ) ;
#713 = VECTOR ( 'NONE', #103, 1000.000000000000000 ) ;
#712 =( LENGTH_UNIT ( ) NAMED_UNIT ( * ) SI_UNIT ( .MILLI., .METRE. ) );
#714 = AXIS2_PLACEMENT_3D ( 'NONE', #7482, #3769, #5381 ) ;
#715 = EDGE_CURVE ( 'NONE', #3700, #4615, #1803, .T. ) ;
#716 = ORIENTED_EDGE ( 'NONE', *, *, #1434, .T. ) ;
#717 = LINE ( 'NONE', #3976, #7484 ) ;
#718 = CARTESIAN_POINT ( 'NONE',  ( 0.000000000000000000, 0.05000000000000000278, -2.424999999999999378 ) ) ;
#719 = LINE ( 'NONE', #3003, #5770 ) ;
#720 = CARTESIAN_POINT ( 'NONE',  ( -2.125000000000000888, 0.2000000000000000111, -2.950000000000000178 ) ) ;
#721 = FACE_OUTER_BOUND ( 'NONE', #6746, .T. ) ;
#722 = DIRECTION ( 'NONE',  ( 0.000000000000000000, -1.000000000000000000, 0.000000000000000000 ) ) ;
#723 = ORIENTED_EDGE ( 'NONE', *, *, #6375, .T. ) ;
#724 = ORIENTED_EDGE ( 'NONE', *, *, #248, .T. ) ;
#725 = AXIS2_PLACEMENT_3D ( 'NONE', #8019, #3319, #105 ) ;
#726 = DIRECTION ( 'NONE',  ( 1.000000000000000000, -0.000000000000000000, 0.000000000000000000 ) ) ;
#727 = CARTESIAN_POINT ( 'NONE',  ( -1.775000000000000133, 0.000000000000000000, -2.950000000000000178 ) ) ;
#728 = VECTOR ( 'NONE', #911, 1000.000000000000000 ) ;
#729 = PLANE ( 'NONE',  #5098 ) ;
#730 = DIRECTION ( 'NONE',  ( 0.000000000000000000, -0.000000000000000000, 1.000000000000000000 ) ) ;
#731 = DIRECTION ( 'NONE',  ( -1.000000000000000000, 0.000000000000000000, -0.000000000000000000 ) ) ;
#732 = CARTESIAN_POINT ( 'NONE',  ( -2.424999999999999378, 0.2000000000000000111, 3.500000000000001332 ) ) ;
#733 = DIRECTION ( 'NONE',  ( -0.000000000000000000, -1.000000000000000000, -0.000000000000000000 ) ) ;
#734 = EDGE_LOOP ( 'NONE', ( #4367, #6657, #4567, #313 ) ) ;
#735 = VERTEX_POINT ( 'NONE', #6507 ) ;
#736 = ORIENTED_EDGE ( 'NONE', *, *, #8196, .T. ) ;
#737 = VERTEX_POINT ( 'NONE', #9735 ) ;
#738 = VECTOR ( 'NONE', #9673, 1000.000000000000000 ) ;
#739 = EDGE_LOOP ( 'NONE', ( #10176, #1642, #3590, #8718 ) ) ;
#740 = PLANE ( 'NONE',  #665 ) ;
#741 = FACE_OUTER_BOUND ( 'NONE', #7872, .T. ) ;
#742 = DIRECTION ( 'NONE',  ( -1.000000000000000000, 0.000000000000000000, 0.000000000000000000 ) ) ;
#743 = ADVANCED_FACE ( 'NONE', ( #2563 ), #2654, .T. ) ;
#744 = PLANE ( 'NONE',  #7063 ) ;
#745 = EDGE_LOOP ( 'NONE', ( #2362, #3050, #9856, #1506 ) ) ;
#746 = ORIENTED_EDGE ( 'NONE', *, *, #10098, .F. ) ;
#747 =( NAMED_UNIT ( * ) SI_UNIT ( $, .STERADIAN. ) SOLID_ANGLE_UNIT ( ) );
#748 = FACE_OUTER_BOUND ( 'NONE', #7273, .T. ) ;
#749 = ORIENTED_EDGE ( 'NONE', *, *, #562, .F. ) ;
#750 = CARTESIAN_POINT ( 'NONE',  ( 2.950000000000000178, 0.1999999999999999833, -1.475000000000000089 ) ) ;
#751 = CARTESIAN_POINT ( 'NONE',  ( -1.124999999999999334, 0.000000000000000000, 3.500000000000001332 ) ) ;
#752 = ORIENTED_EDGE ( 'NONE', *, *, #817, .F. ) ;
#753 = ORIENTED_EDGE ( 'NONE', *, *, #8782, .F. ) ;
#754 = DIRECTION ( 'NONE',  ( 0.000000000000000000, 0.000000000000000000, -1.000000000000000000 ) ) ;
#755 = CARTESIAN_POINT ( 'NONE',  ( -0.8250000000000001776, 0.04999999999999969746, -3.500000000000000444 ) ) ;
#756 = VERTEX_POINT ( 'NONE', #9634 ) ;
#757 = EDGE_CURVE ( 'NONE', #8734, #1990, #3053, .T. ) ;
#758 = UNCERTAINTY_MEASURE_WITH_UNIT (LENGTH_MEASURE( 1.000000000000000082E-05 ), #10178, 'distance_accuracy_value', 'NONE');
#759 = VERTEX_POINT ( 'NONE', #5767 ) ;
#760 = CARTESIAN_POINT ( 'NONE',  ( -1.775000000000000133, 0.1999999999999999833, -2.950000000000000178 ) ) ;
#761 = EDGE_CURVE ( 'NONE', #6014, #4180, #5019, .T. ) ;
#762 = CARTESIAN_POINT ( 'NONE',  ( 0.000000000000000000, 0.2000000000000000111, 0.000000000000000000 ) ) ;
#763 = EDGE_LOOP ( 'NONE', ( #5269, #6959, #8473, #153 ) ) ;
#764 = CARTESIAN_POINT ( 'NONE',  ( 2.950000000000000178, 0.05000000000000002359, -0.8250000000000001776 ) ) ;
#765 = DIRECTION ( 'NONE',  ( -0.000000000000000000, -1.000000000000000000, -0.000000000000000000 ) ) ;
#766 = SURFACE_STYLE_USAGE ( .BOTH. , #6166 ) ;
#768 = EDGE_CURVE ( 'NONE', #9289, #147, #8546, .T. ) ;
#767 = FACE_OUTER_BOUND ( 'NONE', #888, .T. ) ;
#769 = ORIENTED_EDGE ( 'NONE', *, *, #6120, .F. ) ;
#770 = DIRECTION ( 'NONE',  ( -0.000000000000000000, -0.000000000000000000, 1.000000000000000000 ) ) ;
#771 = EDGE_CURVE ( 'NONE', #7772, #1309, #7349, .T. ) ;
#772 = DIRECTION ( 'NONE',  ( 0.000000000000000000, 0.000000000000000000, -1.000000000000000000 ) ) ;
#773 = ORIENTED_EDGE ( 'NONE', *, *, #9130, .T. ) ;
#774 = CARTESIAN_POINT ( 'NONE',  ( 0.000000000000000000, 0.05000000000000000278, -2.950000000000000178 ) ) ;
#775 = CARTESIAN_POINT ( 'NONE',  ( 3.500000000000000444, 0.000000000000000000, 2.425000000000000266 ) ) ;
#776 = CARTESIAN_POINT ( 'NONE',  ( -2.950000000000000178, 0.1999999999999999833, -2.424999999999999378 ) ) ;
#777 = EDGE_CURVE ( 'NONE', #1936, #8396, #5149, .T. ) ;
#778 = CARTESIAN_POINT ( 'NONE',  ( -0.8250000000000001776, 0.2000000000000000111, 2.950000000000001066 ) ) ;
#779 = VECTOR ( 'NONE', #1772, 1000.000000000000000 ) ;
#780 = FACE_OUTER_BOUND ( 'NONE', #6544, .T. ) ;
#781 = ORIENTED_EDGE ( 'NONE', *, *, #9363, .T. ) ;
#782 = EDGE_CURVE ( 'NONE', #1724, #3363, #3411, .T. ) ;
#783 = CARTESIAN_POINT ( 'NONE',  ( -2.950000000000000178, 0.1999999999999999833, 1.475000000000000533 ) ) ;
#784 = EDGE_LOOP ( 'NONE', ( #5868, #6285, #9674, #6930 ) ) ;
#785 = AXIS2_PLACEMENT_3D ( 'NONE', #5765, #7283, #950 ) ;
#786 = AXIS2_PLACEMENT_3D ( 'NONE', #7396, #5102, #5838 ) ;
#787 = VECTOR ( 'NONE', #2900, 1000.000000000000000 ) ;
#788 = EDGE_CURVE ( 'NONE', #5286, #3041, #2925, .T. ) ;
#789 = FACE_OUTER_BOUND ( 'NONE', #734, .T. ) ;
#790 = LINE ( 'NONE', #5975, #2792 ) ;
#791 = DIRECTION ( 'NONE',  ( -1.000000000000000000, 0.000000000000000000, -0.000000000000000000 ) ) ;
#792 = FACE_OUTER_BOUND ( 'NONE', #1610, .T. ) ;
#793 = ORIENTED_EDGE ( 'NONE', *, *, #5022, .T. ) ;
#794 = DIRECTION ( 'NONE',  ( 0.000000000000000000, -1.000000000000000000, 0.000000000000000000 ) ) ;
#795 = ADVANCED_FACE ( 'NONE', ( #6220 ), #1051, .F. ) ;
#796 = CARTESIAN_POINT ( 'NONE',  ( -2.950000000000000178, 0.8264982043070829842, -0.4749999999999993117 ) ) ;
#797 = VERTEX_POINT ( 'NONE', #5798 ) ;
#798 = VECTOR ( 'NONE', #9505, 1000.000000000000000 ) ;
#799 = VECTOR ( 'NONE', #6392, 1000.000000000000000 ) ;
#800 = CARTESIAN_POINT ( 'NONE',  ( 0.000000000000000000, 0.000000000000000000, 1.949999999999999956 ) ) ;
#801 = ADVANCED_FACE ( 'NONE', ( #4898 ), #5894, .F. ) ;
#802 = DIRECTION ( 'NONE',  ( 0.000000000000000000, 0.000000000000000000, -1.000000000000000000 ) ) ;
#803 = DIRECTION ( 'NONE',  ( 0.000000000000000000, 0.000000000000000000, 1.000000000000000000 ) ) ;
#804 = CARTESIAN_POINT ( 'NONE',  ( -2.350000000000000089, -0.000000000000000000, -2.350000000000000533 ) ) ;
#805 = AXIS2_PLACEMENT_3D ( 'NONE', #7229, #5512, #4765 ) ;
#806 = CARTESIAN_POINT ( 'NONE',  ( 0.000000000000000000, 0.05000000000000000278, 0.4749999999999997558 ) ) ;
#807 = SURFACE_STYLE_USAGE ( .BOTH. , #3157 ) ;
#808 = EDGE_LOOP ( 'NONE', ( #1522, #6239, #9496, #9474 ) ) ;
#809 = VECTOR ( 'NONE', #7867, 1000.000000000000000 ) ;
#810 = CARTESIAN_POINT ( 'NONE',  ( 3.500000000000000444, 0.8264982043070829842, -0.8250000000000001776 ) ) ;
#811 = LINE ( 'NONE', #3929, #1313 ) ;
#812 = CARTESIAN_POINT ( 'NONE',  ( 0.000000000000000000, 0.000000000000000000, 4.549999999999999822 ) ) ;
#813 = DIRECTION ( 'NONE',  ( 1.000000000000000000, 0.000000000000000000, -0.000000000000000000 ) ) ;
#814 = ORIENTED_EDGE ( 'NONE', *, *, #4482, .T. ) ;
#815 = VECTOR ( 'NONE', #9041, 1000.000000000000000 ) ;
#816 = ORIENTED_EDGE ( 'NONE', *, *, #4937, .T. ) ;
#817 = EDGE_CURVE ( 'NONE', #7439, #1139, #952, .T. ) ;
#818 = CARTESIAN_POINT ( 'NONE',  ( -3.500000000000000444, 0.8264982043070829842, -1.774999999999999245 ) ) ;
#819 = DIRECTION ( 'NONE',  ( -1.000000000000000000, -0.000000000000000000, -0.000000000000000000 ) ) ;
#820 = LINE ( 'NONE', #4420, #2568 ) ;
#821 = CARTESIAN_POINT ( 'NONE',  ( 0.8249999999999997335, 0.000000000000000000, -2.950000000000000178 ) ) ;
#822 = ORIENTED_EDGE ( 'NONE', *, *, #3568, .F. ) ;
#823 = CARTESIAN_POINT ( 'NONE',  ( 3.500000000000000444, 0.05000000000000000278, -3.500000000000000444 ) ) ;
#824 = VERTEX_POINT ( 'NONE', #6681 ) ;
#825 = DIRECTION ( 'NONE',  ( -1.000000000000000000, 0.000000000000000000, 0.000000000000000000 ) ) ;
#826 = ORIENTED_EDGE ( 'NONE', *, *, #4682, .T. ) ;
#827 = CARTESIAN_POINT ( 'NONE',  ( 1.774999999999999689, 0.2000000000000000111, 2.950000000000001066 ) ) ;
#828 = FACE_OUTER_BOUND ( 'NONE', #9568, .T. ) ;
#829 = PRODUCT_DEFINITION_SHAPE ( 'NONE', 'NONE',  #3777 ) ;
#830 = CARTESIAN_POINT ( 'NONE',  ( -3.100000000000000977, 0.6999999999999999556, -3.100000000000000977 ) ) ;
#831 = SURFACE_STYLE_FILL_AREA ( #165 ) ;
#832 = EDGE_CURVE ( 'NONE', #2509, #6733, #6471, .T. ) ;
#833 = ORIENTED_EDGE ( 'NONE', *, *, #8992, .T. ) ;
#834 = CARTESIAN_POINT ( 'NONE',  ( -0.8250000000000001776, 0.8264982043070834283, 2.950000000000001066 ) ) ;
#835 = CLOSED_SHELL ( 'NONE', ( #3491, #7515, #3741, #694, #10151, #9493 ) ) ;
#836 = DIRECTION ( 'NONE',  ( 0.000000000000000000, 0.000000000000000000, -1.000000000000000000 ) ) ;
#837 = DIRECTION ( 'NONE',  ( 0.000000000000000000, 0.000000000000000000, 1.000000000000000000 ) ) ;
#838 = CARTESIAN_POINT ( 'NONE',  ( -2.950000000000000178, 0.1999999999999999833, 1.124999999999999778 ) ) ;
#839 = EDGE_CURVE ( 'NONE', #5194, #9833, #7820, .T. ) ;
#840 = COLOUR_RGB ( '',0.7921568627450980005, 0.8196078431372548767, 0.9333333333333333481 ) ;
#841 = CARTESIAN_POINT ( 'NONE',  ( 3.500000000000000444, 0.05000000000000000278, 3.499999999999999556 ) ) ;
#842 = ORIENTED_EDGE ( 'NONE', *, *, #4161, .F. ) ;
#843 = DIRECTION ( 'NONE',  ( 1.577021341797097215E-15, 0.000000000000000000, 1.000000000000000000 ) ) ;
#844 = VECTOR ( 'NONE', #8385, 1000.000000000000000 ) ;
#845 = EDGE_CURVE ( 'NONE', #3785, #6607, #9050, .T. ) ;
#846 = ORIENTED_EDGE ( 'NONE', *, *, #7518, .F. ) ;
#847 = DIRECTION ( 'NONE',  ( 0.000000000000000000, -0.000000000000000000, -1.000000000000000000 ) ) ;
#848 = ORIENTED_EDGE ( 'NONE', *, *, #1298, .T. ) ;
#849 = DIRECTION ( 'NONE',  ( 0.000000000000000000, 0.000000000000000000, -1.000000000000000000 ) ) ;
#850 = DIRECTION ( 'NONE',  ( 0.000000000000000000, 0.000000000000000000, 1.000000000000000000 ) ) ;
#851 = VERTEX_POINT ( 'NONE', #7655 ) ;
#852 = ORIENTED_EDGE ( 'NONE', *, *, #9570, .F. ) ;
#853 = EDGE_CURVE ( 'NONE', #1820, #5069, #2055, .T. ) ;
#854 = CARTESIAN_POINT ( 'NONE',  ( 2.950000000000000178, 0.8264982043070829842, -1.475000000000000089 ) ) ;
#855 = VECTOR ( 'NONE', #464, 1000.000000000000000 ) ;
#856 = CARTESIAN_POINT ( 'NONE',  ( -3.500000000000000444, 0.000000000000000000, 2.125000000000000888 ) ) ;
#857 = AXIS2_PLACEMENT_3D ( 'NONE', #7887, #4921, #850 ) ;
#858 = EDGE_CURVE ( 'NONE', #9451, #9848, #8662, .T. ) ;
#859 = VECTOR ( 'NONE', #4879, 1000.000000000000000 ) ;
#860 = ADVANCED_FACE ( 'NONE', ( #10134 ), #1986, .F. ) ;
#861 = EDGE_LOOP ( 'NONE', ( #2817, #5719, #2714, #3077 ) ) ;
#862 = CARTESIAN_POINT ( 'NONE',  ( -0.8250000000000057288, 0.05000000000000000278, -1.301042606982614195E-15 ) ) ;
#863 = ORIENTED_EDGE ( 'NONE', *, *, #1496, .T. ) ;
#864 = VERTEX_POINT ( 'NONE', #2188 ) ;
#865 = VERTEX_POINT ( 'NONE', #3021 ) ;
#866 = ORIENTED_EDGE ( 'NONE', *, *, #3348, .T. ) ;
#867 = LINE ( 'NONE', #1628, #8963 ) ;
#868 = CARTESIAN_POINT ( 'NONE',  ( -2.950000000000000178, 0.05000000000000000278, 0.000000000000000000 ) ) ;
#869 = ORIENTED_EDGE ( 'NONE', *, *, #349, .T. ) ;
#870 = CARTESIAN_POINT ( 'NONE',  ( 2.950000000000000178, 0.8264982043070829842, 1.774999999999999689 ) ) ;
#871 = AXIS2_PLACEMENT_3D ( 'NONE', #176, #4977, #6501 ) ;
#872 = STYLED_ITEM ( 'NONE', ( #7888 ), #3489 ) ;
#873 = EDGE_LOOP ( 'NONE', ( #3986, #6323, #6324, #814 ) ) ;
#874 = VERTEX_POINT ( 'NONE', #7681 ) ;
#875 = CARTESIAN_POINT ( 'NONE',  ( -3.500000000000000444, 0.8264982043070829842, -0.4749999999999993117 ) ) ;
#876 = VERTEX_POINT ( 'NONE', #8413 ) ;
#877 = CARTESIAN_POINT ( 'NONE',  ( -2.950000000000000178, 0.8264982043070829842, 2.425000000000000266 ) ) ;
#878 = ORIENTED_EDGE ( 'NONE', *, *, #782, .F. ) ;
#879 = DIRECTION ( 'NONE',  ( 0.000000000000000000, 0.000000000000000000, -1.000000000000000000 ) ) ;
#880 = PLANE ( 'NONE',  #1172 ) ;
#881 = VECTOR ( 'NONE', #4157, 1000.000000000000000 ) ;
#882 = DIRECTION ( 'NONE',  ( 1.000000000000000000, -0.000000000000000000, -0.000000000000000000 ) ) ;
#883 = ORIENTED_EDGE ( 'NONE', *, *, #1430, .T. ) ;
#884 = ORIENTED_EDGE ( 'NONE', *, *, #8455, .T. ) ;
#885 = DIRECTION ( 'NONE',  ( -1.000000000000000000, 0.000000000000000000, -0.000000000000000000 ) ) ;
#886 = FACE_OUTER_BOUND ( 'NONE', #2593, .T. ) ;
#887 = PLANE ( 'NONE',  #5317 ) ;
#888 = EDGE_LOOP ( 'NONE', ( #8872, #5112, #5888, #4209 ) ) ;
#889 =( GEOMETRIC_REPRESENTATION_CONTEXT ( 3 ) GLOBAL_UNCERTAINTY_ASSIGNED_CONTEXT ( ( #5700 ) ) GLOBAL_UNIT_ASSIGNED_CONTEXT ( ( #3726, #9197, #4585 ) ) REPRESENTATION_CONTEXT ( 'NONE', 'WORKASPACE' ) );
#890 = VECTOR ( 'NONE', #1856, 1000.000000000000000 ) ;
#891 = DIRECTION ( 'NONE',  ( -0.000000000000000000, 0.000000000000000000, 1.000000000000000000 ) ) ;
#892 = ORIENTED_EDGE ( 'NONE', *, *, #9963, .T. ) ;
#893 = UNCERTAINTY_MEASURE_WITH_UNIT (LENGTH_MEASURE( 1.000000000000000082E-05 ), #7331, 'distance_accuracy_value', 'NONE');
#894 = CARTESIAN_POINT ( 'NONE',  ( 2.125000000000000000, 0.8264982043070834283, -2.950000000000000178 ) ) ;
#895 = AXIS2_PLACEMENT_3D ( 'NONE', #9718, #6668, #392 ) ;
#896 = CARTESIAN_POINT ( 'NONE',  ( -2.950000000000000178, 0.8264982043070829842, 0.1750000000000006828 ) ) ;
#897 = ORIENTED_EDGE ( 'NONE', *, *, #5333, .F. ) ;
#898 = CARTESIAN_POINT ( 'NONE',  ( 1.774999999999998801, 0.2000000000000000111, -2.950000000000000178 ) ) ;
#899 = EDGE_CURVE ( 'NONE', #6078, #1912, #6725, .T. ) ;
#900 = CARTESIAN_POINT ( 'NONE',  ( 3.500000000000000444, 0.05000000000000000278, 3.499999999999999556 ) ) ;
#901 = COLOUR_RGB ( '',0.7921568627450980005, 0.8196078431372548767, 0.9333333333333333481 ) ;
#902 = CARTESIAN_POINT ( 'NONE',  ( 3.500000000000000444, 0.8264982043070829842, 1.475000000000000533 ) ) ;
#903 = EDGE_CURVE ( 'NONE', #9947, #8491, #6835, .T. ) ;
#904 = VERTEX_POINT ( 'NONE', #4597 ) ;
#905 = PLANE ( 'NONE',  #9203 ) ;
#906 = CARTESIAN_POINT ( 'NONE',  ( -2.950000000000000178, 0.1999999999999999833, -0.8250000000000001776 ) ) ;
#907 = ADVANCED_FACE ( 'NONE', ( #3661 ), #10030, .F. ) ;
#908 = SURFACE_SIDE_STYLE ('',( #4528 ) ) ;
#909 = ORIENTED_EDGE ( 'NONE', *, *, #9258, .F. ) ;
#910 = DIRECTION ( 'NONE',  ( -1.000000000000000000, 0.000000000000000000, -0.000000000000000000 ) ) ;
#911 = DIRECTION ( 'NONE',  ( -0.000000000000000000, 0.000000000000000000, -1.000000000000000000 ) ) ;
#912 = CARTESIAN_POINT ( 'NONE',  ( -3.499999999999999556, 11.49949493661166500, -3.499999999999999556 ) ) ;
#913 = EDGE_CURVE ( 'NONE', #3906, #7043, #2681, .T. ) ;
#914 = DIRECTION ( 'NONE',  ( 1.000000000000000000, 0.000000000000000000, -0.000000000000000000 ) ) ;
#915 = LINE ( 'NONE', #415, #6805 ) ;
#916 = FACE_OUTER_BOUND ( 'NONE', #177, .T. ) ;
#917 = CARTESIAN_POINT ( 'NONE',  ( -0.8250000000000001776, 0.2000000000000002054, -3.500000000000000444 ) ) ;
#918 = LINE ( 'NONE', #6836, #6319 ) ;
#919 = DIRECTION ( 'NONE',  ( 0.000000000000000000, 0.000000000000000000, -1.000000000000000000 ) ) ;
#920 = EDGE_CURVE ( 'NONE', #4947, #6669, #6960, .T. ) ;
#921 = DIRECTION ( 'NONE',  ( -0.000000000000000000, -1.000000000000000000, -0.000000000000000000 ) ) ;
#922 = ORIENTED_EDGE ( 'NONE', *, *, #2019, .T. ) ;
#923 = VECTOR ( 'NONE', #4693, 1000.000000000000000 ) ;
#924 = LINE ( 'NONE', #4751, #2535 ) ;
#925 = LINE ( 'NONE', #8512, #4875 ) ;
#926 = EDGE_CURVE ( 'NONE', #1775, #9467, #1555, .T. ) ;
#927 = DIRECTION ( 'NONE',  ( 0.000000000000000000, -0.000000000000000000, 1.000000000000000000 ) ) ;
#928 = DIRECTION ( 'NONE',  ( -1.000000000000000000, 0.000000000000000000, 1.577021341797097215E-15 ) ) ;
#929 = ORIENTED_EDGE ( 'NONE', *, *, #113, .F. ) ;
#930 = COLOUR_RGB ( '',0.7921568627450980005, 0.8196078431372548767, 0.9333333333333333481 ) ;
#931 = ORIENTED_EDGE ( 'NONE', *, *, #1713, .T. ) ;
#932 = DIRECTION ( 'NONE',  ( -1.000000000000000000, 0.000000000000000000, 0.000000000000000000 ) ) ;
#933 = LINE ( 'NONE', #1406, #8290 ) ;
#934 = FILL_AREA_STYLE ('',( #9647 ) ) ;
#935 = FACE_OUTER_BOUND ( 'NONE', #7917, .T. ) ;
#936 = DIRECTION ( 'NONE',  ( -0.000000000000000000, -1.000000000000000000, -0.000000000000000000 ) ) ;
#937 = DIRECTION ( 'NONE',  ( 0.000000000000000000, -1.000000000000000000, 0.000000000000000000 ) ) ;
#938 = ORIENTED_EDGE ( 'NONE', *, *, #4227, .T. ) ;
#939 = VECTOR ( 'NONE', #978, 1000.000000000000000 ) ;
#940 = DIRECTION ( 'NONE',  ( 0.000000000000000000, -0.000000000000000000, 1.000000000000000000 ) ) ;
#941 = CARTESIAN_POINT ( 'NONE',  ( 2.950000000000000178, 0.8264982043070829842, 0.8250000000000006217 ) ) ;
#942 = SURFACE_STYLE_USAGE ( .BOTH. , #908 ) ;
#943 = LINE ( 'NONE', #5646, #549 ) ;
#944 = DIRECTION ( 'NONE',  ( 1.000000000000000000, 0.000000000000000000, -0.000000000000000000 ) ) ;
#945 = AXIS2_PLACEMENT_3D ( 'NONE', #7490, #255, #2660 ) ;
#946 = PLANE ( 'NONE',  #1254 ) ;
#947 = LINE ( 'NONE', #1153, #7466 ) ;
#948 = DIRECTION ( 'NONE',  ( -1.000000000000000000, 0.000000000000000000, 0.000000000000000000 ) ) ;
#949 = ORIENTED_EDGE ( 'NONE', *, *, #285, .T. ) ;
#950 = DIRECTION ( 'NONE',  ( 1.577021341797097215E-15, 0.000000000000000000, 1.000000000000000000 ) ) ;
#951 = ORIENTED_EDGE ( 'NONE', *, *, #7325, .T. ) ;
#952 = LINE ( 'NONE', #6884, #8802 ) ;
#953 = CARTESIAN_POINT ( 'NONE',  ( 3.500000000000000444, 11.49949493661166500, 3.499999999999999556 ) ) ;
#955 = LINE ( 'NONE', #1970, #3058 ) ;
#954 = DIRECTION ( 'NONE',  ( 1.577021341797097018E-15, 0.000000000000000000, -1.000000000000000000 ) ) ;
#956 = VERTEX_POINT ( 'NONE', #8223 ) ;
#957 = ORIENTED_EDGE ( 'NONE', *, *, #5387, .T. ) ;
#958 = ADVANCED_FACE ( 'NONE', ( #1319 ), #5350, .F. ) ;
#959 = VERTEX_POINT ( 'NONE', #5123 ) ;
#960 = VECTOR ( 'NONE', #3183, 1000.000000000000000 ) ;
#961 = EDGE_CURVE ( 'NONE', #3577, #6131, #5258, .T. ) ;
#962 = DIRECTION ( 'NONE',  ( -0.000000000000000000, 1.000000000000000000, -0.000000000000000000 ) ) ;
#963 = CARTESIAN_POINT ( 'NONE',  ( -3.500000000000000444, 0.04999999999999969746, 2.125000000000000888 ) ) ;
#964 = EDGE_CURVE ( 'NONE', #4862, #9224, #2813, .T. ) ;
#966 = ORIENTED_EDGE ( 'NONE', *, *, #7556, .T. ) ;
#965 = DIRECTION ( 'NONE',  ( 0.000000000000000000, 0.000000000000000000, -1.000000000000000000 ) ) ;
#967 = VERTEX_POINT ( 'NONE', #4707 ) ;
#968 = CARTESIAN_POINT ( 'NONE',  ( -1.124999999999999334, 0.2000000000000000111, 3.500000000000001332 ) ) ;
#969 = VECTOR ( 'NONE', #726, 1000.000000000000000 ) ;
#970 = EDGE_CURVE ( 'NONE', #2751, #8844, #9404, .T. ) ;
#971 = PLANE ( 'NONE',  #1866 ) ;
#972 = CARTESIAN_POINT ( 'NONE',  ( -2.950000000000000178, 0.000000000000000000, -0.1750000000000002387 ) ) ;
#973 = DIRECTION ( 'NONE',  ( 1.000000000000000000, -0.000000000000000000, -1.239088197126290570E-16 ) ) ;
#974 = CARTESIAN_POINT ( 'NONE',  ( -2.950000000000000178, 0.1999999999999999833, 1.774999999999999689 ) ) ;
#975 = ORIENTED_EDGE ( 'NONE', *, *, #2715, .F. ) ;
#976 = CARTESIAN_POINT ( 'NONE',  ( -3.500000000000000444, 0.8264982043070829842, -1.774999999999999245 ) ) ;
#977 = ORIENTED_EDGE ( 'NONE', *, *, #6427, .F. ) ;
#978 = DIRECTION ( 'NONE',  ( -0.000000000000000000, -1.000000000000000000, -0.000000000000000000 ) ) ;
#979 = ORIENTED_EDGE ( 'NONE', *, *, #1379, .F. ) ;
#980 = EDGE_CURVE ( 'NONE', #8712, #1210, #556, .T. ) ;
#981 = DIRECTION ( 'NONE',  ( -0.000000000000000000, -0.000000000000000000, 1.000000000000000000 ) ) ;
#982 = ORIENTED_EDGE ( 'NONE', *, *, #3631, .F. ) ;
#983 = LINE ( 'NONE', #6329, #3328 ) ;
#984 = DIRECTION ( 'NONE',  ( -1.577021341797097018E-15, -0.000000000000000000, -1.000000000000000000 ) ) ;
#985 = CARTESIAN_POINT ( 'NONE',  ( 1.124999999999999778, 0.2000000000000000111, -3.500000000000000444 ) ) ;
#986 = DIRECTION ( 'NONE',  ( 0.000000000000000000, -0.000000000000000000, -1.000000000000000000 ) ) ;
#987 = EDGE_CURVE ( 'NONE', #9719, #9972, #4767, .T. ) ;
#988 = ORIENTED_EDGE ( 'NONE', *, *, #1490, .T. ) ;
#989 = ORIENTED_EDGE ( 'NONE', *, *, #5075, .F. ) ;
#990 = ORIENTED_EDGE ( 'NONE', *, *, #926, .T. ) ;
#991 = DIRECTION ( 'NONE',  ( 0.000000000000000000, 0.000000000000000000, 1.000000000000000000 ) ) ;
#992 =( GEOMETRIC_REPRESENTATION_CONTEXT ( 3 ) GLOBAL_UNCERTAINTY_ASSIGNED_CONTEXT ( ( #3795 ) ) GLOBAL_UNIT_ASSIGNED_CONTEXT ( ( #7976, #6416, #5687 ) ) REPRESENTATION_CONTEXT ( 'NONE', 'WORKASPACE' ) );
#993 = EDGE_CURVE ( 'NONE', #7706, #7137, #9543, .T. ) ;
#994 = VECTOR ( 'NONE', #7451, 1000.000000000000000 ) ;
#995 = VERTEX_POINT ( 'NONE', #2397 ) ;
#996 = VECTOR ( 'NONE', #4871, 1000.000000000000000 ) ;
#997 = CARTESIAN_POINT ( 'NONE',  ( -1.475000000000000089, 0.8264982043070834283, 2.950000000000001066 ) ) ;
#998 = ORIENTED_EDGE ( 'NONE', *, *, #1116, .T. ) ;
#999 = ORIENTED_EDGE ( 'NONE', *, *, #8849, .T. ) ;
#1000 = APPLICATION_CONTEXT ( 'automotive_design' ) ;
#1001 = CARTESIAN_POINT ( 'NONE',  ( 1.475000000000000533, 0.8264982043070834283, 2.950000000000001066 ) ) ;
#1002 = COLOUR_RGB ( '',0.7921568627450980005, 0.8196078431372548767, 0.9333333333333333481 ) ;
#1003 = CARTESIAN_POINT ( 'NONE',  ( 0.000000000000000000, 0.2000000000000000111, 0.000000000000000000 ) ) ;
#1004 = VERTEX_POINT ( 'NONE', #7021 ) ;
#1005 = LINE ( 'NONE', #10093, #5083 ) ;
#1006 = AXIS2_PLACEMENT_3D ( 'NONE', #6716, #5963, #6841 ) ;
#1007 = ORIENTED_EDGE ( 'NONE', *, *, #6445, .F. ) ;
#1008 = DIRECTION ( 'NONE',  ( 0.000000000000000000, 0.000000000000000000, -1.000000000000000000 ) ) ;
#1009 = DIRECTION ( 'NONE',  ( 1.000000000000000000, -0.000000000000000000, -0.000000000000000000 ) ) ;
#1010 = DIRECTION ( 'NONE',  ( -1.000000000000000000, 0.000000000000000000, 0.000000000000000000 ) ) ;
#1011 = ADVANCED_FACE ( 'NONE', ( #5377 ), #1561, .T. ) ;
#1012 = ORIENTED_EDGE ( 'NONE', *, *, #3425, .T. ) ;
#1013 = DIRECTION ( 'NONE',  ( 0.000000000000000000, -0.000000000000000000, 1.000000000000000000 ) ) ;
#1014 = CARTESIAN_POINT ( 'NONE',  ( 3.500000000000000444, 0.8264982043070829842, 0.1750000000000006828 ) ) ;
#1015 = VECTOR ( 'NONE', #2927, 1000.000000000000000 ) ;
#1016 = PLANE ( 'NONE',  #2663 ) ;
#1017 = ORIENTED_EDGE ( 'NONE', *, *, #1382, .T. ) ;
#1018 =( LENGTH_UNIT ( ) NAMED_UNIT ( * ) SI_UNIT ( .MILLI., .METRE. ) );
#1019 = MECHANICAL_DESIGN_GEOMETRIC_PRESENTATION_REPRESENTATION (  '', ( #1543 ), #4197 ) ;
#1020 = FILL_AREA_STYLE_COLOUR ( '', #9145 ) ;
#1021 = VECTOR ( 'NONE', #8138, 1000.000000000000000 ) ;
#1022 = ORIENTED_EDGE ( 'NONE', *, *, #6936, .T. ) ;
#1023 = ORIENTED_EDGE ( 'NONE', *, *, #2840, .T. ) ;
#1024 = ORIENTED_EDGE ( 'NONE', *, *, #7889, .T. ) ;
#1025 = VECTOR ( 'NONE', #5528, 1000.000000000000000 ) ;
#1026 = DIRECTION ( 'NONE',  ( -0.000000000000000000, -1.000000000000000000, -0.000000000000000000 ) ) ;
#1027 = AXIS2_PLACEMENT_3D ( 'NONE', #3526, #6568, #332 ) ;
#1028 = CARTESIAN_POINT ( 'NONE',  ( 0.000000000000000000, 0.05000000000000000278, 2.950000000000001066 ) ) ;
#1029 = ORIENTED_EDGE ( 'NONE', *, *, #1703, .T. ) ;
#1030 = ORIENTED_EDGE ( 'NONE', *, *, #1617, .T. ) ;
#1031 = DIRECTION ( 'NONE',  ( 1.000000000000000000, -0.000000000000000000, -0.000000000000000000 ) ) ;
#1032 = EDGE_CURVE ( 'NONE', #9249, #7580, #3291, .T. ) ;
#1033 = ORIENTED_EDGE ( 'NONE', *, *, #5197, .T. ) ;
#1034 = VECTOR ( 'NONE', #2655, 1000.000000000000000 ) ;
#1035 = DIRECTION ( 'NONE',  ( 0.000000000000000000, 0.000000000000000000, -1.000000000000000000 ) ) ;
#1036 = EDGE_CURVE ( 'NONE', #5822, #5286, #7590, .T. ) ;
#1037 = FACE_OUTER_BOUND ( 'NONE', #5257, .T. ) ;
#1038 = CARTESIAN_POINT ( 'NONE',  ( 0.4750000000000005884, 0.000000000000000000, 3.500000000000001332 ) ) ;
#1039 = DIRECTION ( 'NONE',  ( 0.000000000000000000, -0.000000000000000000, 1.000000000000000000 ) ) ;
#1040 = DIRECTION ( 'NONE',  ( -1.577021341797097215E-15, 0.000000000000000000, 1.000000000000000000 ) ) ;
#1041 = VECTOR ( 'NONE', #5758, 1000.000000000000000 ) ;
#1042 = EDGE_CURVE ( 'NONE', #9330, #1808, #2295, .T. ) ;
#1043 = DIRECTION ( 'NONE',  ( 1.577021341797097215E-15, 0.000000000000000000, 1.000000000000000000 ) ) ;
#1044 = ORIENTED_EDGE ( 'NONE', *, *, #9461, .T. ) ;
#1045 = LINE ( 'NONE', #7191, #1414 ) ;
#1046 = CARTESIAN_POINT ( 'NONE',  ( -2.950000000000000178, 0.8264982043070829842, 2.125000000000000888 ) ) ;
#1047 = EDGE_CURVE ( 'NONE', #9201, #3213, #2049, .T. ) ;
#1048 = LINE ( 'NONE', #6409, #5001 ) ;
#1049 = SURFACE_SIDE_STYLE ('',( #4728 ) ) ;
#1050 = LINE ( 'NONE', #5539, #4756 ) ;
#1051 = PLANE ( 'NONE',  #5275 ) ;
#1052 =( NAMED_UNIT ( * ) SI_UNIT ( $, .STERADIAN. ) SOLID_ANGLE_UNIT ( ) );
#1053 = ORIENTED_EDGE ( 'NONE', *, *, #5327, .T. ) ;
#1054 = CARTESIAN_POINT ( 'NONE',  ( -2.425000000000000266, 0.2000000000000000111, -2.950000000000000178 ) ) ;
#1055 = ADVANCED_FACE ( 'NONE', ( #5619 ), #7093, .F. ) ;
#1056 = VECTOR ( 'NONE', #5613, 1000.000000000000000 ) ;
#1057 = CARTESIAN_POINT ( 'NONE',  ( 2.950000000000000178, 0.05000000000000000278, 0.000000000000000000 ) ) ;
#1058 = FACE_OUTER_BOUND ( 'NONE', #8808, .T. ) ;
#1059 = PRESENTATION_LAYER_ASSIGNMENT (  '', '', ( #8412 ) ) ;
#1060 = ADVANCED_FACE ( 'NONE', ( #7214 ), #9369, .T. ) ;
#1061 = CARTESIAN_POINT ( 'NONE',  ( -3.500000000000000444, 0.000000000000000000, 0.8250000000000006217 ) ) ;
#1062 = CARTESIAN_POINT ( 'NONE',  ( 3.500000000000000444, 0.1999999999999999833, -0.1750000000000002387 ) ) ;
#1063 = ORIENTED_EDGE ( 'NONE', *, *, #25, .F. ) ;
#1064 = VECTOR ( 'NONE', #2153, 1000.000000000000000 ) ;
#1065 =( NAMED_UNIT ( * ) SI_UNIT ( $, .STERADIAN. ) SOLID_ANGLE_UNIT ( ) );
#1066 = VECTOR ( 'NONE', #1181, 1000.000000000000000 ) ;
#1067 = VERTEX_POINT ( 'NONE', #10123 ) ;
#1068 = DIRECTION ( 'NONE',  ( 0.000000000000000000, -0.000000000000000000, -1.000000000000000000 ) ) ;
#1069 = ORIENTED_EDGE ( 'NONE', *, *, #4855, .T. ) ;
#1070 = CARTESIAN_POINT ( 'NONE',  ( 3.500000000000000444, 0.8264982043070829842, 0.8250000000000006217 ) ) ;
#1071 = CARTESIAN_POINT ( 'NONE',  ( 2.950000000000000178, 0.1999999999999999833, -0.8250000000000001776 ) ) ;
#1072 = ORIENTED_EDGE ( 'NONE', *, *, #6767, .F. ) ;
#1073 = LINE ( 'NONE', #3259, #5871 ) ;
#1074 = PLANE ( 'NONE',  #1027 ) ;
#1075 = EDGE_LOOP ( 'NONE', ( #9569, #5319, #7394, #4646 ) ) ;
#1076 = PRESENTATION_LAYER_ASSIGNMENT (  '', '', ( #4451 ) ) ;
#1077 = CARTESIAN_POINT ( 'NONE',  ( -0.8250000000000001776, 0.000000000000000000, 2.950000000000001066 ) ) ;
#1078 = VECTOR ( 'NONE', #6674, 1000.000000000000000 ) ;
#1079 = DIRECTION ( 'NONE',  ( -6.195440985631454085E-17, -0.000000000000000000, 1.000000000000000000 ) ) ;
#1080 = MANIFOLD_SOLID_BREP ( 'Boss-Extrude2[1]', #6567 ) ;
#1081 = LINE ( 'NONE', #5813, #6964 ) ;
#1082 = DIRECTION ( 'NONE',  ( 0.000000000000000000, 0.000000000000000000, -1.000000000000000000 ) ) ;
#1083 = ORIENTED_EDGE ( 'NONE', *, *, #4657, .T. ) ;
#1084 = CARTESIAN_POINT ( 'NONE',  ( -3.500000000000000000, 0.05000000000000000278, 3.500000000000000444 ) ) ;
#1085 = AXIS2_PLACEMENT_3D ( 'NONE', #8245, #4359, #5922 ) ;
#1086 = DIRECTION ( 'NONE',  ( -1.000000000000000000, -0.000000000000000000, -0.000000000000000000 ) ) ;
#1087 = FACE_OUTER_BOUND ( 'NONE', #8949, .T. ) ;
#1088 = VERTEX_POINT ( 'NONE', #10157 ) ;
#1089 = VECTOR ( 'NONE', #1961, 1000.000000000000000 ) ;
#1090 = CARTESIAN_POINT ( 'NONE',  ( -2.950000000000000178, 0.1999999999999999833, 0.1750000000000006828 ) ) ;
#1091 =( NAMED_UNIT ( * ) SI_UNIT ( $, .STERADIAN. ) SOLID_ANGLE_UNIT ( ) );
#1092 = VECTOR ( 'NONE', #9210, 1000.000000000000000 ) ;
#1093 = AXIS2_PLACEMENT_3D ( 'NONE', #5301, #8458, #4413 ) ;
#1094 = ORIENTED_EDGE ( 'NONE', *, *, #38, .T. ) ;
#1095 = EDGE_CURVE ( 'NONE', #5593, #2584, #9890, .T. ) ;
#1096 = ORIENTED_EDGE ( 'NONE', *, *, #6110, .T. ) ;
#1097 = ORIENTED_EDGE ( 'NONE', *, *, #3868, .F. ) ;
#1098 = FILL_AREA_STYLE ('',( #1168 ) ) ;
#1099 = ORIENTED_EDGE ( 'NONE', *, *, #9661, .T. ) ;
#1100 = FACE_OUTER_BOUND ( 'NONE', #7535, .T. ) ;
#1101 = EDGE_CURVE ( 'NONE', #142, #8971, #8537, .T. ) ;
#1103 = VECTOR ( 'NONE', #9829, 1000.000000000000000 ) ;
#1102 = CARTESIAN_POINT ( 'NONE',  ( -3.500000000000000444, 0.1999999999999999833, 2.425000000000000266 ) ) ;
#1104 = ORIENTED_EDGE ( 'NONE', *, *, #1573, .T. ) ;
#1105 = ORIENTED_EDGE ( 'NONE', *, *, #8334, .T. ) ;
#1106 = ORIENTED_EDGE ( 'NONE', *, *, #3415, .T. ) ;
#1107 = EDGE_CURVE ( 'NONE', #2203, #5160, #6100, .T. ) ;
#1108 = DIRECTION ( 'NONE',  ( 0.000000000000000000, -1.000000000000000000, 0.000000000000000000 ) ) ;
#1109 = EDGE_LOOP ( 'NONE', ( #5800, #3059, #9132, #7501 ) ) ;
#1110 = EDGE_LOOP ( 'NONE', ( #604, #9209, #957, #5118 ) ) ;
#1111 = LINE ( 'NONE', #6496, #2728 ) ;
#1112 = DIRECTION ( 'NONE',  ( -1.000000000000000000, 0.000000000000000000, 0.000000000000000000 ) ) ;
#1113 = VERTEX_POINT ( 'NONE', #5589 ) ;
#1114 = ADVANCED_FACE ( 'NONE', ( #8065 ), #9625, .T. ) ;
#1115 = DIRECTION ( 'NONE',  ( -1.000000000000000000, 0.000000000000000000, -1.577021341797097215E-15 ) ) ;
#1116 = EDGE_CURVE ( 'NONE', #9317, #3886, #7701, .T. ) ;
#1117 = DIRECTION ( 'NONE',  ( 0.000000000000000000, 0.000000000000000000, 1.000000000000000000 ) ) ;
#1118 = VECTOR ( 'NONE', #4462, 1000.000000000000000 ) ;
#1119 = CARTESIAN_POINT ( 'NONE',  ( -1.775000000000000133, 0.2000000000000000111, -2.950000000000000178 ) ) ;
#1120 = CARTESIAN_POINT ( 'NONE',  ( 2.950000000000000178, 0.05000000000000002359, -0.4749999999999993117 ) ) ;
#1121 = EDGE_LOOP ( 'NONE', ( #7355, #8542, #7526, #8414 ) ) ;
#1122 = EDGE_CURVE ( 'NONE', #9607, #4046, #3532, .T. ) ;
#1123 = DIRECTION ( 'NONE',  ( -0.000000000000000000, -1.000000000000000000, -0.000000000000000000 ) ) ;
#1124 = ADVANCED_FACE ( 'NONE', ( #6460 ), #8724, .T. ) ;
#1125 = ORIENTED_EDGE ( 'NONE', *, *, #4823, .F. ) ;
#1126 = ORIENTED_EDGE ( 'NONE', *, *, #5919, .T. ) ;
#1127 = DIRECTION ( 'NONE',  ( 0.000000000000000000, -1.000000000000000000, 0.000000000000000000 ) ) ;
#1129 = EDGE_CURVE ( 'NONE', #5491, #1240, #7940, .T. ) ;
#1128 = VECTOR ( 'NONE', #4295, 1000.000000000000000 ) ;
#1130 = STYLED_ITEM ( 'NONE', ( #7165 ), #3670 ) ;
#1131 = STYLED_ITEM ( 'NONE', ( #4598 ), #2922 ) ;
#1132 = EDGE_LOOP ( 'NONE', ( #1472, #3121, #7286, #5746 ) ) ;
#1133 = EDGE_LOOP ( 'NONE', ( #5565, #353, #361, #6251 ) ) ;
#1134 = VECTOR ( 'NONE', #6538, 1000.000000000000000 ) ;
#1135 = DIRECTION ( 'NONE',  ( 0.000000000000000000, 0.000000000000000000, -1.000000000000000000 ) ) ;
#1136 = CARTESIAN_POINT ( 'NONE',  ( -2.950000000000000178, 0.8264982043070829842, 1.774999999999999689 ) ) ;
#1137 = ORIENTED_EDGE ( 'NONE', *, *, #3026, .T. ) ;
#1138 = DIRECTION ( 'NONE',  ( -1.000000000000000000, 0.000000000000000000, 0.000000000000000000 ) ) ;
#1139 = VERTEX_POINT ( 'NONE', #72 ) ;
#1140 = LINE ( 'NONE', #9164, #5451 ) ;
#1141 = DIRECTION ( 'NONE',  ( 0.000000000000000000, -0.000000000000000000, 1.000000000000000000 ) ) ;
#1142 = ORIENTED_EDGE ( 'NONE', *, *, #5845, .F. ) ;
#1143 = PLANE ( 'NONE',  #4242 ) ;
#1144 =( NAMED_UNIT ( * ) PLANE_ANGLE_UNIT ( ) SI_UNIT ( $, .RADIAN. ) );
#1145 = ORIENTED_EDGE ( 'NONE', *, *, #5218, .F. ) ;
#1146 = CLOSED_SHELL ( 'NONE', ( #4891, #7356, #7849, #8982, #2882, #1267 ) ) ;
#1147 = PLANE ( 'NONE',  #2089 ) ;
#1148 = CARTESIAN_POINT ( 'NONE',  ( -4.336808689942018722E-16, 0.05000000000000000278, 2.350000000000000089 ) ) ;
#1149 = DIRECTION ( 'NONE',  ( 0.000000000000000000, -1.000000000000000000, 0.000000000000000000 ) ) ;
#1150 = LINE ( 'NONE', #2918, #272 ) ;
#1151 = CARTESIAN_POINT ( 'NONE',  ( 1.949999999999999956, 0.000000000000000000, 0.000000000000000000 ) ) ;
#1152 = EDGE_LOOP ( 'NONE', ( #6785, #3005, #4936, #7376 ) ) ;
#1153 = CARTESIAN_POINT ( 'NONE',  ( -3.500000000000000444, 0.1999999999999999833, -1.475000000000000089 ) ) ;
#1154 = CARTESIAN_POINT ( 'NONE',  ( 0.1750000000000006828, 0.8264982043070834283, 2.950000000000001066 ) ) ;
#1155 = AXIS2_PLACEMENT_3D ( 'NONE', #4555, #1422, #8500 ) ;
#1156 = ORIENTED_EDGE ( 'NONE', *, *, #6422, .F. ) ;
#1157 = DIRECTION ( 'NONE',  ( -1.000000000000000000, 0.000000000000000000, 0.000000000000000000 ) ) ;
#1158 = EDGE_CURVE ( 'NONE', #3061, #9618, #3278, .T. ) ;
#1159 = DIRECTION ( 'NONE',  ( 0.000000000000000000, 0.000000000000000000, 1.000000000000000000 ) ) ;
#1160 = VECTOR ( 'NONE', #9635, 1000.000000000000000 ) ;
#1161 = ORIENTED_EDGE ( 'NONE', *, *, #8271, .F. ) ;
#1162 = FACE_OUTER_BOUND ( 'NONE', #8568, .T. ) ;
#1163 = ADVANCED_FACE ( 'NONE', ( #8296 ), #946, .F. ) ;
#1164 = EDGE_CURVE ( 'NONE', #4131, #6782, #1791, .T. ) ;
#1165 = VECTOR ( 'NONE', #5150, 1000.000000000000000 ) ;
#1166 = CARTESIAN_POINT ( 'NONE',  ( 3.500000000000000444, 0.1999999999999999833, 2.425000000000000266 ) ) ;
#1167 = ORIENTED_EDGE ( 'NONE', *, *, #4077, .F. ) ;
#1168 = FILL_AREA_STYLE_COLOUR ( '', #1304 ) ;
#1169 = ADVANCED_FACE ( 'NONE', ( #4146 ), #3324, .F. ) ;
#1170 = EDGE_CURVE ( 'NONE', #4655, #1275, #7582, .T. ) ;
#1171 = CARTESIAN_POINT ( 'NONE',  ( 3.500000000000000444, 0.8264982043070829842, -1.124999999999999334 ) ) ;
#1172 = AXIS2_PLACEMENT_3D ( 'NONE', #5696, #9554, #910 ) ;
#1173 = CARTESIAN_POINT ( 'NONE',  ( -2.950000000000000178, 0.8264982043070829842, -0.8250000000000001776 ) ) ;
#1174 = EDGE_LOOP ( 'NONE', ( #9090, #7193, #294, #3195 ) ) ;
#1175 = LINE ( 'NONE', #1681, #1301 ) ;
#1176 = VECTOR ( 'NONE', #185, 1000.000000000000000 ) ;
#1177 = PLANE ( 'NONE',  #7930 ) ;
#1178 = EDGE_CURVE ( 'NONE', #7832, #9317, #3771, .T. ) ;
#1179 = VECTOR ( 'NONE', #6465, 1000.000000000000000 ) ;
#1180 = CARTESIAN_POINT ( 'NONE',  ( -1.124999999999999334, 0.000000000000000000, 2.950000000000001066 ) ) ;
#1181 = DIRECTION ( 'NONE',  ( -6.195440985631454085E-17, -0.000000000000000000, 1.000000000000000000 ) ) ;
#1182 = EDGE_CURVE ( 'NONE', #8908, #3201, #3402, .T. ) ;
#1183 = VERTEX_POINT ( 'NONE', #3251 ) ;
#1184 = VECTOR ( 'NONE', #5312, 1000.000000000000000 ) ;
#1185 = CARTESIAN_POINT ( 'NONE',  ( -2.950000000000000178, 0.1999999999999999833, -0.1750000000000002387 ) ) ;
#1186 = ORIENTED_EDGE ( 'NONE', *, *, #1910, .F. ) ;
#1187 = LINE ( 'NONE', #7398, #5971 ) ;
#1188 = DIRECTION ( 'NONE',  ( 1.000000000000000000, 0.000000000000000000, 0.000000000000000000 ) ) ;
#1189 = LINE ( 'NONE', #6875, #5255 ) ;
#1190 = EDGE_CURVE ( 'NONE', #3521, #3886, #6341, .T. ) ;
#1191 = AXIS2_PLACEMENT_3D ( 'NONE', #8917, #2697, #3481 ) ;
#1192 = CARTESIAN_POINT ( 'NONE',  ( -2.424999999999999378, 0.000000000000000000, 2.950000000000001066 ) ) ;
#1193 = EDGE_CURVE ( 'NONE', #654, #7043, #1932, .T. ) ;
#1194 = ORIENTED_EDGE ( 'NONE', *, *, #1512, .F. ) ;
#1195 = VECTOR ( 'NONE', #8867, 1000.000000000000000 ) ;
#1196 = DIRECTION ( 'NONE',  ( -0.000000000000000000, -1.000000000000000000, -0.000000000000000000 ) ) ;
#1198 = LINE ( 'NONE', #4398, #9045 ) ;
#1197 = DIRECTION ( 'NONE',  ( 0.000000000000000000, 0.000000000000000000, 1.000000000000000000 ) ) ;
#1199 = CARTESIAN_POINT ( 'NONE',  ( 1.125000000000000666, 0.04999999999999969746, 3.500000000000001332 ) ) ;
#1200 = ORIENTED_EDGE ( 'NONE', *, *, #360, .T. ) ;
#1201 = ORIENTED_EDGE ( 'NONE', *, *, #6763, .F. ) ;
#1202 = VECTOR ( 'NONE', #699, 1000.000000000000000 ) ;
#1203 = DIRECTION ( 'NONE',  ( 1.000000000000000000, -0.000000000000000000, -0.000000000000000000 ) ) ;
#1204 = CARTESIAN_POINT ( 'NONE',  ( -3.500000000000000444, 0.000000000000000000, 1.774999999999999689 ) ) ;
#1205 = LINE ( 'NONE', #6075, #8549 ) ;
#1206 = DIRECTION ( 'NONE',  ( 0.000000000000000000, -0.000000000000000000, 1.000000000000000000 ) ) ;
#1207 = DIRECTION ( 'NONE',  ( -0.000000000000000000, -0.000000000000000000, 1.000000000000000000 ) ) ;
#1208 = ORIENTED_EDGE ( 'NONE', *, *, #646, .F. ) ;
#1210 = VERTEX_POINT ( 'NONE', #111 ) ;
#1209 = CARTESIAN_POINT ( 'NONE',  ( 3.500000000000000444, 0.1999999999999999833, 1.774999999999999689 ) ) ;
#1211 = ORIENTED_EDGE ( 'NONE', *, *, #3211, .T. ) ;
#1212 = VECTOR ( 'NONE', #5296, 1000.000000000000000 ) ;
#1213 = ORIENTED_EDGE ( 'NONE', *, *, #6830, .F. ) ;
#1214 = CARTESIAN_POINT ( 'NONE',  ( -2.950000000000000178, 0.8264982043070829842, -0.8250000000000001776 ) ) ;
#1215 = CARTESIAN_POINT ( 'NONE',  ( 3.500000000000000444, 0.1999999999999999833, 2.425000000000000266 ) ) ;
#1216 = UNCERTAINTY_MEASURE_WITH_UNIT (LENGTH_MEASURE( 1.000000000000000082E-05 ), #8556, 'distance_accuracy_value', 'NONE');
#1217 = CARTESIAN_POINT ( 'NONE',  ( 2.950000000000000178, 0.8264982043070829842, -2.125000000000000000 ) ) ;
#1218 = ADVANCED_FACE ( 'NONE', ( #8415 ), #9522, .T. ) ;
#1219 =( NAMED_UNIT ( * ) SI_UNIT ( $, .STERADIAN. ) SOLID_ANGLE_UNIT ( ) );
#1220 = VERTEX_POINT ( 'NONE', #8753 ) ;
#1221 = CARTESIAN_POINT ( 'NONE',  ( -2.950000000000000178, 0.000000000000000000, 0.4749999999999997558 ) ) ;
#1222 = FACE_OUTER_BOUND ( 'NONE', #9727, .T. ) ;
#1223 = ADVANCED_FACE ( 'NONE', ( #9039 ), #1629, .F. ) ;
#1224 = VECTOR ( 'NONE', #7970, 1000.000000000000000 ) ;
#1225 = CARTESIAN_POINT ( 'NONE',  ( 1.774999999999998801, 0.000000000000000000, -2.950000000000000178 ) ) ;
#1226 = LINE ( 'NONE', #6301, #4067 ) ;
#1227 = DIRECTION ( 'NONE',  ( -0.000000000000000000, 0.000000000000000000, 1.000000000000000000 ) ) ;
#1228 = VERTEX_POINT ( 'NONE', #7987 ) ;
#1229 = CARTESIAN_POINT ( 'NONE',  ( 2.950000000000000178, 0.8264982043070829842, 1.124999999999999778 ) ) ;
#1230 = VERTEX_POINT ( 'NONE', #4324 ) ;
#1231 = VERTEX_POINT ( 'NONE', #2750 ) ;
#1232 = DIRECTION ( 'NONE',  ( -0.000000000000000000, -1.000000000000000000, -0.000000000000000000 ) ) ;
#1233 = ORIENTED_EDGE ( 'NONE', *, *, #9773, .T. ) ;
#1234 = LINE ( 'NONE', #6296, #3455 ) ;
#1235 = AXIS2_PLACEMENT_3D ( 'NONE', #3619, #1138, #3553 ) ;
#1236 = SURFACE_STYLE_FILL_AREA ( #3626 ) ;
#1237 = EDGE_CURVE ( 'NONE', #1966, #10056, #9653, .T. ) ;
#1238 = CARTESIAN_POINT ( 'NONE',  ( 1.774999999999998801, 0.1999999999999999833, -2.950000000000000178 ) ) ;
#1239 = EDGE_LOOP ( 'NONE', ( #5208, #8852, #5878, #5463 ) ) ;
#1240 = VERTEX_POINT ( 'NONE', #5819 ) ;
#1241 = FILL_AREA_STYLE ('',( #6757 ) ) ;
#1242 = VERTEX_POINT ( 'NONE', #1120 ) ;
#1243 = DIRECTION ( 'NONE',  ( 0.000000000000000000, 0.000000000000000000, 1.000000000000000000 ) ) ;
#1244 = EDGE_CURVE ( 'NONE', #1300, #5314, #431, .T. ) ;
#1245 = EDGE_LOOP ( 'NONE', ( #3443, #2881, #5453, #2954 ) ) ;
#1246 = LINE ( 'NONE', #8134, #6651 ) ;
#1247 = DIRECTION ( 'NONE',  ( 0.000000000000000000, -0.000000000000000000, 1.000000000000000000 ) ) ;
#1248 = LINE ( 'NONE', #8345, #5683 ) ;
#1249 = EDGE_CURVE ( 'NONE', #3277, #8801, #9535, .T. ) ;
#1250 = VERTEX_POINT ( 'NONE', #3392 ) ;
#1251 = CARTESIAN_POINT ( 'NONE',  ( -0.1749999999999993783, 0.2000000000000000111, 3.500000000000001332 ) ) ;
#1252 = CARTESIAN_POINT ( 'NONE',  ( -1.474999999999999423, 0.1999999999999999833, 3.500000000000001332 ) ) ;
#1253 = CARTESIAN_POINT ( 'NONE',  ( -3.500000000000000444, 0.000000000000000000, 1.475000000000000533 ) ) ;
#1254 = AXIS2_PLACEMENT_3D ( 'NONE', #8025, #3285, #7279 ) ;
#1255 = EDGE_CURVE ( 'NONE', #9985, #7545, #680, .T. ) ;
#1256 = VECTOR ( 'NONE', #6688, 1000.000000000000000 ) ;
#1257 = PLANE ( 'NONE',  #16 ) ;
#1258 = ORIENTED_EDGE ( 'NONE', *, *, #5791, .T. ) ;
#1259 = LINE ( 'NONE', #8653, #5321 ) ;
#1260 = CARTESIAN_POINT ( 'NONE',  ( 2.950000000000000178, 0.8264982043070829842, 0.8250000000000006217 ) ) ;
#1261 = ORIENTED_EDGE ( 'NONE', *, *, #9523, .T. ) ;
#1262 = PLANE ( 'NONE',  #1006 ) ;
#1263 = ORIENTED_EDGE ( 'NONE', *, *, #244, .T. ) ;
#1264 = DIRECTION ( 'NONE',  ( -0.000000000000000000, -1.000000000000000000, -0.000000000000000000 ) ) ;
#1265 = FACE_OUTER_BOUND ( 'NONE', #1621, .T. ) ;
#1266 = PRESENTATION_LAYER_ASSIGNMENT (  '', '', ( #1131 ) ) ;
#1267 = ADVANCED_FACE ( 'NONE', ( #4759 ), #6604, .F. ) ;
#1268 = VERTEX_POINT ( 'NONE', #8970 ) ;
#1269 = DIRECTION ( 'NONE',  ( 0.000000000000000000, -1.000000000000000000, 0.000000000000000000 ) ) ;
#1270 = ADVANCED_FACE ( 'NONE', ( #1923 ), #4290, .F. ) ;
#1271 = VECTOR ( 'NONE', #9742, 1000.000000000000000 ) ;
#1272 = DIRECTION ( 'NONE',  ( 0.000000000000000000, 0.000000000000000000, 1.000000000000000000 ) ) ;
#1273 = ORIENTED_EDGE ( 'NONE', *, *, #10159, .T. ) ;
#1274 = CARTESIAN_POINT ( 'NONE',  ( 2.350000000000000089, 0.000000000000000000, -2.350000000000000089 ) ) ;
#1275 = VERTEX_POINT ( 'NONE', #7309 ) ;
#1276 = DIRECTION ( 'NONE',  ( -1.000000000000000000, 0.000000000000000000, 0.000000000000000000 ) ) ;
#1277 = DIRECTION ( 'NONE',  ( 0.000000000000000000, 0.000000000000000000, -1.000000000000000000 ) ) ;
#1278 = EDGE_LOOP ( 'NONE', ( #3587, #2532, #9922, #6468 ) ) ;
#1279 = FACE_OUTER_BOUND ( 'NONE', #3788, .T. ) ;
#1280 = DIRECTION ( 'NONE',  ( 1.000000000000000000, 0.000000000000000000, 1.845450506358305572E-16 ) ) ;
#1281 = CARTESIAN_POINT ( 'NONE',  ( -2.350000000000000089, 0.1999999999999996503, -2.350000000000000533 ) ) ;
#1282 = VECTOR ( 'NONE', #3825, 1000.000000000000000 ) ;
#1283 = ORIENTED_EDGE ( 'NONE', *, *, #3695, .T. ) ;
#1284 = VERTEX_POINT ( 'NONE', #5727 ) ;
#1285 = DIRECTION ( 'NONE',  ( 0.000000000000000000, 0.000000000000000000, -1.000000000000000000 ) ) ;
#1286 = CARTESIAN_POINT ( 'NONE',  ( -3.499999999999999556, 0.2000000000000005107, -2.124999999999999112 ) ) ;
#1287 = DIRECTION ( 'NONE',  ( 0.000000000000000000, 1.000000000000000000, 0.000000000000000000 ) ) ;
#1288 = ORIENTED_EDGE ( 'NONE', *, *, #293, .T. ) ;
#1289 = FACE_OUTER_BOUND ( 'NONE', #9692, .T. ) ;
#1290 = DIRECTION ( 'NONE',  ( 0.000000000000000000, 0.000000000000000000, -1.000000000000000000 ) ) ;
#1291 = VECTOR ( 'NONE', #596, 1000.000000000000000 ) ;
#1292 = DIRECTION ( 'NONE',  ( 1.000000000000000000, -0.000000000000000000, 0.000000000000000000 ) ) ;
#1293 = LINE ( 'NONE', #3000, #8891 ) ;
#1294 = AXIS2_PLACEMENT_3D ( 'NONE', #7275, #7985, #4873 ) ;
#1295 = DIRECTION ( 'NONE',  ( 1.000000000000000000, -0.000000000000000000, 0.000000000000000000 ) ) ;
#1296 = FACE_OUTER_BOUND ( 'NONE', #9863, .T. ) ;
#1297 = VERTEX_POINT ( 'NONE', #5047 ) ;
#1298 = EDGE_CURVE ( 'NONE', #9326, #9684, #7205, .T. ) ;
#1299 = DIRECTION ( 'NONE',  ( -1.000000000000000000, 0.000000000000000000, 0.000000000000000000 ) ) ;
#1300 = VERTEX_POINT ( 'NONE', #335 ) ;
#1301 = VECTOR ( 'NONE', #2600, 1000.000000000000000 ) ;
#1302 = EDGE_CURVE ( 'NONE', #8022, #142, #4389, .T. ) ;
#1303 = CIRCLE ( 'NONE', #895, 0.1999999999999996503 ) ;
#1304 = COLOUR_RGB ( '',0.7921568627450980005, 0.8196078431372548767, 0.9333333333333333481 ) ;
#1305 = DIRECTION ( 'NONE',  ( 0.000000000000000000, 0.000000000000000000, -1.000000000000000000 ) ) ;
#1306 = DIRECTION ( 'NONE',  ( 0.000000000000000000, 0.000000000000000000, 1.000000000000000000 ) ) ;
#1307 = EDGE_CURVE ( 'NONE', #8341, #7757, #545, .T. ) ;
#1308 = CARTESIAN_POINT ( 'NONE',  ( 2.950000000000000178, 0.1999999999999999833, 0.4749999999999997558 ) ) ;
#1309 = VERTEX_POINT ( 'NONE', #9659 ) ;
#1310 = VECTOR ( 'NONE', #6570, 1000.000000000000000 ) ;
#1311 = EDGE_CURVE ( 'NONE', #6583, #9618, #8651, .T. ) ;
#1312 = LINE ( 'NONE', #135, #6717 ) ;
#1313 = VECTOR ( 'NONE', #1516, 1000.000000000000000 ) ;
#1314 = EDGE_CURVE ( 'NONE', #3577, #1465, #6938, .T. ) ;
#1315 = CARTESIAN_POINT ( 'NONE',  ( 2.950000000000000178, 0.8264982043070829842, -0.8250000000000001776 ) ) ;
#1316 = ADVANCED_FACE ( 'NONE', ( #9150 ), #4976, .F. ) ;
#1317 = DIRECTION ( 'NONE',  ( 0.000000000000000000, -1.000000000000000000, 0.000000000000000000 ) ) ;
#1318 = ORIENTED_EDGE ( 'NONE', *, *, #4612, .T. ) ;
#1319 = FACE_OUTER_BOUND ( 'NONE', #98, .T. ) ;
#1320 = CARTESIAN_POINT ( 'NONE',  ( 3.500000000000000444, 0.000000000000000000, -2.424999999999999378 ) ) ;
#1321 = DIRECTION ( 'NONE',  ( 1.000000000000000000, 0.000000000000000000, -0.000000000000000000 ) ) ;
#1322 = LINE ( 'NONE', #5213, #4033 ) ;
#1323 = EDGE_CURVE ( 'NONE', #2342, #6262, #9526, .T. ) ;
#1324 = ADVANCED_FACE ( 'NONE', ( #2279 ), #4258, .F. ) ;
#1325 = FACE_OUTER_BOUND ( 'NONE', #1121, .T. ) ;
#1326 = AXIS2_PLACEMENT_3D ( 'NONE', #2045, #6608, #305 ) ;
#1327 = AXIS2_PLACEMENT_3D ( 'NONE', #7001, #9352, #3965 ) ;
#1328 = EDGE_CURVE ( 'NONE', #8971, #9719, #6585, .T. ) ;
#1329 = DIRECTION ( 'NONE',  ( 0.000000000000000000, 0.000000000000000000, -1.000000000000000000 ) ) ;
#1330 = ORIENTED_EDGE ( 'NONE', *, *, #8709, .F. ) ;
#1331 =( NAMED_UNIT ( * ) SI_UNIT ( $, .STERADIAN. ) SOLID_ANGLE_UNIT ( ) );
#1332 = CARTESIAN_POINT ( 'NONE',  ( -0.8250000000000001776, 0.1999999999999999833, 2.950000000000001066 ) ) ;
#1333 = VERTEX_POINT ( 'NONE', #2880 ) ;
#1334 = FACE_OUTER_BOUND ( 'NONE', #1821, .T. ) ;
#1335 = ORIENTED_EDGE ( 'NONE', *, *, #5152, .F. ) ;
#1336 = DIRECTION ( 'NONE',  ( 1.000000000000000000, 0.000000000000000000, -0.000000000000000000 ) ) ;
#1337 = ORIENTED_EDGE ( 'NONE', *, *, #8648, .T. ) ;
#1338 = CARTESIAN_POINT ( 'NONE',  ( -2.950000000000000178, 0.1999999999999999833, -1.475000000000000089 ) ) ;
#1339 = VECTOR ( 'NONE', #8749, 1000.000000000000000 ) ;
#1340 = CARTESIAN_POINT ( 'NONE',  ( 1.124999999999998890, 0.8264982043070834283, -2.950000000000000178 ) ) ;
#1341 = EDGE_LOOP ( 'NONE', ( #3621, #9511, #3567, #4302 ) ) ;
#1342 = DIRECTION ( 'NONE',  ( 0.000000000000000000, -0.000000000000000000, 1.000000000000000000 ) ) ;
#1343 = FACE_OUTER_BOUND ( 'NONE', #8075, .T. ) ;
#1344 = CARTESIAN_POINT ( 'NONE',  ( 3.500000000000000444, 0.000000000000000000, -1.475000000000000089 ) ) ;
#1345 = CARTESIAN_POINT ( 'NONE',  ( -3.500000000000000444, 0.1999999999999999833, 0.8250000000000006217 ) ) ;
#1346 = ORIENTED_EDGE ( 'NONE', *, *, #6096, .F. ) ;
#1347 = ORIENTED_EDGE ( 'NONE', *, *, #3956, .F. ) ;
#1348 = EDGE_LOOP ( 'NONE', ( #6405, #1451, #6300, #508 ) ) ;
#1349 = ORIENTED_EDGE ( 'NONE', *, *, #858, .F. ) ;
#1350 = VECTOR ( 'NONE', #9858, 1000.000000000000000 ) ;
#1351 = CARTESIAN_POINT ( 'NONE',  ( 0.8249999999999997335, 0.04999999999999999584, -2.950000000000000178 ) ) ;
#1352 = CARTESIAN_POINT ( 'NONE',  ( -2.950000000000000178, 0.1999999999999999833, 2.425000000000000266 ) ) ;
#1353 = LINE ( 'NONE', #2005, #3330 ) ;
#1354 = MECHANICAL_DESIGN_GEOMETRIC_PRESENTATION_REPRESENTATION (  '', ( #9152 ), #2412 ) ;
#1355 = EDGE_CURVE ( 'NONE', #4216, #5302, #4508, .T. ) ;
#1356 = EDGE_LOOP ( 'NONE', ( #7179, #4426, #246, #2885 ) ) ;
#1357 = ORIENTED_EDGE ( 'NONE', *, *, #4490, .T. ) ;
#1358 = ORIENTED_EDGE ( 'NONE', *, *, #9605, .T. ) ;
#1359 = DIRECTION ( 'NONE',  ( 0.000000000000000000, 0.000000000000000000, -1.000000000000000000 ) ) ;
#1360 = LINE ( 'NONE', #8615, #6387 ) ;
#1361 = CARTESIAN_POINT ( 'NONE',  ( -0.8250000000000010658, 0.1999999999999999833, -2.950000000000000178 ) ) ;
#1362 = ORIENTED_EDGE ( 'NONE', *, *, #4524, .T. ) ;
#1363 = DIRECTION ( 'NONE',  ( 0.000000000000000000, 0.000000000000000000, -1.000000000000000000 ) ) ;
#1364 = FACE_OUTER_BOUND ( 'NONE', #808, .T. ) ;
#1365 = CARTESIAN_POINT ( 'NONE',  ( 0.000000000000000000, 0.2000000000000000111, 0.000000000000000000 ) ) ;
#1366 = ORIENTED_EDGE ( 'NONE', *, *, #4221, .F. ) ;
#1367 = ORIENTED_EDGE ( 'NONE', *, *, #4479, .T. ) ;
#1368 = VERTEX_POINT ( 'NONE', #8277 ) ;
#1369 = EDGE_CURVE ( 'NONE', #6149, #1113, #6705, .T. ) ;
#1370 = ADVANCED_FACE ( 'NONE', ( #9777 ), #5956, .F. ) ;
#1371 = VECTOR ( 'NONE', #5869, 1000.000000000000000 ) ;
#1372 = ORIENTED_EDGE ( 'NONE', *, *, #6571, .F. ) ;
#1373 = EDGE_CURVE ( 'NONE', #9341, #9133, #2416, .T. ) ;
#1374 = FACE_OUTER_BOUND ( 'NONE', #3750, .T. ) ;
#1375 = PLANE ( 'NONE',  #1498 ) ;
#1376 = ADVANCED_FACE ( 'NONE', ( #8177 ), #3601, .T. ) ;
#1377 = CARTESIAN_POINT ( 'NONE',  ( 2.950000000000000178, 0.1999999999999999833, 1.774999999999999689 ) ) ;
#1378 = ORIENTED_EDGE ( 'NONE', *, *, #4028, .T. ) ;
#1379 = EDGE_CURVE ( 'NONE', #2589, #851, #3763, .T. ) ;
#1380 = DIRECTION ( 'NONE',  ( 1.577021341797097215E-15, -0.000000000000000000, 1.000000000000000000 ) ) ;
#1381 = ORIENTED_EDGE ( 'NONE', *, *, #4283, .T. ) ;
#1382 = EDGE_CURVE ( 'NONE', #9326, #4004, #4024, .T. ) ;
#1383 = CARTESIAN_POINT ( 'NONE',  ( 0.8250000000000006217, 0.2000000000000000111, 2.950000000000001066 ) ) ;
#1384 = DIRECTION ( 'NONE',  ( 0.000000000000000000, 0.000000000000000000, -1.000000000000000000 ) ) ;
#1385 = ORIENTED_EDGE ( 'NONE', *, *, #3107, .T. ) ;
#1386 = EDGE_CURVE ( 'NONE', #2439, #1483, #674, .T. ) ;
#1387 = DIRECTION ( 'NONE',  ( -1.000000000000000000, 0.000000000000000000, 0.000000000000000000 ) ) ;
#1388 = CARTESIAN_POINT ( 'NONE',  ( -1.475000000000000089, 0.000000000000000000, 2.950000000000001066 ) ) ;
#1389 = CARTESIAN_POINT ( 'NONE',  ( 0.000000000000000000, 0.000000000000000000, 4.549999999999999822 ) ) ;
#1390 = EDGE_LOOP ( 'NONE', ( #605, #564, #10034, #9542 ) ) ;
#1391 = VERTEX_POINT ( 'NONE', #2076 ) ;
#1392 = PLANE ( 'NONE',  #3315 ) ;
#1393 = EDGE_LOOP ( 'NONE', ( #4145, #3094, #2256, #8356 ) ) ;
#1394 = PLANE ( 'NONE',  #1929 ) ;
#1395 = DIRECTION ( 'NONE',  ( 0.000000000000000000, 0.000000000000000000, 1.000000000000000000 ) ) ;
#1396 = AXIS2_PLACEMENT_3D ( 'NONE', #6331, #9414, #114 ) ;
#1397 = AXIS2_PLACEMENT_3D ( 'NONE', #6786, #424, #9870 ) ;
#1398 = ORIENTED_EDGE ( 'NONE', *, *, #5009, .F. ) ;
#1399 = DIRECTION ( 'NONE',  ( -1.000000000000000000, 0.000000000000000000, 0.000000000000000000 ) ) ;
#1400 = EDGE_LOOP ( 'NONE', ( #9792, #7353, #7051, #7280 ) ) ;
#1401 = SURFACE_STYLE_USAGE ( .BOTH. , #6105 ) ;
#1402 = DIRECTION ( 'NONE',  ( 0.000000000000000000, 0.000000000000000000, -1.000000000000000000 ) ) ;
#1403 = DIRECTION ( 'NONE',  ( 1.000000000000000000, 0.000000000000000000, -0.000000000000000000 ) ) ;
#1404 = VECTOR ( 'NONE', #6063, 1000.000000000000000 ) ;
#1405 = ORIENTED_EDGE ( 'NONE', *, *, #8735, .F. ) ;
#1406 = CARTESIAN_POINT ( 'NONE',  ( 3.500000000000000444, 0.05000000000000000278, 3.499999999999999556 ) ) ;
#1407 = VECTOR ( 'NONE', #4096, 1000.000000000000000 ) ;
#1408 = FACE_OUTER_BOUND ( 'NONE', #5587, .T. ) ;
#1409 = AXIS2_PLACEMENT_3D ( 'NONE', #3513, #3549, #8955 ) ;
#1410 = ORIENTED_EDGE ( 'NONE', *, *, #9200, .F. ) ;
#1411 = CARTESIAN_POINT ( 'NONE',  ( 0.1750000000000006828, 0.2000000000000000111, 3.500000000000001332 ) ) ;
#1412 = ADVANCED_FACE ( 'NONE', ( #8406 ), #3697, .F. ) ;
#1413 = EDGE_LOOP ( 'NONE', ( #3298, #8563, #8728, #7906 ) ) ;
#1414 = VECTOR ( 'NONE', #8819, 1000.000000000000000 ) ;
#1415 = FACE_OUTER_BOUND ( 'NONE', #6773, .T. ) ;
#1416 = CARTESIAN_POINT ( 'NONE',  ( 2.425000000000000266, 0.2000000000000000111, -3.500000000000000444 ) ) ;
#1417 = LINE ( 'NONE', #3921, #542 ) ;
#1418 = CARTESIAN_POINT ( 'NONE',  ( -2.425000000000000266, 0.2000000000000000111, -2.950000000000000178 ) ) ;
#1419 = MECHANICAL_DESIGN_GEOMETRIC_PRESENTATION_REPRESENTATION (  '', ( #4460 ), #889 ) ;
#1420 = VECTOR ( 'NONE', #4255, 1000.000000000000000 ) ;
#1421 = ADVANCED_FACE ( 'NONE', ( #3522 ), #5217, .F. ) ;
#1422 = DIRECTION ( 'NONE',  ( 0.000000000000000000, -1.000000000000000000, 0.000000000000000000 ) ) ;
#1423 = ORIENTED_EDGE ( 'NONE', *, *, #4099, .T. ) ;
#1424 = CARTESIAN_POINT ( 'NONE',  ( 1.474999999999999645, 0.8264982043070834283, -2.950000000000000178 ) ) ;
#1425 = LINE ( 'NONE', #3044, #3270 ) ;
#1426 = CARTESIAN_POINT ( 'NONE',  ( 3.500000000000000444, 0.05000000000000000278, -3.500000000000000444 ) ) ;
#1427 = PRESENTATION_LAYER_ASSIGNMENT (  '', '', ( #7613 ) ) ;
#1428 = DIRECTION ( 'NONE',  ( 1.577021341797097018E-15, 0.000000000000000000, -1.000000000000000000 ) ) ;
#1429 = LINE ( 'NONE', #3778, #9515 ) ;
#1430 = EDGE_CURVE ( 'NONE', #2078, #4602, #5128, .T. ) ;
#1431 = VECTOR ( 'NONE', #8501, 1000.000000000000000 ) ;
#1432 = DIRECTION ( 'NONE',  ( -1.000000000000000000, 0.000000000000000000, 1.577021341797097215E-15 ) ) ;
#1433 = DIRECTION ( 'NONE',  ( 0.000000000000000000, 0.000000000000000000, -1.000000000000000000 ) ) ;
#1434 = EDGE_CURVE ( 'NONE', #5740, #4381, #6826, .T. ) ;
#1435 = ORIENTED_EDGE ( 'NONE', *, *, #5523, .T. ) ;
#1436 = CARTESIAN_POINT ( 'NONE',  ( 1.124999999999998890, 0.1999999999999999833, -2.950000000000000178 ) ) ;
#1437 = VECTOR ( 'NONE', #1584, 1000.000000000000000 ) ;
#1438 = CARTESIAN_POINT ( 'NONE',  ( 1.774999999999999689, 0.2000000000000000111, -3.500000000000000444 ) ) ;
#1439 = DIRECTION ( 'NONE',  ( 1.000000000000000000, 0.000000000000000000, 0.000000000000000000 ) ) ;
#1440 = VECTOR ( 'NONE', #962, 1000.000000000000000 ) ;
#1441 = EDGE_CURVE ( 'NONE', #6520, #1268, #5848, .T. ) ;
#1442 = DIRECTION ( 'NONE',  ( -0.000000000000000000, 0.000000000000000000, 1.000000000000000000 ) ) ;
#1444 = ORIENTED_EDGE ( 'NONE', *, *, #9910, .T. ) ;
#1443 = CARTESIAN_POINT ( 'NONE',  ( -2.424999999999999378, 0.8264982043070834283, 2.950000000000001066 ) ) ;
#1445 = EDGE_LOOP ( 'NONE', ( #3225, #9583, #4828, #3421 ) ) ;
#1446 = VECTOR ( 'NONE', #5521, 1000.000000000000000 ) ;
#1447 = PRESENTATION_STYLE_ASSIGNMENT (( #942 ) ) ;
#1448 = EDGE_CURVE ( 'NONE', #2064, #1833, #7693, .T. ) ;
#1449 = LINE ( 'NONE', #9427, #3297 ) ;
#1450 =( LENGTH_UNIT ( ) NAMED_UNIT ( * ) SI_UNIT ( .MILLI., .METRE. ) );
#1451 = ORIENTED_EDGE ( 'NONE', *, *, #4364, .T. ) ;
#1452 = VERTEX_POINT ( 'NONE', #2784 ) ;
#1453 = CARTESIAN_POINT ( 'NONE',  ( 1.774999999999998801, 0.04999999999999999584, -2.950000000000000178 ) ) ;
#1454 = ORIENTED_EDGE ( 'NONE', *, *, #4143, .F. ) ;
#1455 = VECTOR ( 'NONE', #9251, 1000.000000000000000 ) ;
#1456 = VECTOR ( 'NONE', #6076, 1000.000000000000000 ) ;
#1457 = AXIS2_PLACEMENT_3D ( 'NONE', #5566, #4713, #3908 ) ;
#1458 = DIRECTION ( 'NONE',  ( 1.000000000000000000, -0.000000000000000000, -1.239088197126290570E-16 ) ) ;
#1459 = LINE ( 'NONE', #4467, #9304 ) ;
#1460 = CARTESIAN_POINT ( 'NONE',  ( 0.000000000000000000, 0.2000000000000000111, 0.000000000000000000 ) ) ;
#1461 = ORIENTED_EDGE ( 'NONE', *, *, #436, .T. ) ;
#1462 = ORIENTED_EDGE ( 'NONE', *, *, #8321, .T. ) ;
#1463 = LINE ( 'NONE', #7395, #5402 ) ;
#1464 = LINE ( 'NONE', #1411, #6986 ) ;
#1465 = VERTEX_POINT ( 'NONE', #3566 ) ;
#1466 = DIRECTION ( 'NONE',  ( 0.000000000000000000, -1.000000000000000000, 0.000000000000000000 ) ) ;
#1467 = ORIENTED_EDGE ( 'NONE', *, *, #2773, .F. ) ;
#1468 = DIRECTION ( 'NONE',  ( 0.000000000000000000, -1.000000000000000000, 0.000000000000000000 ) ) ;
#1469 = AXIS2_PLACEMENT_3D ( 'NONE', #6780, #8347, #5252 ) ;
#1470 = FILL_AREA_STYLE ('',( #6989 ) ) ;
#1471 = ADVANCED_FACE ( 'NONE', ( #9026 ), #9034, .F. ) ;
#1472 = ORIENTED_EDGE ( 'NONE', *, *, #1170, .F. ) ;
#1473 = ORIENTED_EDGE ( 'NONE', *, *, #9666, .T. ) ;
#1474 = LINE ( 'NONE', #6883, #9575 ) ;
#1475 = DIRECTION ( 'NONE',  ( 1.000000000000000000, 0.000000000000000000, -0.000000000000000000 ) ) ;
#1476 = ADVANCED_FACE ( 'NONE', ( #60 ), #2140, .T. ) ;
#1477 = ORIENTED_EDGE ( 'NONE', *, *, #9589, .T. ) ;
#1478 = CARTESIAN_POINT ( 'NONE',  ( 2.950000000000000178, 0.000000000000000000, -1.124999999999999334 ) ) ;
#1479 = ORIENTED_EDGE ( 'NONE', *, *, #5057, .T. ) ;
#1480 = ORIENTED_EDGE ( 'NONE', *, *, #5461, .F. ) ;
#1481 = PLANE ( 'NONE',  #5541 ) ;
#1482 = ORIENTED_EDGE ( 'NONE', *, *, #7424, .F. ) ;
#1483 = VERTEX_POINT ( 'NONE', #6870 ) ;
#1484 = DIRECTION ( 'NONE',  ( 0.000000000000000000, -0.000000000000000000, -1.000000000000000000 ) ) ;
#1485 = VECTOR ( 'NONE', #4664, 1000.000000000000000 ) ;
#1486 = EDGE_CURVE ( 'NONE', #8680, #7137, #1665, .T. ) ;
#1487 = ORIENTED_EDGE ( 'NONE', *, *, #4007, .T. ) ;
#1488 = CARTESIAN_POINT ( 'NONE',  ( 2.950000000000000178, 0.1999999999999999833, 1.124999999999999778 ) ) ;
#1489 = CARTESIAN_POINT ( 'NONE',  ( 0.1749999999999998224, 0.8264982043070834283, -2.950000000000000178 ) ) ;
#1490 = EDGE_CURVE ( 'NONE', #4623, #7748, #5609, .T. ) ;
#1491 = VECTOR ( 'NONE', #711, 1000.000000000000000 ) ;
#1492 = DIRECTION ( 'NONE',  ( 0.000000000000000000, 0.000000000000000000, -1.000000000000000000 ) ) ;
#1493 = DIRECTION ( 'NONE',  ( -0.000000000000000000, -1.000000000000000000, -0.000000000000000000 ) ) ;
#1494 = VECTOR ( 'NONE', #1466, 1000.000000000000000 ) ;
#1495 = DIRECTION ( 'NONE',  ( 0.000000000000000000, -1.000000000000000000, 0.000000000000000000 ) ) ;
#1496 = EDGE_CURVE ( 'NONE', #8843, #4862, #7453, .T. ) ;
#1497 = ORIENTED_EDGE ( 'NONE', *, *, #3300, .T. ) ;
#1498 = AXIS2_PLACEMENT_3D ( 'NONE', #2125, #2897, #5230 ) ;
#1499 = ORIENTED_EDGE ( 'NONE', *, *, #8700, .F. ) ;
#1500 = CARTESIAN_POINT ( 'NONE',  ( -1.475000000000000089, 0.1999999999999999833, 2.950000000000001066 ) ) ;
#1501 = CARTESIAN_POINT ( 'NONE',  ( -2.124999999999999112, 0.1999999999999999833, 3.500000000000001332 ) ) ;
#1502 = VECTOR ( 'NONE', #387, 1000.000000000000000 ) ;
#1503 = DIRECTION ( 'NONE',  ( 1.000000000000000000, -0.000000000000000000, -0.000000000000000000 ) ) ;
#1504 = EDGE_CURVE ( 'NONE', #8687, #6634, #1425, .T. ) ;
#1505 = DIRECTION ( 'NONE',  ( -0.000000000000000000, 0.000000000000000000, -1.000000000000000000 ) ) ;
#1506 = ORIENTED_EDGE ( 'NONE', *, *, #4419, .T. ) ;
#1507 = EDGE_CURVE ( 'NONE', #5706, #10180, #6090, .T. ) ;
#1508 = DIRECTION ( 'NONE',  ( -0.000000000000000000, 0.000000000000000000, -1.000000000000000000 ) ) ;
#1509 = VECTOR ( 'NONE', #2821, 1000.000000000000000 ) ;
#1510 = DIRECTION ( 'NONE',  ( 0.000000000000000000, 0.000000000000000000, -1.000000000000000000 ) ) ;
#1511 = AXIS2_PLACEMENT_3D ( 'NONE', #1001, #4312, #322 ) ;
#1512 = EDGE_CURVE ( 'NONE', #6443, #6230, #2546, .T. ) ;
#1513 = ORIENTED_EDGE ( 'NONE', *, *, #509, .T. ) ;
#1514 = DIRECTION ( 'NONE',  ( 1.000000000000000000, -0.000000000000000000, 0.000000000000000000 ) ) ;
#1515 = VERTEX_POINT ( 'NONE', #2986 ) ;
#1516 = DIRECTION ( 'NONE',  ( -1.000000000000000000, -0.000000000000000000, -0.000000000000000000 ) ) ;
#1517 = EDGE_LOOP ( 'NONE', ( #9907, #2726, #746, #6734 ) ) ;
#1518 = MANIFOLD_SOLID_BREP ( 'LPattern3[1]', #6671 ) ;
#1519 = CARTESIAN_POINT ( 'NONE',  ( -1.125000000000000222, 0.1999999999999999833, -2.950000000000000178 ) ) ;
#1520 = VECTOR ( 'NONE', #8873, 1000.000000000000000 ) ;
#1521 = LINE ( 'NONE', #61, #7552 ) ;
#1522 = ORIENTED_EDGE ( 'NONE', *, *, #2840, .F. ) ;
#1523 = ORIENTED_EDGE ( 'NONE', *, *, #3612, .F. ) ;
#1524 = DIRECTION ( 'NONE',  ( -0.000000000000000000, -1.000000000000000000, -0.000000000000000000 ) ) ;
#1525 = DIRECTION ( 'NONE',  ( -1.000000000000000000, 0.000000000000000000, 0.000000000000000000 ) ) ;
#1526 = DIRECTION ( 'NONE',  ( -0.000000000000000000, -1.000000000000000000, -0.000000000000000000 ) ) ;
#1527 = AXIS2_PLACEMENT_3D ( 'NONE', #435, #9853, #4353 ) ;
#1528 = DIRECTION ( 'NONE',  ( -1.577021341797097215E-15, 0.000000000000000000, 1.000000000000000000 ) ) ;
#1529 = AXIS2_PLACEMENT_3D ( 'NONE', #2123, #1305, #6726 ) ;
#1530 = ORIENTED_EDGE ( 'NONE', *, *, #3791, .T. ) ;
#1531 = ORIENTED_EDGE ( 'NONE', *, *, #8878, .F. ) ;
#1532 = LINE ( 'NONE', #5072, #2788 ) ;
#1533 = VECTOR ( 'NONE', #3766, 1000.000000000000000 ) ;
#1534 = CARTESIAN_POINT ( 'NONE',  ( -1.124999999999999334, 0.2000000000000000111, 2.950000000000001066 ) ) ;
#1535 = MANIFOLD_SOLID_BREP ( 'LPattern3[13]', #835 ) ;
#1536 = EDGE_LOOP ( 'NONE', ( #343, #1213, #9747, #370 ) ) ;
#1537 = DIRECTION ( 'NONE',  ( 1.000000000000000000, -0.000000000000000000, -0.000000000000000000 ) ) ;
#1538 = SURFACE_STYLE_USAGE ( .BOTH. , #2337 ) ;
#1539 = DIRECTION ( 'NONE',  ( 0.000000000000000000, 0.000000000000000000, -1.000000000000000000 ) ) ;
#1540 = VECTOR ( 'NONE', #825, 1000.000000000000000 ) ;
#1541 = FACE_OUTER_BOUND ( 'NONE', #4355, .T. ) ;
#1542 = VECTOR ( 'NONE', #5467, 1000.000000000000000 ) ;
#1543 = STYLED_ITEM ( 'NONE', ( #3582 ), #7007 ) ;
#1544 = VERTEX_POINT ( 'NONE', #1418 ) ;
#1545 = VECTOR ( 'NONE', #6401, 1000.000000000000000 ) ;
#1546 = CARTESIAN_POINT ( 'NONE',  ( -2.124999999999999112, 0.04999999999999999584, 3.500000000000001332 ) ) ;
#1547 = PLANE ( 'NONE',  #5219 ) ;
#1548 = FACE_OUTER_BOUND ( 'NONE', #6903, .T. ) ;
#1549 = PLANE ( 'NONE',  #7220 ) ;
#1550 = VECTOR ( 'NONE', #7116, 1000.000000000000000 ) ;
#1551 = DIRECTION ( 'NONE',  ( 0.000000000000000000, -0.000000000000000000, -1.000000000000000000 ) ) ;
#1552 = CARTESIAN_POINT ( 'NONE',  ( -2.125000000000000000, 0.2000000000000000111, 2.950000000000001066 ) ) ;
#1553 = CARTESIAN_POINT ( 'NONE',  ( -3.500000000000000444, 0.1999999999999999833, -2.125000000000000000 ) ) ;
#1554 = VERTEX_POINT ( 'NONE', #4552 ) ;
#1555 = LINE ( 'NONE', #3573, #9668 ) ;
#1556 = DIRECTION ( 'NONE',  ( -0.000000000000000000, -1.000000000000000000, -0.000000000000000000 ) ) ;
#1557 = EDGE_CURVE ( 'NONE', #4623, #2342, #6931, .T. ) ;
#1558 = VECTOR ( 'NONE', #9980, 1000.000000000000000 ) ;
#1559 = DIRECTION ( 'NONE',  ( -0.000000000000000000, -1.000000000000000000, -0.000000000000000000 ) ) ;
#1560 = DIRECTION ( 'NONE',  ( -1.577021341797097215E-15, 0.000000000000000000, 1.000000000000000000 ) ) ;
#1561 = PLANE ( 'NONE',  #8397 ) ;
#1562 = VECTOR ( 'NONE', #1108, 1000.000000000000000 ) ;
#1563 = EDGE_CURVE ( 'NONE', #7589, #6886, #9996, .T. ) ;
#1564 = CARTESIAN_POINT ( 'NONE',  ( -2.950000000000000178, 0.05000000000000002359, -1.774999999999999245 ) ) ;
#1565 = ORIENTED_EDGE ( 'NONE', *, *, #349, .F. ) ;
#1566 = DIRECTION ( 'NONE',  ( -1.000000000000000000, 0.000000000000000000, -1.577021341797097215E-15 ) ) ;
#1567 = ORIENTED_EDGE ( 'NONE', *, *, #1979, .F. ) ;
#1568 = VECTOR ( 'NONE', #919, 1000.000000000000000 ) ;
#1569 = FILL_AREA_STYLE_COLOUR ( '', #6925 ) ;
#1570 = DIRECTION ( 'NONE',  ( 1.000000000000000000, 0.000000000000000000, 0.000000000000000000 ) ) ;
#1571 = ADVANCED_FACE ( 'NONE', ( #4501 ), #10049, .T. ) ;
#1572 = VECTOR ( 'NONE', #3657, 1000.000000000000000 ) ;
#1573 = EDGE_CURVE ( 'NONE', #8695, #3713, #8899, .T. ) ;
#1574 = DIRECTION ( 'NONE',  ( -0.000000000000000000, -1.000000000000000000, -0.000000000000000000 ) ) ;
#1575 = VERTEX_POINT ( 'NONE', #1453 ) ;
#1576 = FACE_OUTER_BOUND ( 'NONE', #7401, .T. ) ;
#1577 = ORIENTED_EDGE ( 'NONE', *, *, #3616, .F. ) ;
#1578 = LINE ( 'NONE', #6008, #7729 ) ;
#1579 = DIRECTION ( 'NONE',  ( 0.000000000000000000, 0.000000000000000000, -1.000000000000000000 ) ) ;
#1580 = CARTESIAN_POINT ( 'NONE',  ( 2.950000000000000178, 0.8264982043070829842, -0.1750000000000002387 ) ) ;
#1581 = VECTOR ( 'NONE', #7584, 1000.000000000000000 ) ;
#1582 = CARTESIAN_POINT ( 'NONE',  ( 2.950000000000000178, 0.1999999999999999833, -2.125000000000000000 ) ) ;
#1583 = CARTESIAN_POINT ( 'NONE',  ( -0.1750000000000002387, 0.000000000000000000, 2.950000000000001066 ) ) ;
#1585 = ORIENTED_EDGE ( 'NONE', *, *, #119, .F. ) ;
#1584 = DIRECTION ( 'NONE',  ( -0.000000000000000000, -1.000000000000000000, -0.000000000000000000 ) ) ;
#1586 = EDGE_LOOP ( 'NONE', ( #6744, #1967, #7062, #1017 ) ) ;
#1587 = MECHANICAL_DESIGN_GEOMETRIC_PRESENTATION_REPRESENTATION (  '', ( #9819 ), #521 ) ;
#1588 = ORIENTED_EDGE ( 'NONE', *, *, #5211, .F. ) ;
#1589 = CARTESIAN_POINT ( 'NONE',  ( -2.950000000000000178, 0.1999999999999999833, -1.774999999999999245 ) ) ;
#1590 = LINE ( 'NONE', #5278, #100 ) ;
#1591 = CARTESIAN_POINT ( 'NONE',  ( 1.124999999999998890, 0.2000000000000000111, -2.950000000000000178 ) ) ;
#1592 = CARTESIAN_POINT ( 'NONE',  ( -1.475000000000000089, 0.2000000000000000111, -3.500000000000000444 ) ) ;
#1593 = CARTESIAN_POINT ( 'NONE',  ( 3.500000000000000444, 0.04999999999999969746, -1.124999999999999334 ) ) ;
#1594 = CARTESIAN_POINT ( 'NONE',  ( 2.425000000000000266, 0.2000000000000000111, 2.950000000000001066 ) ) ;
#1595 = ORIENTED_EDGE ( 'NONE', *, *, #2890, .F. ) ;
#1596 = ORIENTED_EDGE ( 'NONE', *, *, #3689, .T. ) ;
#1597 = ORIENTED_EDGE ( 'NONE', *, *, #3620, .F. ) ;
#1598 = CARTESIAN_POINT ( 'NONE',  ( 2.950000000000000178, 0.8264982043070829842, -1.774999999999999245 ) ) ;
#1599 = ORIENTED_EDGE ( 'NONE', *, *, #1557, .F. ) ;
#1600 = CLOSED_SHELL ( 'NONE', ( #6407, #8928, #684, #9335, #3784, #4064 ) ) ;
#1601 = FILL_AREA_STYLE ('',( #3159 ) ) ;
#1602 = LINE ( 'NONE', #2642, #9708 ) ;
#1603 = FILL_AREA_STYLE ('',( #1569 ) ) ;
#1604 = CARTESIAN_POINT ( 'NONE',  ( 0.000000000000000000, 0.000000000000000000, 3.899999999999999911 ) ) ;
#1605 = DIRECTION ( 'NONE',  ( 1.000000000000000000, 0.000000000000000000, -0.000000000000000000 ) ) ;
#1606 = EDGE_LOOP ( 'NONE', ( #8705, #4365, #3388, #6372 ) ) ;
#1607 = VERTEX_POINT ( 'NONE', #4619 ) ;
#1608 = ORIENTED_EDGE ( 'NONE', *, *, #4406, .T. ) ;
#1609 = PRESENTATION_STYLE_ASSIGNMENT (( #8088 ) ) ;
#1610 = EDGE_LOOP ( 'NONE', ( #2495, #557, #2861, #5305 ) ) ;
#1611 = LINE ( 'NONE', #9004, #1485 ) ;
#1612 = CARTESIAN_POINT ( 'NONE',  ( -1.474999999999999423, 0.2000000000000000111, 3.500000000000001332 ) ) ;
#1613 = PLANE ( 'NONE',  #5189 ) ;
#1614 = ORIENTED_EDGE ( 'NONE', *, *, #8077, .F. ) ;
#1615 = CARTESIAN_POINT ( 'NONE',  ( -3.500000000000000444, 0.1999999999999999833, -1.475000000000000089 ) ) ;
#1616 = ORIENTED_EDGE ( 'NONE', *, *, #5324, .T. ) ;
#1617 = EDGE_CURVE ( 'NONE', #5706, #6265, #5730, .T. ) ;
#1618 = ADVANCED_FACE ( 'NONE', ( #6575 ), #9431, .F. ) ;
#1619 = VECTOR ( 'NONE', #8417, 1000.000000000000000 ) ;
#1620 = CARTESIAN_POINT ( 'NONE',  ( 3.500000000000000444, 0.04999999999999969746, 1.124999999999999778 ) ) ;
#1621 = EDGE_LOOP ( 'NONE', ( #3903, #8124, #1330, #8113 ) ) ;
#1622 = CARTESIAN_POINT ( 'NONE',  ( 0.000000000000000000, 0.000000000000000000, 0.000000000000000000 ) ) ;
#1623 = EDGE_CURVE ( 'NONE', #7726, #9378, #3647, .T. ) ;
#1624 = DIRECTION ( 'NONE',  ( 0.000000000000000000, 0.000000000000000000, 1.000000000000000000 ) ) ;
#1625 = DIRECTION ( 'NONE',  ( 1.000000000000000000, -0.000000000000000000, 0.000000000000000000 ) ) ;
#1626 = VERTEX_POINT ( 'NONE', #8672 ) ;
#1627 = CARTESIAN_POINT ( 'NONE',  ( 2.950000000000000178, 0.000000000000000000, 0.8250000000000006217 ) ) ;
#1628 = CARTESIAN_POINT ( 'NONE',  ( 2.425000000000000266, 0.2000000000000000111, 2.950000000000001066 ) ) ;
#1629 = PLANE ( 'NONE',  #7033 ) ;
#1631 = EDGE_CURVE ( 'NONE', #7389, #904, #7574, .T. ) ;
#1630 = LINE ( 'NONE', #2992, #7662 ) ;
#1632 = ORIENTED_EDGE ( 'NONE', *, *, #8218, .F. ) ;
#1633 =( LENGTH_UNIT ( ) NAMED_UNIT ( * ) SI_UNIT ( .MILLI., .METRE. ) );
#1634 = AXIS2_PLACEMENT_3D ( 'NONE', #5557, #7200, #1760 ) ;
#1635 = SURFACE_STYLE_USAGE ( .BOTH. , #8619 ) ;
#1636 = ORIENTED_EDGE ( 'NONE', *, *, #9963, .F. ) ;
#1637 = CARTESIAN_POINT ( 'NONE',  ( 3.500000000000000444, 0.8264982043070829842, 1.774999999999999689 ) ) ;
#1638 = DIRECTION ( 'NONE',  ( 0.000000000000000000, 0.000000000000000000, -1.000000000000000000 ) ) ;
#1639 = EDGE_CURVE ( 'NONE', #147, #8453, #5839, .T. ) ;
#1640 = CARTESIAN_POINT ( 'NONE',  ( 2.950000000000000178, 0.1999999999999999833, 0.1750000000000006828 ) ) ;
#1641 = VERTEX_POINT ( 'NONE', #755 ) ;
#1642 = ORIENTED_EDGE ( 'NONE', *, *, #6116, .F. ) ;
#1643 = EDGE_CURVE ( 'NONE', #2419, #2733, #3752, .T. ) ;
#1644 = CARTESIAN_POINT ( 'NONE',  ( -2.950000000000000178, 0.8264982043070829842, 0.8250000000000006217 ) ) ;
#1645 = MECHANICAL_DESIGN_GEOMETRIC_PRESENTATION_REPRESENTATION (  '', ( #58 ), #9012 ) ;
#1646 = VECTOR ( 'NONE', #5125, 1000.000000000000000 ) ;
#1647 = ORIENTED_EDGE ( 'NONE', *, *, #1122, .T. ) ;
#1648 = UNCERTAINTY_MEASURE_WITH_UNIT (LENGTH_MEASURE( 1.000000000000000082E-05 ), #3192, 'distance_accuracy_value', 'NONE');
#1649 = CARTESIAN_POINT ( 'NONE',  ( 3.500000000000000444, 0.05000000000000000278, 3.499999999999999556 ) ) ;
#1650 = VECTOR ( 'NONE', #2782, 1000.000000000000000 ) ;
#1651 = CLOSED_SHELL ( 'NONE', ( #2354, #3734, #8258, #8763, #5906, #1370 ) ) ;
#1652 = CARTESIAN_POINT ( 'NONE',  ( -2.350000000000000089, 6.846803743153548005, -2.350000000000000533 ) ) ;
#1653 = ORIENTED_EDGE ( 'NONE', *, *, #5132, .T. ) ;
#1654 = LINE ( 'NONE', #3112, #2156 ) ;
#1655 = VECTOR ( 'NONE', #4644, 1000.000000000000000 ) ;
#1656 = DIRECTION ( 'NONE',  ( 1.000000000000000000, 0.000000000000000000, 0.000000000000000000 ) ) ;
#1657 = CARTESIAN_POINT ( 'NONE',  ( -2.125000000000000000, 0.8264982043070834283, 2.950000000000001066 ) ) ;
#1658 = DIRECTION ( 'NONE',  ( -0.000000000000000000, -1.000000000000000000, -0.000000000000000000 ) ) ;
#1659 = LINE ( 'NONE', #4704, #9999 ) ;
#1660 = CARTESIAN_POINT ( 'NONE',  ( 3.500000000000000444, 0.1999999999999999833, 2.425000000000000266 ) ) ;
#1661 = AXIS2_PLACEMENT_3D ( 'NONE', #5860, #7478, #5961 ) ;
#1662 = DIRECTION ( 'NONE',  ( 0.000000000000000000, 0.000000000000000000, -1.000000000000000000 ) ) ;
#1663 = AXIS2_PLACEMENT_3D ( 'NONE', #2456, #8601, #3999 ) ;
#1664 = ORIENTED_EDGE ( 'NONE', *, *, #2216, .F. ) ;
#1665 = LINE ( 'NONE', #5181, #4882 ) ;
#1666 = ORIENTED_EDGE ( 'NONE', *, *, #3275, .T. ) ;
#1667 =( NAMED_UNIT ( * ) PLANE_ANGLE_UNIT ( ) SI_UNIT ( $, .RADIAN. ) );
#1668 = CARTESIAN_POINT ( 'NONE',  ( 0.000000000000000000, 0.2000000000000000111, 0.000000000000000000 ) ) ;
#1669 = FACE_OUTER_BOUND ( 'NONE', #4023, .T. ) ;
#1670 = CARTESIAN_POINT ( 'NONE',  ( 0.000000000000000000, 0.05000000000000000278, 2.950000000000001066 ) ) ;
#1671 = PRESENTATION_STYLE_ASSIGNMENT (( #4590 ) ) ;
#1672 = CLOSED_SHELL ( 'NONE', ( #9434, #3547, #8119, #8208, #5901, #4112 ) ) ;
#1673 = VECTOR ( 'NONE', #733, 1000.000000000000000 ) ;
#1674 = ADVANCED_FACE ( 'NONE', ( #7686 ), #1547, .T. ) ;
#1675 = FACE_OUTER_BOUND ( 'NONE', #9988, .T. ) ;
#1676 = EDGE_CURVE ( 'NONE', #4079, #5931, #540, .T. ) ;
#1677 = DIRECTION ( 'NONE',  ( 0.000000000000000000, 0.000000000000000000, 1.000000000000000000 ) ) ;
#1678 = VECTOR ( 'NONE', #4787, 1000.000000000000000 ) ;
#1679 = DIRECTION ( 'NONE',  ( 0.000000000000000000, 0.000000000000000000, 1.000000000000000000 ) ) ;
#1680 = VERTEX_POINT ( 'NONE', #3242 ) ;
#1681 = CARTESIAN_POINT ( 'NONE',  ( 2.950000000000000178, 0.1999999999999999833, -2.424999999999999378 ) ) ;
#1682 = EDGE_CURVE ( 'NONE', #1067, #10126, #1654, .T. ) ;
#1683 = ORIENTED_EDGE ( 'NONE', *, *, #379, .T. ) ;
#1684 = PLANE ( 'NONE',  #9165 ) ;
#1685 = LINE ( 'NONE', #7877, #3056 ) ;
#1686 = CARTESIAN_POINT ( 'NONE',  ( 1.125000000000000666, 0.2000000000000000111, 3.500000000000001332 ) ) ;
#1687 = PRESENTATION_STYLE_ASSIGNMENT (( #8639 ) ) ;
#1688 = EDGE_CURVE ( 'NONE', #3440, #6602, #7441, .T. ) ;
#1689 = AXIS2_PLACEMENT_3D ( 'NONE', #4053, #4115, #1013 ) ;
#1690 = ORIENTED_EDGE ( 'NONE', *, *, #2172, .T. ) ;
#1691 = DIRECTION ( 'NONE',  ( -1.577021341797097215E-15, 0.000000000000000000, 1.000000000000000000 ) ) ;
#1692 = ORIENTED_EDGE ( 'NONE', *, *, #166, .T. ) ;
#1693 = PLANE ( 'NONE',  #1634 ) ;
#1694 = DIRECTION ( 'NONE',  ( -1.577021341797097215E-15, 0.000000000000000000, 1.000000000000000000 ) ) ;
#1695 = EDGE_CURVE ( 'NONE', #3852, #1231, #53, .T. ) ;
#1696 = ORIENTED_EDGE ( 'NONE', *, *, #9570, .T. ) ;
#1697 = VECTOR ( 'NONE', #7132, 1000.000000000000000 ) ;
#1698 = DIRECTION ( 'NONE',  ( -0.000000000000000000, -0.000000000000000000, 1.000000000000000000 ) ) ;
#1699 = ORIENTED_EDGE ( 'NONE', *, *, #1710, .F. ) ;
#1700 = CARTESIAN_POINT ( 'NONE',  ( -1.125000000000000222, 0.000000000000000000, -2.950000000000000178 ) ) ;
#1701 = DIRECTION ( 'NONE',  ( -1.577021341797097215E-15, 0.000000000000000000, 1.000000000000000000 ) ) ;
#1702 = FACE_OUTER_BOUND ( 'NONE', #8895, .T. ) ;
#1703 = EDGE_CURVE ( 'NONE', #3321, #1779, #9645, .T. ) ;
#1704 = DIRECTION ( 'NONE',  ( -0.000000000000000000, -1.000000000000000000, -0.000000000000000000 ) ) ;
#1705 = ORIENTED_EDGE ( 'NONE', *, *, #5271, .F. ) ;
#1706 = ORIENTED_EDGE ( 'NONE', *, *, #8151, .T. ) ;
#1707 = CARTESIAN_POINT ( 'NONE',  ( -0.4749999999999993117, 0.2000000000000002054, 3.500000000000001332 ) ) ;
#1708 = CARTESIAN_POINT ( 'NONE',  ( -2.950000000000000178, 0.000000000000000000, -0.4749999999999993117 ) ) ;
#1709 = LINE ( 'NONE', #3800, #6862 ) ;
#1710 = EDGE_CURVE ( 'NONE', #6556, #956, #8638, .T. ) ;
#1711 = VECTOR ( 'NONE', #7896, 1000.000000000000000 ) ;
#1712 = DIRECTION ( 'NONE',  ( 0.000000000000000000, -0.000000000000000000, 1.000000000000000000 ) ) ;
#1713 = EDGE_CURVE ( 'NONE', #368, #1775, #3262, .T. ) ;
#1714 = VECTOR ( 'NONE', #3288, 1000.000000000000000 ) ;
#1715 = CARTESIAN_POINT ( 'NONE',  ( 3.500000000000000444, 0.000000000000000000, -0.8250000000000001776 ) ) ;
#1716 = VERTEX_POINT ( 'NONE', #5501 ) ;
#1717 = ORIENTED_EDGE ( 'NONE', *, *, #4278, .F. ) ;
#1718 = ORIENTED_EDGE ( 'NONE', *, *, #4946, .T. ) ;
#1719 = CARTESIAN_POINT ( 'NONE',  ( 1.124999999999999778, 0.2000000000000000111, -3.500000000000000444 ) ) ;
#1720 = CARTESIAN_POINT ( 'NONE',  ( 2.125000000000000888, 0.04999999999999999584, 2.950000000000001066 ) ) ;
#1721 = CARTESIAN_POINT ( 'NONE',  ( -1.475000000000004752, 0.05000000000000000278, 2.326106479150725847E-15 ) ) ;
#1722 = ADVANCED_FACE ( 'NONE', ( #8170 ), #7830, .F. ) ;
#1723 = EDGE_LOOP ( 'NONE', ( #5675, #5174, #1864, #1965 ) ) ;
#1724 = VERTEX_POINT ( 'NONE', #2386 ) ;
#1725 = DIRECTION ( 'NONE',  ( 0.000000000000000000, 1.000000000000000000, 0.000000000000000000 ) ) ;
#1726 = VERTEX_POINT ( 'NONE', #62 ) ;
#1727 = PLANE ( 'NONE',  #6594 ) ;
#1728 = EDGE_LOOP ( 'NONE', ( #7468, #4897, #1288, #5968 ) ) ;
#1729 = CARTESIAN_POINT ( 'NONE',  ( 2.125000000000000000, 0.2000000000000000111, -2.950000000000000178 ) ) ;
#1730 = ORIENTED_EDGE ( 'NONE', *, *, #9446, .F. ) ;
#1731 = DIRECTION ( 'NONE',  ( -0.000000000000000000, -1.000000000000000000, -0.000000000000000000 ) ) ;
#1732 = ADVANCED_FACE ( 'NONE', ( #1914 ), #2458, .T. ) ;
#1733 = CARTESIAN_POINT ( 'NONE',  ( -3.500000000000000444, 0.1999999999999999833, -1.124999999999999334 ) ) ;
#1734 = LINE ( 'NONE', #180, #5313 ) ;
#1735 = CARTESIAN_POINT ( 'NONE',  ( 2.950000000000000178, 0.8264982043070829842, -1.124999999999999334 ) ) ;
#1736 = ORIENTED_EDGE ( 'NONE', *, *, #2765, .T. ) ;
#1737 = CARTESIAN_POINT ( 'NONE',  ( 1.124999999999999778, 0.2000000000000000111, 2.950000000000001066 ) ) ;
#1738 = DIRECTION ( 'NONE',  ( -1.577021341797097215E-15, 0.000000000000000000, 1.000000000000000000 ) ) ;
#1739 = DIRECTION ( 'NONE',  ( 0.000000000000000000, -0.000000000000000000, -1.000000000000000000 ) ) ;
#1740 = LINE ( 'NONE', #8948, #1371 ) ;
#1741 = DIRECTION ( 'NONE',  ( -1.000000000000000000, 0.000000000000000000, 0.000000000000000000 ) ) ;
#1742 = AXIS2_PLACEMENT_3D ( 'NONE', #3743, #2127, #2931 ) ;
#1743 = CARTESIAN_POINT ( 'NONE',  ( 0.000000000000000000, 0.2000000000000000111, 0.000000000000000000 ) ) ;
#1744 = CARTESIAN_POINT ( 'NONE',  ( -0.1750000000000010991, 0.04999999999999999584, -2.950000000000000178 ) ) ;
#1745 = ORIENTED_EDGE ( 'NONE', *, *, #1490, .F. ) ;
#1746 = EDGE_LOOP ( 'NONE', ( #8545, #5435, #7639, #4710 ) ) ;
#1747 = CARTESIAN_POINT ( 'NONE',  ( 3.500000000000000444, 0.2000000000000005107, -1.124999999999999334 ) ) ;
#1748 = FACE_OUTER_BOUND ( 'NONE', #9924, .T. ) ;
#1749 =( NAMED_UNIT ( * ) SI_UNIT ( $, .STERADIAN. ) SOLID_ANGLE_UNIT ( ) );
#1750 = CARTESIAN_POINT ( 'NONE',  ( 0.1750000000000006828, 0.2000000000000000111, 2.950000000000001066 ) ) ;
#1751 = CARTESIAN_POINT ( 'NONE',  ( 2.950000000000000178, 0.8264982043070829842, 2.425000000000000266 ) ) ;
#1752 = VERTEX_POINT ( 'NONE', #1583 ) ;
#1753 = DIRECTION ( 'NONE',  ( 1.000000000000000000, 0.000000000000000000, 1.845450506358305572E-16 ) ) ;
#1754 = EDGE_CURVE ( 'NONE', #4615, #5766, #9263, .T. ) ;
#1755 = CARTESIAN_POINT ( 'NONE',  ( 3.500000000000000444, 0.8264982043070829842, -2.125000000000000000 ) ) ;
#1756 = SURFACE_SIDE_STYLE ('',( #831 ) ) ;
#1757 = EDGE_CURVE ( 'NONE', #8940, #6477, #8398, .T. ) ;
#1758 = ORIENTED_EDGE ( 'NONE', *, *, #3637, .T. ) ;
#1759 = CARTESIAN_POINT ( 'NONE',  ( 0.4749999999999988676, 0.2000000000000000111, -2.950000000000000178 ) ) ;
#1760 = DIRECTION ( 'NONE',  ( 0.000000000000000000, 0.000000000000000000, -1.000000000000000000 ) ) ;
#1761 = DIRECTION ( 'NONE',  ( 0.000000000000000000, 1.000000000000000000, 0.000000000000000000 ) ) ;
#1762 = EDGE_LOOP ( 'NONE', ( #6750, #2497, #3472, #2063 ) ) ;
#1763 = DIRECTION ( 'NONE',  ( -1.000000000000000000, 0.000000000000000000, -9.227252531791527858E-17 ) ) ;
#1764 = DIRECTION ( 'NONE',  ( 0.000000000000000000, 0.000000000000000000, 1.000000000000000000 ) ) ;
#1765 = EDGE_CURVE ( 'NONE', #8244, #1368, #289, .T. ) ;
#1766 = EDGE_LOOP ( 'NONE', ( #4949, #3576, #1758, #793 ) ) ;
#1767 = VECTOR ( 'NONE', #7195, 1000.000000000000000 ) ;
#1768 = AXIS2_PLACEMENT_3D ( 'NONE', #1743, #8803, #986 ) ;
#1769 = LINE ( 'NONE', #1416, #273 ) ;
#1770 = VERTEX_POINT ( 'NONE', #4963 ) ;
#1771 = ORIENTED_EDGE ( 'NONE', *, *, #6500, .T. ) ;
#1772 = DIRECTION ( 'NONE',  ( 0.000000000000000000, 0.000000000000000000, -1.000000000000000000 ) ) ;
#1773 = DIRECTION ( 'NONE',  ( 1.000000000000000000, 0.000000000000000000, -0.000000000000000000 ) ) ;
#1774 = ORIENTED_EDGE ( 'NONE', *, *, #3287, .F. ) ;
#1775 = VERTEX_POINT ( 'NONE', #22 ) ;
#1776 = FACE_OUTER_BOUND ( 'NONE', #566, .T. ) ;
#1777 = VECTOR ( 'NONE', #7458, 1000.000000000000000 ) ;
#1778 = ADVANCED_FACE ( 'NONE', ( #6080 ), #4859, .F. ) ;
#1779 = VERTEX_POINT ( 'NONE', #5711 ) ;
#1780 = AXIS2_PLACEMENT_3D ( 'NONE', #4994, #6550, #1135 ) ;
#1781 = EDGE_LOOP ( 'NONE', ( #3376, #2683, #2895, #1069 ) ) ;
#1782 = DIRECTION ( 'NONE',  ( 0.000000000000000000, 0.000000000000000000, 1.000000000000000000 ) ) ;
#1783 = CARTESIAN_POINT ( 'NONE',  ( 2.950000000000000178, 0.1999999999999999833, 0.8250000000000006217 ) ) ;
#1784 = VECTOR ( 'NONE', #6837, 1000.000000000000000 ) ;
#1785 = LINE ( 'NONE', #9089, #9780 ) ;
#1786 = CARTESIAN_POINT ( 'NONE',  ( 1.774999999999999689, 0.2000000000000000111, 2.950000000000001066 ) ) ;
#1787 = VECTOR ( 'NONE', #8987, 1000.000000000000000 ) ;
#1788 = LINE ( 'NONE', #3246, #5736 ) ;
#1789 = DIRECTION ( 'NONE',  ( 0.000000000000000000, -0.000000000000000000, 1.000000000000000000 ) ) ;
#1790 = ORIENTED_EDGE ( 'NONE', *, *, #7500, .T. ) ;
#1791 = LINE ( 'NONE', #4056, #939 ) ;
#1792 = CARTESIAN_POINT ( 'NONE',  ( -1.474999999999999423, 0.04999999999999969746, 3.500000000000001332 ) ) ;
#1793 = DIRECTION ( 'NONE',  ( 1.000000000000000000, -0.000000000000000000, -0.000000000000000000 ) ) ;
#1794 = CARTESIAN_POINT ( 'NONE',  ( -2.950000000000000178, 0.1999999999999999833, 0.1750000000000006828 ) ) ;
#1795 = FACE_OUTER_BOUND ( 'NONE', #3555, .T. ) ;
#1796 = CARTESIAN_POINT ( 'NONE',  ( -2.950000000000000178, 0.1999999999999999833, 1.124999999999999778 ) ) ;
#1797 = DIRECTION ( 'NONE',  ( -1.000000000000000000, 0.000000000000000000, 0.000000000000000000 ) ) ;
#1798 = STYLED_ITEM ( 'NONE', ( #5243 ), #6247 ) ;
#1799 = DIRECTION ( 'NONE',  ( 0.000000000000000000, 0.000000000000000000, -1.000000000000000000 ) ) ;
#1800 = FACE_OUTER_BOUND ( 'NONE', #4775, .T. ) ;
#1801 = DIRECTION ( 'NONE',  ( 0.000000000000000000, -0.000000000000000000, 1.000000000000000000 ) ) ;
#1802 = ORIENTED_EDGE ( 'NONE', *, *, #8191, .F. ) ;
#1803 = LINE ( 'NONE', #3400, #4647 ) ;
#1804 = CARTESIAN_POINT ( 'NONE',  ( 2.950000000000000178, 0.05000000000000002359, -0.1750000000000002387 ) ) ;
#1805 = DIRECTION ( 'NONE',  ( -0.000000000000000000, 0.000000000000000000, 1.000000000000000000 ) ) ;
#1807 = VECTOR ( 'NONE', #7269, 1000.000000000000000 ) ;
#1806 = PLANE ( 'NONE',  #3145 ) ;
#1808 = VERTEX_POINT ( 'NONE', #5611 ) ;
#1809 = AXIS2_PLACEMENT_3D ( 'NONE', #3458, #9794, #5008 ) ;
#1810 = ORIENTED_EDGE ( 'NONE', *, *, #101, .T. ) ;
#1811 = LINE ( 'NONE', #2445, #1568 ) ;
#1812 = ORIENTED_EDGE ( 'NONE', *, *, #1899, .T. ) ;
#1813 = EDGE_CURVE ( 'NONE', #1452, #5311, #1045, .T. ) ;
#1814 = VECTOR ( 'NONE', #6928, 1000.000000000000000 ) ;
#1815 = DIRECTION ( 'NONE',  ( 1.000000000000000000, 0.000000000000000000, 0.000000000000000000 ) ) ;
#1816 = LINE ( 'NONE', #1591, #8195 ) ;
#1817 = PLANE ( 'NONE',  #1942 ) ;
#1818 = DIRECTION ( 'NONE',  ( 0.000000000000000000, -1.000000000000000000, 0.000000000000000000 ) ) ;
#1819 = EDGE_CURVE ( 'NONE', #9534, #10118, #5119, .T. ) ;
#1820 = VERTEX_POINT ( 'NONE', #1720 ) ;
#1821 = EDGE_LOOP ( 'NONE', ( #2241, #7036, #9333, #420 ) ) ;
#1822 = ORIENTED_EDGE ( 'NONE', *, *, #2588, .T. ) ;
#1823 = VECTOR ( 'NONE', #2034, 1000.000000000000000 ) ;
#1824 = EDGE_CURVE ( 'NONE', #1752, #4181, #5477, .T. ) ;
#1825 = DIRECTION ( 'NONE',  ( 1.000000000000000000, 0.000000000000000000, 0.000000000000000000 ) ) ;
#1826 = LINE ( 'NONE', #4497, #3684 ) ;
#1827 = CARTESIAN_POINT ( 'NONE',  ( -3.499999999999999556, 0.2000000000000005107, -0.1750000000000002387 ) ) ;
#1828 = ADVANCED_FACE ( 'NONE', ( #3025 ), #2496, .F. ) ;
#1829 = CARTESIAN_POINT ( 'NONE',  ( -0.1750000000000002387, 0.1999999999999999833, 2.950000000000001066 ) ) ;
#1830 = DIRECTION ( 'NONE',  ( 1.000000000000000000, -0.000000000000000000, -0.000000000000000000 ) ) ;
#1831 = ORIENTED_EDGE ( 'NONE', *, *, #8036, .T. ) ;
#1832 = DIRECTION ( 'NONE',  ( -1.000000000000000000, 0.000000000000000000, 1.239088197126290817E-16 ) ) ;
#1833 = VERTEX_POINT ( 'NONE', #7221 ) ;
#1834 = EDGE_CURVE ( 'NONE', #9193, #279, #1175, .T. ) ;
#1835 = ADVANCED_FACE ( 'NONE', ( #4011 ), #8740, .F. ) ;
#1836 = LINE ( 'NONE', #1861, #8837 ) ;
#1837 = MANIFOLD_SOLID_BREP ( 'LPattern4[10]', #6396 ) ;
#1838 = CARTESIAN_POINT ( 'NONE',  ( -0.1750000000000002387, 0.2000000000000000111, 2.950000000000001066 ) ) ;
#1839 = COLOUR_RGB ( '',0.7921568627450980005, 0.8196078431372548767, 0.9333333333333333481 ) ;
#1840 = CARTESIAN_POINT ( 'NONE',  ( -3.500000000000000444, 0.8264982043070829842, 1.774999999999999689 ) ) ;
#1841 = ORIENTED_EDGE ( 'NONE', *, *, #3267, .T. ) ;
#1842 = DIRECTION ( 'NONE',  ( -0.000000000000000000, -0.000000000000000000, 1.000000000000000000 ) ) ;
#1843 = EDGE_CURVE ( 'NONE', #9436, #7412, #9144, .T. ) ;
#1844 = ORIENTED_EDGE ( 'NONE', *, *, #2846, .T. ) ;
#1845 = ORIENTED_EDGE ( 'NONE', *, *, #3275, .F. ) ;
#1846 = EDGE_LOOP ( 'NONE', ( #8977, #9802, #9860, #2404 ) ) ;
#1847 = CARTESIAN_POINT ( 'NONE',  ( 2.950000000000000178, 0.8264982043070829842, -0.8250000000000001776 ) ) ;
#1848 = MECHANICAL_DESIGN_GEOMETRIC_PRESENTATION_REPRESENTATION (  '', ( #1130 ), #5024 ) ;
#1849 = AXIS2_PLACEMENT_3D ( 'NONE', #6279, #678, #1579 ) ;
#1850 = EDGE_CURVE ( 'NONE', #5766, #5373, #6802, .T. ) ;
#1851 = ORIENTED_EDGE ( 'NONE', *, *, #1328, .T. ) ;
#1852 = ORIENTED_EDGE ( 'NONE', *, *, #4231, .F. ) ;
#1853 = DIRECTION ( 'NONE',  ( 0.000000000000000000, -1.000000000000000000, 0.000000000000000000 ) ) ;
#1854 = ORIENTED_EDGE ( 'NONE', *, *, #6086, .T. ) ;
#1855 = VECTOR ( 'NONE', #3862, 1000.000000000000000 ) ;
#1856 = DIRECTION ( 'NONE',  ( -1.577021341797097018E-15, -0.000000000000000000, -1.000000000000000000 ) ) ;
#1857 = CARTESIAN_POINT ( 'NONE',  ( 1.474999999999999645, 0.000000000000000000, -3.500000000000000444 ) ) ;
#1858 = ORIENTED_EDGE ( 'NONE', *, *, #7310, .T. ) ;
#1859 = VERTEX_POINT ( 'NONE', #95 ) ;
#1860 = ORIENTED_EDGE ( 'NONE', *, *, #4545, .F. ) ;
#1861 = CARTESIAN_POINT ( 'NONE',  ( -1.475000000000000089, 0.8264982043070834283, -3.500000000000000444 ) ) ;
#1862 = DIRECTION ( 'NONE',  ( 1.000000000000000000, 0.000000000000000000, 0.000000000000000000 ) ) ;
#1863 = LINE ( 'NONE', #3164, #3104 ) ;
#1864 = ORIENTED_EDGE ( 'NONE', *, *, #2975, .T. ) ;
#1865 = LINE ( 'NONE', #3570, #2987 ) ;
#1866 = AXIS2_PLACEMENT_3D ( 'NONE', #3317, #1825, #1008 ) ;
#1867 = ORIENTED_EDGE ( 'NONE', *, *, #9717, .T. ) ;
#1868 = DIRECTION ( 'NONE',  ( 0.000000000000000000, 0.000000000000000000, -1.000000000000000000 ) ) ;
#1869 = MECHANICAL_DESIGN_GEOMETRIC_PRESENTATION_REPRESENTATION (  '', ( #2684 ), #4983 ) ;
#1870 = DIRECTION ( 'NONE',  ( 1.000000000000000000, -0.000000000000000000, -0.000000000000000000 ) ) ;
#1871 = DIRECTION ( 'NONE',  ( -0.000000000000000000, -1.000000000000000000, -0.000000000000000000 ) ) ;
#1872 = ORIENTED_EDGE ( 'NONE', *, *, #710, .T. ) ;
#1873 = CARTESIAN_POINT ( 'NONE',  ( -3.500000000000000444, 0.000000000000000000, -1.774999999999999245 ) ) ;
#1874 = ORIENTED_EDGE ( 'NONE', *, *, #10041, .F. ) ;
#1875 = CARTESIAN_POINT ( 'NONE',  ( -2.950000000000000178, 0.1999999999999999833, -1.475000000000000089 ) ) ;
#1876 = FACE_OUTER_BOUND ( 'NONE', #2690, .T. ) ;
#1877 = PLANE ( 'NONE',  #785 ) ;
#1878 = ORIENTED_EDGE ( 'NONE', *, *, #445, .F. ) ;
#1879 = FILL_AREA_STYLE_COLOUR ( '', #4243 ) ;
#1880 = AXIS2_PLACEMENT_3D ( 'NONE', #8818, #5809, #3373 ) ;
#1881 = VERTEX_POINT ( 'NONE', #9577 ) ;
#1882 = EDGE_CURVE ( 'NONE', #358, #5329, #164, .T. ) ;
#1883 = CIRCLE ( 'NONE', #5941, 0.1999999999999996503 ) ;
#1884 = ORIENTED_EDGE ( 'NONE', *, *, #7428, .T. ) ;
#1885 = DIRECTION ( 'NONE',  ( -1.577021341797097018E-15, -0.000000000000000000, -1.000000000000000000 ) ) ;
#1886 = ADVANCED_FACE ( 'NONE', ( #8781 ), #2635, .T. ) ;
#1887 = CLOSED_SHELL ( 'NONE', ( #6625, #2826, #4519, #8012, #4326, #7754 ) ) ;
#1888 =( NAMED_UNIT ( * ) PLANE_ANGLE_UNIT ( ) SI_UNIT ( $, .RADIAN. ) );
#1889 =( NAMED_UNIT ( * ) PLANE_ANGLE_UNIT ( ) SI_UNIT ( $, .RADIAN. ) );
#1890 = ADVANCED_FACE ( 'NONE', ( #2286 ), #192, .F. ) ;
#1892 = EDGE_CURVE ( 'NONE', #9435, #8430, #10110, .T. ) ;
#1891 = LINE ( 'NONE', #8128, #5821 ) ;
#1893 = CARTESIAN_POINT ( 'NONE',  ( 2.950000000000000178, 0.05000000000000002359, 0.4749999999999997558 ) ) ;
#1894 = AXIS2_PLACEMENT_3D ( 'NONE', #5738, #8063, #6542 ) ;
#1895 = DIRECTION ( 'NONE',  ( 1.000000000000000000, 0.000000000000000000, 0.000000000000000000 ) ) ;
#1896 = LINE ( 'NONE', #6180, #6687 ) ;
#1897 = ORIENTED_EDGE ( 'NONE', *, *, #6779, .F. ) ;
#1898 = CARTESIAN_POINT ( 'NONE',  ( 1.475000000000000533, 0.2000000000000000111, 2.950000000000001066 ) ) ;
#1899 = EDGE_CURVE ( 'NONE', #1859, #9993, #8059, .T. ) ;
#1900 = ORIENTED_EDGE ( 'NONE', *, *, #5648, .T. ) ;
#1901 =( LENGTH_UNIT ( ) NAMED_UNIT ( * ) SI_UNIT ( .MILLI., .METRE. ) );
#1902 = EDGE_CURVE ( 'NONE', #864, #8962, #4868, .T. ) ;
#1903 = VECTOR ( 'NONE', #9895, 1000.000000000000000 ) ;
#1904 = VECTOR ( 'NONE', #7690, 1000.000000000000000 ) ;
#1905 = CARTESIAN_POINT ( 'NONE',  ( 3.500000000000000444, 11.49949493661166500, 3.499999999999999556 ) ) ;
#1906 = CARTESIAN_POINT ( 'NONE',  ( 1.475000000000000533, 0.8264982043070834283, 3.500000000000001332 ) ) ;
#1907 = FACE_OUTER_BOUND ( 'NONE', #6175, .T. ) ;
#1908 = ORIENTED_EDGE ( 'NONE', *, *, #9048, .F. ) ;
#1909 = CARTESIAN_POINT ( 'NONE',  ( 3.500000000000000444, 0.8264982043070829842, 2.425000000000000266 ) ) ;
#1910 = EDGE_CURVE ( 'NONE', #9094, #6659, #6194, .T. ) ;
#1911 = ORIENTED_EDGE ( 'NONE', *, *, #5833, .T. ) ;
#1912 = VERTEX_POINT ( 'NONE', #5136 ) ;
#1913 = AXIS2_PLACEMENT_3D ( 'NONE', #10096, #708, #6199 ) ;
#1914 = FACE_OUTER_BOUND ( 'NONE', #3347, .T. ) ;
#1915 = CARTESIAN_POINT ( 'NONE',  ( -2.950000000000000178, 0.05000000000000002359, -1.475000000000000089 ) ) ;
#1916 = EDGE_CURVE ( 'NONE', #995, #9371, #6696, .T. ) ;
#1917 = DIRECTION ( 'NONE',  ( 0.000000000000000000, 0.000000000000000000, -1.000000000000000000 ) ) ;
#1918 = PLANE ( 'NONE',  #4763 ) ;
#1919 = VECTOR ( 'NONE', #2732, 1000.000000000000000 ) ;
#1920 = CARTESIAN_POINT ( 'NONE',  ( 2.424999999999999378, 0.8264982043070834283, -2.950000000000000178 ) ) ;
#1921 = LINE ( 'NONE', #7910, #4371 ) ;
#1922 = EDGE_LOOP ( 'NONE', ( #4279, #6887, #7949, #518 ) ) ;
#1923 = FACE_OUTER_BOUND ( 'NONE', #6060, .T. ) ;
#1924 = ORIENTED_EDGE ( 'NONE', *, *, #8027, .F. ) ;
#1925 = FACE_OUTER_BOUND ( 'NONE', #632, .T. ) ;
#1926 = CARTESIAN_POINT ( 'NONE',  ( -2.950000000000000178, 0.000000000000000000, -1.475000000000000089 ) ) ;
#1927 = VECTOR ( 'NONE', #6089, 1000.000000000000000 ) ;
#1928 = DIRECTION ( 'NONE',  ( 0.000000000000000000, 0.000000000000000000, -1.000000000000000000 ) ) ;
#1929 = AXIS2_PLACEMENT_3D ( 'NONE', #6879, #6808, #7653 ) ;
#1930 = CARTESIAN_POINT ( 'NONE',  ( 2.125000000000000888, 0.8264982043070834283, 3.500000000000001332 ) ) ;
#1931 = ORIENTED_EDGE ( 'NONE', *, *, #5015, .F. ) ;
#1932 = LINE ( 'NONE', #4020, #5861 ) ;
#1933 = LINE ( 'NONE', #2072, #6838 ) ;
#1934 = VECTOR ( 'NONE', #3237, 1000.000000000000000 ) ;
#1935 = CARTESIAN_POINT ( 'NONE',  ( -1.125000000000000222, 0.000000000000000000, -2.950000000000000178 ) ) ;
#1936 = VERTEX_POINT ( 'NONE', #8990 ) ;
#1937 = ADVANCED_FACE ( 'NONE', ( #4738 ), #1997, .T. ) ;
#1938 = DIRECTION ( 'NONE',  ( -6.195440985631454085E-17, -0.000000000000000000, 1.000000000000000000 ) ) ;
#1939 = ORIENTED_EDGE ( 'NONE', *, *, #9601, .T. ) ;
#1940 = LINE ( 'NONE', #1501, #9676 ) ;
#1941 = DIRECTION ( 'NONE',  ( 0.000000000000000000, -0.000000000000000000, 1.000000000000000000 ) ) ;
#1942 = AXIS2_PLACEMENT_3D ( 'NONE', #4137, #9642, #8915 ) ;
#1943 = ADVANCED_FACE ( 'NONE', ( #8048 ), #3589, .T. ) ;
#1944 = ORIENTED_EDGE ( 'NONE', *, *, #9010, .T. ) ;
#1945 = PLANE ( 'NONE',  #1661 ) ;
#1946 = EDGE_LOOP ( 'NONE', ( #6189, #8109, #5538, #86 ) ) ;
#1947 = DIRECTION ( 'NONE',  ( -1.000000000000000000, 0.000000000000000000, -0.000000000000000000 ) ) ;
#1948 = ORIENTED_EDGE ( 'NONE', *, *, #6418, .T. ) ;
#1949 = VECTOR ( 'NONE', #2538, 1000.000000000000000 ) ;
#1950 = ORIENTED_EDGE ( 'NONE', *, *, #49, .T. ) ;
#1951 = CIRCLE ( 'NONE', #219, 0.1999999999999996503 ) ;
#1952 = PLANE ( 'NONE',  #9440 ) ;
#1953 = PLANE ( 'NONE',  #5247 ) ;
#1954 = VECTOR ( 'NONE', #8055, 1000.000000000000000 ) ;
#1955 = ORIENTED_EDGE ( 'NONE', *, *, #2592, .T. ) ;
#1956 = EDGE_CURVE ( 'NONE', #7289, #4889, #5959, .T. ) ;
#1957 = CARTESIAN_POINT ( 'NONE',  ( 0.4749999999999988676, 0.8264982043070834283, -2.950000000000000178 ) ) ;
#1958 = ORIENTED_EDGE ( 'NONE', *, *, #6899, .T. ) ;
#1959 = CARTESIAN_POINT ( 'NONE',  ( 1.774999999999998801, 0.2000000000000000111, -2.950000000000000178 ) ) ;
#1960 = LINE ( 'NONE', #2075, #6135 ) ;
#1961 = DIRECTION ( 'NONE',  ( -0.000000000000000000, -1.000000000000000000, -0.000000000000000000 ) ) ;
#1962 = EDGE_CURVE ( 'NONE', #9249, #6766, #7792, .T. ) ;
#1964 = FACE_OUTER_BOUND ( 'NONE', #2007, .T. ) ;
#1963 = CARTESIAN_POINT ( 'NONE',  ( -2.950000000000000178, 0.8264982043070829842, -1.124999999999999334 ) ) ;
#1965 = ORIENTED_EDGE ( 'NONE', *, *, #4736, .F. ) ;
#1966 = VERTEX_POINT ( 'NONE', #390 ) ;
#1967 = ORIENTED_EDGE ( 'NONE', *, *, #3880, .F. ) ;
#1968 = ORIENTED_EDGE ( 'NONE', *, *, #3086, .T. ) ;
#1969 = EDGE_CURVE ( 'NONE', #2233, #6169, #5720, .T. ) ;
#1970 = CARTESIAN_POINT ( 'NONE',  ( 3.500000000000000444, 0.05000000000000000278, 3.499999999999999556 ) ) ;
#1971 = ORIENTED_EDGE ( 'NONE', *, *, #293, .F. ) ;
#1972 = VECTOR ( 'NONE', #6430, 1000.000000000000000 ) ;
#1973 = UNCERTAINTY_MEASURE_WITH_UNIT (LENGTH_MEASURE( 1.000000000000000082E-05 ), #3492, 'distance_accuracy_value', 'NONE');
#1974 = DIRECTION ( 'NONE',  ( 0.000000000000000000, -1.000000000000000000, 0.000000000000000000 ) ) ;
#1975 = DIRECTION ( 'NONE',  ( 1.000000000000000000, -0.000000000000000000, -0.000000000000000000 ) ) ;
#1976 = AXIS2_PLACEMENT_3D ( 'NONE', #1920, #8905, #7319 ) ;
#1977 = VECTOR ( 'NONE', #1280, 1000.000000000000000 ) ;
#1978 = ORIENTED_EDGE ( 'NONE', *, *, #573, .T. ) ;
#1979 = EDGE_CURVE ( 'NONE', #8309, #7503, #1532, .T. ) ;
#1980 = VERTEX_POINT ( 'NONE', #5032 ) ;
#1981 = ORIENTED_EDGE ( 'NONE', *, *, #2293, .T. ) ;
#1982 = DIRECTION ( 'NONE',  ( 0.000000000000000000, 0.000000000000000000, -1.000000000000000000 ) ) ;
#1983 = ORIENTED_EDGE ( 'NONE', *, *, #9235, .F. ) ;
#1984 = FACE_OUTER_BOUND ( 'NONE', #6312, .T. ) ;
#1985 = ORIENTED_EDGE ( 'NONE', *, *, #9370, .F. ) ;
#1986 = PLANE ( 'NONE',  #3361 ) ;
#1987 = VECTOR ( 'NONE', #5960, 1000.000000000000000 ) ;
#1988 = AXIS2_PLACEMENT_3D ( 'NONE', #2429, #8748, #7875 ) ;
#1989 = PRESENTATION_LAYER_ASSIGNMENT (  '', '', ( #6385 ) ) ;
#1990 = VERTEX_POINT ( 'NONE', #3515 ) ;
#1991 = CARTESIAN_POINT ( 'NONE',  ( -3.500000000000000444, 0.1999999999999999833, -0.1750000000000002387 ) ) ;
#1992 = ADVANCED_FACE ( 'NONE', ( #667 ), #6553, .F. ) ;
#1993 = CARTESIAN_POINT ( 'NONE',  ( -0.4749999999999993117, 0.1999999999999999833, 2.950000000000001066 ) ) ;
#1994 = CARTESIAN_POINT ( 'NONE',  ( 1.949999999999999956, 0.2000000000000000111, 0.000000000000000000 ) ) ;
#1995 = ADVANCED_FACE ( 'NONE', ( #4616 ), #6045, .F. ) ;
#1996 = DIRECTION ( 'NONE',  ( 0.000000000000000000, 0.000000000000000000, -1.000000000000000000 ) ) ;
#1997 = PLANE ( 'NONE',  #4362 ) ;
#1998 = VERTEX_POINT ( 'NONE', #9785 ) ;
#1999 = DIRECTION ( 'NONE',  ( 0.000000000000000000, -0.000000000000000000, 1.000000000000000000 ) ) ;
#2000 = ORIENTED_EDGE ( 'NONE', *, *, #5370, .T. ) ;
#2001 = STYLED_ITEM ( 'NONE', ( #1609 ), #6367 ) ;
#2002 = PLANE ( 'NONE',  #10072 ) ;
#2003 = LINE ( 'NONE', #1436, #10082 ) ;
#2004 = DIRECTION ( 'NONE',  ( 0.000000000000000000, 0.000000000000000000, -1.000000000000000000 ) ) ;
#2005 = CARTESIAN_POINT ( 'NONE',  ( 0.1749999999999998224, 0.2000000000000000111, -3.500000000000000444 ) ) ;
#2006 = CARTESIAN_POINT ( 'NONE',  ( 1.124999999999998890, 0.8264982043070834283, -2.950000000000000178 ) ) ;
#2007 = EDGE_LOOP ( 'NONE', ( #8388, #4577, #2797, #9899 ) ) ;
#2008 = PLANE ( 'NONE',  #5040 ) ;
#2009 = DIRECTION ( 'NONE',  ( 0.000000000000000000, -0.000000000000000000, 1.000000000000000000 ) ) ;
#2010 = VECTOR ( 'NONE', #4298, 1000.000000000000000 ) ;
#2011 = EDGE_LOOP ( 'NONE', ( #1699, #2262, #3096, #9478 ) ) ;
#2012 = DIRECTION ( 'NONE',  ( 0.000000000000000000, -0.000000000000000000, -1.000000000000000000 ) ) ;
#2013 = SURFACE_SIDE_STYLE ('',( #27 ) ) ;
#2014 = EDGE_LOOP ( 'NONE', ( #979, #9693, #7268, #8603 ) ) ;
#2015 = CARTESIAN_POINT ( 'NONE',  ( 3.500000000000000444, 0.04999999999999969746, 2.425000000000000266 ) ) ;
#2016 = EDGE_CURVE ( 'NONE', #4926, #4498, #2533, .T. ) ;
#2017 = EDGE_LOOP ( 'NONE', ( #3667, #5511, #1653, #9433 ) ) ;
#2018 = LINE ( 'NONE', #4848, #6685 ) ;
#2019 = EDGE_CURVE ( 'NONE', #4131, #2529, #5468, .T. ) ;
#2020 = FILL_AREA_STYLE ('',( #2730 ) ) ;
#2021 = ORIENTED_EDGE ( 'NONE', *, *, #9805, .T. ) ;
#2022 = FILL_AREA_STYLE ('',( #5938 ) ) ;
#2023 = EDGE_CURVE ( 'NONE', #142, #9972, #407, .T. ) ;
#2024 = DIRECTION ( 'NONE',  ( 1.000000000000000000, 0.000000000000000000, -0.000000000000000000 ) ) ;
#2025 = VERTEX_POINT ( 'NONE', #2015 ) ;
#2026 = VECTOR ( 'NONE', #1574, 1000.000000000000000 ) ;
#2027 = DIRECTION ( 'NONE',  ( 0.000000000000000000, -0.000000000000000000, -1.000000000000000000 ) ) ;
#2028 = LINE ( 'NONE', #1500, #4384 ) ;
#2029 = MECHANICAL_DESIGN_GEOMETRIC_PRESENTATION_REPRESENTATION (  '', ( #8652 ), #8148 ) ;
#2030 = LINE ( 'NONE', #2541, #2793 ) ;
#2031 = ORIENTED_EDGE ( 'NONE', *, *, #903, .T. ) ;
#2032 = DIRECTION ( 'NONE',  ( 1.000000000000000000, 0.000000000000000000, 1.845450506358305572E-16 ) ) ;
#2033 = EDGE_CURVE ( 'NONE', #1912, #7196, #6444, .T. ) ;
#2034 = DIRECTION ( 'NONE',  ( 0.000000000000000000, -1.000000000000000000, 0.000000000000000000 ) ) ;
#2035 = ORIENTED_EDGE ( 'NONE', *, *, #7575, .F. ) ;
#2036 = ORIENTED_EDGE ( 'NONE', *, *, #5071, .F. ) ;
#2037 = ADVANCED_FACE ( 'NONE', ( #4382 ), #6162, .T. ) ;
#2038 = DIRECTION ( 'NONE',  ( 0.000000000000000000, -0.000000000000000000, -1.000000000000000000 ) ) ;
#2039 = UNCERTAINTY_MEASURE_WITH_UNIT (LENGTH_MEASURE( 1.000000000000000082E-05 ), #8816, 'distance_accuracy_value', 'NONE');
#2040 = VECTOR ( 'NONE', #3518, 1000.000000000000000 ) ;
#2041 = DIRECTION ( 'NONE',  ( 1.577021341797097215E-15, -0.000000000000000000, 1.000000000000000000 ) ) ;
#2042 = FACE_OUTER_BOUND ( 'NONE', #2862, .T. ) ;
#2043 = EDGE_CURVE ( 'NONE', #430, #2373, #4127, .T. ) ;
#2044 = ADVANCED_FACE ( 'NONE', ( #1289 ), #7860, .F. ) ;
#2045 = CARTESIAN_POINT ( 'NONE',  ( 2.350000000000000089, 6.846803743153548005, -2.350000000000000089 ) ) ;
#2046 = EDGE_CURVE ( 'NONE', #851, #5740, #4630, .T. ) ;
#2047 = EDGE_LOOP ( 'NONE', ( #4318, #3034, #515, #3821 ) ) ;
#2048 = CARTESIAN_POINT ( 'NONE',  ( -2.950000000000000178, 0.000000000000000000, 0.1750000000000006828 ) ) ;
#2049 = LINE ( 'NONE', #7777, #9282 ) ;
#2050 = CARTESIAN_POINT ( 'NONE',  ( 3.899999999999999911, 0.2000000000000000111, 0.000000000000000000 ) ) ;
#2051 = VECTOR ( 'NONE', #432, 1000.000000000000000 ) ;
#2052 = LINE ( 'NONE', #3202, #73 ) ;
#2053 = VERTEX_POINT ( 'NONE', #3109 ) ;
#2054 = ORIENTED_EDGE ( 'NONE', *, *, #7817, .T. ) ;
#2055 = LINE ( 'NONE', #8480, #8919 ) ;
#2056 = DIRECTION ( 'NONE',  ( 0.000000000000000000, -0.000000000000000000, 1.000000000000000000 ) ) ;
#2057 = DIRECTION ( 'NONE',  ( -0.000000000000000000, -1.000000000000000000, -0.000000000000000000 ) ) ;
#2058 = AXIS2_PLACEMENT_3D ( 'NONE', #3051, #3832, #9307 ) ;
#2059 = DIRECTION ( 'NONE',  ( 1.000000000000000000, -0.000000000000000000, -0.000000000000000000 ) ) ;
#2060 = VECTOR ( 'NONE', #5210, 1000.000000000000000 ) ;
#2061 = PLANE ( 'NONE',  #3265 ) ;
#2062 = ORIENTED_EDGE ( 'NONE', *, *, #2828, .T. ) ;
#2063 = ORIENTED_EDGE ( 'NONE', *, *, #9783, .T. ) ;
#2064 = VERTEX_POINT ( 'NONE', #5497 ) ;
#2065 = LINE ( 'NONE', #9379, #6350 ) ;
#2066 = VERTEX_POINT ( 'NONE', #3851 ) ;
#2067 = CARTESIAN_POINT ( 'NONE',  ( 2.350000000000000089, 6.846803743153548005, 2.350000000000000533 ) ) ;
#2068 = VECTOR ( 'NONE', #5466, 1000.000000000000000 ) ;
#2069 = DIRECTION ( 'NONE',  ( -0.000000000000000000, -1.000000000000000000, -0.000000000000000000 ) ) ;
#2070 = LINE ( 'NONE', #1489, #6117 ) ;
#2071 = CARTESIAN_POINT ( 'NONE',  ( 0.000000000000000000, 0.2000000000000000111, 0.000000000000000000 ) ) ;
#2072 = CARTESIAN_POINT ( 'NONE',  ( -2.950000000000000178, 0.05000000000000000278, 0.000000000000000000 ) ) ;
#2073 = DIRECTION ( 'NONE',  ( 1.000000000000000000, 0.000000000000000000, -0.000000000000000000 ) ) ;
#2074 = ORIENTED_EDGE ( 'NONE', *, *, #6956, .T. ) ;
#2075 = CARTESIAN_POINT ( 'NONE',  ( 2.950000000000000178, 0.1999999999999999833, 0.4749999999999997558 ) ) ;
#2076 = CARTESIAN_POINT ( 'NONE',  ( 2.950000000000000178, 0.1999999999999999833, -0.4749999999999993117 ) ) ;
#2077 = LINE ( 'NONE', #693, #10154 ) ;
#2078 = VERTEX_POINT ( 'NONE', #783 ) ;
#2079 = FACE_OUTER_BOUND ( 'NONE', #4542, .T. ) ;
#2080 = PLANE ( 'NONE',  #9865 ) ;
#2081 = DIRECTION ( 'NONE',  ( 0.000000000000000000, 0.000000000000000000, -1.000000000000000000 ) ) ;
#2082 = CARTESIAN_POINT ( 'NONE',  ( -3.500000000000000444, 0.000000000000000000, -2.125000000000000000 ) ) ;
#2083 = ORIENTED_EDGE ( 'NONE', *, *, #567, .F. ) ;
#2084 = ORIENTED_EDGE ( 'NONE', *, *, #5197, .F. ) ;
#2085 = DIRECTION ( 'NONE',  ( 0.000000000000000000, 0.000000000000000000, -1.000000000000000000 ) ) ;
#2086 = EDGE_LOOP ( 'NONE', ( #9549, #826, #3004, #9020 ) ) ;
#2087 = VECTOR ( 'NONE', #6481, 1000.000000000000000 ) ;
#2088 = ADVANCED_FACE ( 'NONE', ( #3137 ), #9428, .T. ) ;
#2089 = AXIS2_PLACEMENT_3D ( 'NONE', #6641, #7308, #369 ) ;
#2090 = LINE ( 'NONE', #1252, #9697 ) ;
#2091 = EDGE_CURVE ( 'NONE', #865, #6219, #8888, .T. ) ;
#2092 = CARTESIAN_POINT ( 'NONE',  ( -2.950000000000000178, 0.1999999999999999833, 1.774999999999999689 ) ) ;
#2093 = EDGE_LOOP ( 'NONE', ( #1908, #6040, #6130, #5214 ) ) ;
#2094 = CARTESIAN_POINT ( 'NONE',  ( -0.1750000000000010991, 0.000000000000000000, -2.950000000000000178 ) ) ;
#2096 = ORIENTED_EDGE ( 'NONE', *, *, #5452, .F. ) ;
#2095 = ADVANCED_FACE ( 'NONE', ( #7562 ), #6178, .T. ) ;
#2097 = ORIENTED_EDGE ( 'NONE', *, *, #1688, .T. ) ;
#2098 = CARTESIAN_POINT ( 'NONE',  ( -2.125000000000000000, 0.000000000000000000, 2.950000000000001066 ) ) ;
#2099 = EDGE_CURVE ( 'NONE', #9167, #6013, #4987, .T. ) ;
#2100 = ORIENTED_EDGE ( 'NONE', *, *, #1441, .T. ) ;
#2101 = ORIENTED_EDGE ( 'NONE', *, *, #5536, .T. ) ;
#2102 = FACE_OUTER_BOUND ( 'NONE', #2086, .T. ) ;
#2103 = VECTOR ( 'NONE', #1624, 1000.000000000000000 ) ;
#2104 =( NAMED_UNIT ( * ) PLANE_ANGLE_UNIT ( ) SI_UNIT ( $, .RADIAN. ) );
#2105 = EDGE_CURVE ( 'NONE', #6003, #6972, #6711, .T. ) ;
#2106 = ORIENTED_EDGE ( 'NONE', *, *, #2914, .T. ) ;
#2107 = ORIENTED_EDGE ( 'NONE', *, *, #1382, .F. ) ;
#2108 = CARTESIAN_POINT ( 'NONE',  ( -2.950000000000000178, 0.05000000000000002359, 1.475000000000000533 ) ) ;
#2109 = LINE ( 'NONE', #7465, #7284 ) ;
#2110 = DIRECTION ( 'NONE',  ( 0.000000000000000000, 0.000000000000000000, -1.000000000000000000 ) ) ;
#2111 = ORIENTED_EDGE ( 'NONE', *, *, #8709, .T. ) ;
#2112 = DIRECTION ( 'NONE',  ( -0.000000000000000000, -1.000000000000000000, -0.000000000000000000 ) ) ;
#2113 = VECTOR ( 'NONE', #6469, 1000.000000000000000 ) ;
#2114 = ORIENTED_EDGE ( 'NONE', *, *, #4469, .F. ) ;
#2115 =( NAMED_UNIT ( * ) PLANE_ANGLE_UNIT ( ) SI_UNIT ( $, .RADIAN. ) );
#2116 = CARTESIAN_POINT ( 'NONE',  ( 2.950000000000000178, 0.8264982043070829842, -2.125000000000000000 ) ) ;
#2117 = EDGE_LOOP ( 'NONE', ( #2768, #2909, #6373, #1208 ) ) ;
#2118 = CARTESIAN_POINT ( 'NONE',  ( -2.350000000000000089, 0.05000000000000000278, -2.350000000000000977 ) ) ;
#2119 = VECTOR ( 'NONE', #6068, 1000.000000000000000 ) ;
#2120 = AXIS2_PLACEMENT_3D ( 'NONE', #4709, #10160, #914 ) ;
#2121 = STYLED_ITEM ( 'NONE', ( #2764 ), #3049 ) ;
#2122 = ORIENTED_EDGE ( 'NONE', *, *, #5781, .F. ) ;
#2123 = CARTESIAN_POINT ( 'NONE',  ( 2.950000000000000178, 0.8264982043070829842, -2.125000000000000000 ) ) ;
#2124 = DIRECTION ( 'NONE',  ( -1.000000000000000000, 0.000000000000000000, 0.000000000000000000 ) ) ;
#2125 = CARTESIAN_POINT ( 'NONE',  ( -0.1750000000000002387, 0.8264982043070834283, 2.950000000000001066 ) ) ;
#2126 = FACE_OUTER_BOUND ( 'NONE', #4580, .T. ) ;
#2127 = DIRECTION ( 'NONE',  ( 0.000000000000000000, 0.000000000000000000, -1.000000000000000000 ) ) ;
#2128 = ORIENTED_EDGE ( 'NONE', *, *, #8334, .F. ) ;
#2129 = CARTESIAN_POINT ( 'NONE',  ( -2.950000000000000178, 0.8264982043070829842, 1.774999999999999689 ) ) ;
#2130 = VERTEX_POINT ( 'NONE', #751 ) ;
#2131 = AXIS2_PLACEMENT_3D ( 'NONE', #830, #2356, #7835 ) ;
#2132 = CARTESIAN_POINT ( 'NONE',  ( -0.1750000000000002387, 0.1999999999999999833, 2.950000000000001066 ) ) ;
#2133 = CYLINDRICAL_SURFACE ( 'NONE', #2466, 0.1999999999999996503 ) ;
#2134 = PLANE ( 'NONE',  #3314 ) ;
#2135 = ADVANCED_FACE ( 'NONE', ( #7324 ), #1481, .T. ) ;
#2136 = CARTESIAN_POINT ( 'NONE',  ( -2.124999999999999112, 0.000000000000000000, 3.500000000000001332 ) ) ;
#2137 = SURFACE_STYLE_FILL_AREA ( #3011 ) ;
#2138 = ORIENTED_EDGE ( 'NONE', *, *, #4533, .T. ) ;
#2139 = PLANE ( 'NONE',  #5562 ) ;
#2140 = PLANE ( 'NONE',  #9926 ) ;
#2141 = ORIENTED_EDGE ( 'NONE', *, *, #7166, .T. ) ;
#2142 = ADVANCED_FACE ( 'NONE', ( #9137 ), #7074, .T. ) ;
#2143 = VERTEX_POINT ( 'NONE', #821 ) ;
#2144 = DIRECTION ( 'NONE',  ( -1.000000000000000000, 0.000000000000000000, -0.000000000000000000 ) ) ;
#2145 = LINE ( 'NONE', #8325, #9639 ) ;
#2146 = PLANE ( 'NONE',  #3512 ) ;
#2147 = FACE_OUTER_BOUND ( 'NONE', #3228, .T. ) ;
#2148 = ORIENTED_EDGE ( 'NONE', *, *, #10039, .T. ) ;
#2149 = EDGE_CURVE ( 'NONE', #9169, #9574, #1417, .T. ) ;
#2150 = ORIENTED_EDGE ( 'NONE', *, *, #4933, .F. ) ;
#2151 = PLANE ( 'NONE',  #44 ) ;
#2152 = DIRECTION ( 'NONE',  ( -1.000000000000000000, 0.000000000000000000, 0.000000000000000000 ) ) ;
#2153 = DIRECTION ( 'NONE',  ( 1.577021341797097018E-15, 0.000000000000000000, -1.000000000000000000 ) ) ;
#2154 = ORIENTED_EDGE ( 'NONE', *, *, #5654, .T. ) ;
#2155 = ORIENTED_EDGE ( 'NONE', *, *, #1164, .F. ) ;
#2156 = VECTOR ( 'NONE', #3140, 1000.000000000000000 ) ;
#2157 = EDGE_CURVE ( 'NONE', #7803, #756, #4503, .T. ) ;
#2158 = VECTOR ( 'NONE', #2489, 1000.000000000000000 ) ;
#2159 = CARTESIAN_POINT ( 'NONE',  ( 2.425000000000000266, 0.1999999999999999833, -3.500000000000000444 ) ) ;
#2160 = LINE ( 'NONE', #7879, #2274 ) ;
#2161 = DIRECTION ( 'NONE',  ( 0.000000000000000000, -0.000000000000000000, -1.000000000000000000 ) ) ;
#2162 = CARTESIAN_POINT ( 'NONE',  ( 3.500000000000000444, 0.000000000000000000, -0.8250000000000001776 ) ) ;
#2163 = EDGE_CURVE ( 'NONE', #8634, #2629, #5355, .T. ) ;
#2164 = DIRECTION ( 'NONE',  ( -1.000000000000000000, 0.000000000000000000, -1.577021341797097215E-15 ) ) ;
#2165 = EDGE_LOOP ( 'NONE', ( #8627, #6099, #2864, #3018 ) ) ;
#2166 = VECTOR ( 'NONE', #443, 1000.000000000000000 ) ;
#2167 = DIRECTION ( 'NONE',  ( 0.000000000000000000, -1.000000000000000000, 0.000000000000000000 ) ) ;
#2168 = EDGE_CURVE ( 'NONE', #7589, #5550, #5003, .T. ) ;
#2169 = SURFACE_STYLE_FILL_AREA ( #3878 ) ;
#2170 = LINE ( 'NONE', #5315, #8182 ) ;
#2171 = DIRECTION ( 'NONE',  ( 0.000000000000000000, -0.000000000000000000, 1.000000000000000000 ) ) ;
#2172 = EDGE_CURVE ( 'NONE', #3574, #6264, #8642, .T. ) ;
#2173 = CARTESIAN_POINT ( 'NONE',  ( -0.1750000000000010991, 0.2000000000000000111, -2.950000000000000178 ) ) ;
#2174 = DIRECTION ( 'NONE',  ( -0.000000000000000000, 0.000000000000000000, -1.000000000000000000 ) ) ;
#2175 = ORIENTED_EDGE ( 'NONE', *, *, #3631, .T. ) ;
#2176 = VECTOR ( 'NONE', #6431, 1000.000000000000000 ) ;
#2177 = SURFACE_STYLE_USAGE ( .BOTH. , #6904 ) ;
#2178 = DIRECTION ( 'NONE',  ( 0.000000000000000000, -1.000000000000000000, 0.000000000000000000 ) ) ;
#2179 = EDGE_CURVE ( 'NONE', #8712, #5130, #1050, .T. ) ;
#2180 = LINE ( 'NONE', #9469, #7947 ) ;
#2181 = MECHANICAL_DESIGN_GEOMETRIC_PRESENTATION_REPRESENTATION (  '', ( #1131 ), #6984 ) ;
#2182 = PLANE ( 'NONE',  #4853 ) ;
#2183 =( NAMED_UNIT ( * ) PLANE_ANGLE_UNIT ( ) SI_UNIT ( $, .RADIAN. ) );
#2184 = ORIENTED_EDGE ( 'NONE', *, *, #6763, .T. ) ;
#2185 = CARTESIAN_POINT ( 'NONE',  ( -0.8250000000000010658, 0.2000000000000000111, -2.950000000000000178 ) ) ;
#2186 = ORIENTED_EDGE ( 'NONE', *, *, #6770, .T. ) ;
#2187 = LINE ( 'NONE', #9551, #7106 ) ;
#2188 = CARTESIAN_POINT ( 'NONE',  ( 2.950000000000000178, 0.1999999999999999833, -2.424999999999999378 ) ) ;
#2189 = FACE_OUTER_BOUND ( 'NONE', #186, .T. ) ;
#2190 = ADVANCED_FACE ( 'NONE', ( #3028 ), #8813, .F. ) ;
#2191 = EDGE_LOOP ( 'NONE', ( #3181, #7450, #3761, #9231 ) ) ;
#2192 = ORIENTED_EDGE ( 'NONE', *, *, #6770, .F. ) ;
#2193 = DIRECTION ( 'NONE',  ( 1.000000000000000000, 0.000000000000000000, -0.000000000000000000 ) ) ;
#2194 = LINE ( 'NONE', #906, #1697 ) ;
#2195 = CARTESIAN_POINT ( 'NONE',  ( 3.500000000000000444, 0.8264982043070829842, 0.4749999999999997558 ) ) ;
#2196 = ORIENTED_EDGE ( 'NONE', *, *, #8519, .T. ) ;
#2197 = AXIS2_PLACEMENT_3D ( 'NONE', #8311, #8219, #9889 ) ;
#2198 = CARTESIAN_POINT ( 'NONE',  ( 0.4749999999999988676, 0.1999999999999999833, -2.950000000000000178 ) ) ;
#2199 = ADVANCED_FACE ( 'NONE', ( #2912 ), #8704, .F. ) ;
#2200 = CARTESIAN_POINT ( 'NONE',  ( -2.125000000000000888, 0.04999999999999999584, -2.950000000000000178 ) ) ;
#2201 = AXIS2_PLACEMENT_3D ( 'NONE', #5215, #9952, #5276 ) ;
#2202 = LINE ( 'NONE', #2544, #3560 ) ;
#2203 = VERTEX_POINT ( 'NONE', #6479 ) ;
#2204 = EDGE_LOOP ( 'NONE', ( #5339, #6487, #4697, #7348 ) ) ;
#2205 = VERTEX_POINT ( 'NONE', #2455 ) ;
#2206 = ORIENTED_EDGE ( 'NONE', *, *, #2157, .F. ) ;
#2207 = CARTESIAN_POINT ( 'NONE',  ( -0.4749999999999993117, 0.000000000000000000, 2.950000000000001066 ) ) ;
#2208 = PLANE ( 'NONE',  #9277 ) ;
#2209 = LINE ( 'NONE', #8649, #7982 ) ;
#2210 = EDGE_CURVE ( 'NONE', #8571, #4566, #8401, .T. ) ;
#2211 = ORIENTED_EDGE ( 'NONE', *, *, #5324, .F. ) ;
#2212 = VERTEX_POINT ( 'NONE', #8773 ) ;
#2213 = LINE ( 'NONE', #1594, #5669 ) ;
#2214 = CARTESIAN_POINT ( 'NONE',  ( 3.500000000000000444, 0.000000000000000000, -1.475000000000000089 ) ) ;
#2215 = PLANE ( 'NONE',  #8104 ) ;
#2216 = EDGE_CURVE ( 'NONE', #7561, #4388, #9267, .T. ) ;
#2217 = FACE_OUTER_BOUND ( 'NONE', #4002, .T. ) ;
#2218 = CARTESIAN_POINT ( 'NONE',  ( -2.125000000000000000, 0.8264982043070834283, 2.950000000000001066 ) ) ;
#2219 = DIRECTION ( 'NONE',  ( 1.577021341797097215E-15, 0.000000000000000000, 1.000000000000000000 ) ) ;
#2220 = CARTESIAN_POINT ( 'NONE',  ( 1.124999999999995115, 0.05000000000000000278, -1.774149009521726873E-15 ) ) ;
#2221 = EDGE_LOOP ( 'NONE', ( #1878, #454, #9701, #9562 ) ) ;
#2222 = ORIENTED_EDGE ( 'NONE', *, *, #2163, .F. ) ;
#2223 = ORIENTED_EDGE ( 'NONE', *, *, #5340, .T. ) ;
#2224 = EDGE_CURVE ( 'NONE', #7138, #7857, #7199, .T. ) ;
#2225 = AXIS2_PLACEMENT_3D ( 'NONE', #10060, #5289, #1395 ) ;
#2226 = VECTOR ( 'NONE', #6618, 1000.000000000000000 ) ;
#2227 = ORIENTED_EDGE ( 'NONE', *, *, #2721, .T. ) ;
#2228 = EDGE_CURVE ( 'NONE', #6607, #4907, #8173, .T. ) ;
#2229 = CARTESIAN_POINT ( 'NONE',  ( -2.950000000000000178, 0.1999999999999999833, 1.475000000000000533 ) ) ;
#2230 = FACE_OUTER_BOUND ( 'NONE', #739, .T. ) ;
#2231 = CARTESIAN_POINT ( 'NONE',  ( -2.125000000000000000, 0.000000000000000000, 2.950000000000001066 ) ) ;
#2232 = DIRECTION ( 'NONE',  ( 0.000000000000000000, -0.000000000000000000, -1.000000000000000000 ) ) ;
#2233 = VERTEX_POINT ( 'NONE', #4134 ) ;
#2234 = EDGE_CURVE ( 'NONE', #9838, #10162, #7926, .T. ) ;
#2236 = EDGE_CURVE ( 'NONE', #7412, #6873, #9884, .T. ) ;
#2235 = PRESENTATION_STYLE_ASSIGNMENT (( #5238 ) ) ;
#2237 = CARTESIAN_POINT ( 'NONE',  ( 0.000000000000000000, 0.2000000000000000111, 0.000000000000000000 ) ) ;
#2238 = CARTESIAN_POINT ( 'NONE',  ( -0.8250000000000001776, 0.000000000000000000, -3.500000000000000444 ) ) ;
#2239 =( NAMED_UNIT ( * ) SI_UNIT ( $, .STERADIAN. ) SOLID_ANGLE_UNIT ( ) );
#2240 = ADVANCED_FACE ( 'NONE', ( #9516 ), #6517, .T. ) ;
#2241 = ORIENTED_EDGE ( 'NONE', *, *, #4273, .F. ) ;
#2242 = EDGE_CURVE ( 'NONE', #4180, #8064, #5734, .T. ) ;
#2243 = CARTESIAN_POINT ( 'NONE',  ( 0.8250000000000006217, 0.000000000000000000, 2.950000000000001066 ) ) ;
#2244 = DIRECTION ( 'NONE',  ( 0.000000000000000000, 0.000000000000000000, -1.000000000000000000 ) ) ;
#2245 = ORIENTED_EDGE ( 'NONE', *, *, #6432, .T. ) ;
#2246 = ADVANCED_FACE ( 'NONE', ( #3648 ), #284, .F. ) ;
#2247 = VECTOR ( 'NONE', #936, 1000.000000000000000 ) ;
#2248 = ORIENTED_EDGE ( 'NONE', *, *, #5075, .T. ) ;
#2249 = CARTESIAN_POINT ( 'NONE',  ( -0.8249999999999992895, 0.1999999999999999833, 3.500000000000001332 ) ) ;
#2250 = CARTESIAN_POINT ( 'NONE',  ( 0.8249999999999997335, 0.000000000000000000, -2.950000000000000178 ) ) ;
#2251 = EDGE_LOOP ( 'NONE', ( #8807, #4722, #2688, #9085 ) ) ;
#2252 = DIRECTION ( 'NONE',  ( 0.000000000000000000, 0.000000000000000000, -1.000000000000000000 ) ) ;
#2253 = CARTESIAN_POINT ( 'NONE',  ( 1.124999999999999778, 0.2000000000000002054, -3.500000000000000444 ) ) ;
#2254 = MECHANICAL_DESIGN_GEOMETRIC_PRESENTATION_REPRESENTATION (  '', ( #7588 ), #6000 ) ;
#2255 = LINE ( 'NONE', #2753, #6065 ) ;
#2256 = ORIENTED_EDGE ( 'NONE', *, *, #6697, .F. ) ;
#2257 = DIRECTION ( 'NONE',  ( 0.000000000000000000, 0.000000000000000000, -1.000000000000000000 ) ) ;
#2258 = EDGE_LOOP ( 'NONE', ( #579, #9328, #4182, #3013 ) ) ;
#2259 = CARTESIAN_POINT ( 'NONE',  ( 0.1750000000000006828, 0.2000000000000002054, 3.500000000000001332 ) ) ;
#2260 = CARTESIAN_POINT ( 'NONE',  ( -1.475000000000000977, 0.2000000000000000111, -2.950000000000000178 ) ) ;
#2261 = LINE ( 'NONE', #1627, #9023 ) ;
#2262 = ORIENTED_EDGE ( 'NONE', *, *, #4657, .F. ) ;
#2263 = CARTESIAN_POINT ( 'NONE',  ( -0.8249999999999992895, 0.000000000000000000, 3.500000000000001332 ) ) ;
#2264 = LINE ( 'NONE', #652, #525 ) ;
#2265 = ORIENTED_EDGE ( 'NONE', *, *, #3019, .F. ) ;
#2266 = CARTESIAN_POINT ( 'NONE',  ( 0.000000000000000000, 0.2000000000000000111, 0.000000000000000000 ) ) ;
#2267 = CARTESIAN_POINT ( 'NONE',  ( 0.000000000000000000, 0.2000000000000000111, 0.000000000000000000 ) ) ;
#2268 = VERTEX_POINT ( 'NONE', #2631 ) ;
#2269 = VECTOR ( 'NONE', #3344, 1000.000000000000000 ) ;
#2270 = FACE_OUTER_BOUND ( 'NONE', #5376, .T. ) ;
#2271 = CARTESIAN_POINT ( 'NONE',  ( 0.8250000000000006217, 0.000000000000000000, 2.950000000000001066 ) ) ;
#2272 = LINE ( 'NONE', #6138, #168 ) ;
#2273 = CARTESIAN_POINT ( 'NONE',  ( 1.475000000000000533, 0.000000000000000000, 2.950000000000001066 ) ) ;
#2274 = VECTOR ( 'NONE', #1493, 1000.000000000000000 ) ;
#2275 = EDGE_LOOP ( 'NONE', ( #3377, #8343, #1736, #108 ) ) ;
#2276 = ORIENTED_EDGE ( 'NONE', *, *, #9791, .T. ) ;
#2277 = DIRECTION ( 'NONE',  ( 0.000000000000000000, 0.000000000000000000, -1.000000000000000000 ) ) ;
#2278 = MANIFOLD_SOLID_BREP ( 'LPattern4[11]', #9706 ) ;
#2279 = FACE_OUTER_BOUND ( 'NONE', #9202, .T. ) ;
#2280 = CARTESIAN_POINT ( 'NONE',  ( 0.000000000000000000, 0.2000000000000000111, 0.000000000000000000 ) ) ;
#2281 = ORIENTED_EDGE ( 'NONE', *, *, #9800, .T. ) ;
#2282 = AXIS2_PLACEMENT_3D ( 'NONE', #1963, #4349, #8198 ) ;
#2283 = ORIENTED_EDGE ( 'NONE', *, *, #500, .T. ) ;
#2284 =( LENGTH_UNIT ( ) NAMED_UNIT ( * ) SI_UNIT ( .MILLI., .METRE. ) );
#2285 = LINE ( 'NONE', #9151, #4629 ) ;
#2286 = FACE_OUTER_BOUND ( 'NONE', #5752, .T. ) ;
#2287 = CARTESIAN_POINT ( 'NONE',  ( -3.500000000000000444, 0.04999999999999969746, -1.124999999999999334 ) ) ;
#2288 = EDGE_CURVE ( 'NONE', #4483, #9330, #4013, .T. ) ;
#2290 = LINE ( 'NONE', #6322, #10122 ) ;
#2289 = CARTESIAN_POINT ( 'NONE',  ( -3.100000000000000977, 0.6999999999999999556, -2.900000000000001688 ) ) ;
#2291 = CARTESIAN_POINT ( 'NONE',  ( 0.4749999999999997558, 0.2000000000000000111, 2.950000000000001066 ) ) ;
#2292 = CARTESIAN_POINT ( 'NONE',  ( -2.950000000000000178, 0.1999999999999999833, -0.4749999999999993117 ) ) ;
#2293 = EDGE_CURVE ( 'NONE', #1391, #5070, #4870, .T. ) ;
#2294 = EDGE_LOOP ( 'NONE', ( #5561, #4164, #6647, #781 ) ) ;
#2295 = LINE ( 'NONE', #2292, #308 ) ;
#2296 = ORIENTED_EDGE ( 'NONE', *, *, #38, .F. ) ;
#2297 = PLANE ( 'NONE',  #3433 ) ;
#2298 = UNCERTAINTY_MEASURE_WITH_UNIT (LENGTH_MEASURE( 1.000000000000000082E-05 ), #5372, 'distance_accuracy_value', 'NONE');
#2299 = CARTESIAN_POINT ( 'NONE',  ( 2.950000000000000178, 0.000000000000000000, 0.8250000000000006217 ) ) ;
#2300 = ADVANCED_FACE ( 'NONE', ( #9769 ), #3441, .T. ) ;
#2301 = LINE ( 'NONE', #130, #8540 ) ;
#2302 = EDGE_CURVE ( 'NONE', #1998, #6280, #55, .T. ) ;
#2304 = ORIENTED_EDGE ( 'NONE', *, *, #8004, .F. ) ;
#2303 = CARTESIAN_POINT ( 'NONE',  ( 1.475000000000000533, 0.000000000000000000, 2.950000000000001066 ) ) ;
#2305 = AXIS2_PLACEMENT_3D ( 'NONE', #629, #1433, #4334 ) ;
#2306 = EDGE_CURVE ( 'NONE', #9065, #1368, #7445, .T. ) ;
#2307 = VERTEX_POINT ( 'NONE', #8850 ) ;
#2308 = VECTOR ( 'NONE', #4563, 1000.000000000000000 ) ;
#2309 = ADVANCED_FACE ( 'NONE', ( #3399 ), #8914, .F. ) ;
#2310 = PRESENTATION_STYLE_ASSIGNMENT (( #7933 ) ) ;
#2311 = VECTOR ( 'NONE', #9024, 1000.000000000000000 ) ;
#2312 = CARTESIAN_POINT ( 'NONE',  ( 0.000000000000000000, 0.000000000000000000, 3.250000000000000000 ) ) ;
#2313 = ORIENTED_EDGE ( 'NONE', *, *, #8027, .T. ) ;
#2314 = VERTEX_POINT ( 'NONE', #1959 ) ;
#2315 = DIRECTION ( 'NONE',  ( -1.000000000000000000, 0.000000000000000000, 0.000000000000000000 ) ) ;
#2316 = ORIENTED_EDGE ( 'NONE', *, *, #7292, .F. ) ;
#2317 = LINE ( 'NONE', #7919, #7954 ) ;
#2318 = VERTEX_POINT ( 'NONE', #1857 ) ;
#2319 = VECTOR ( 'NONE', #7824, 1000.000000000000000 ) ;
#2320 = AXIS2_PLACEMENT_3D ( 'NONE', #3739, #1468, #2161 ) ;
#2321 = CARTESIAN_POINT ( 'NONE',  ( -2.950000000000000178, 0.000000000000000000, -1.774999999999999245 ) ) ;
#2322 = VECTOR ( 'NONE', #8506, 1000.000000000000000 ) ;
#2323 = DIRECTION ( 'NONE',  ( -1.000000000000000000, 0.000000000000000000, 0.000000000000000000 ) ) ;
#2324 = ORIENTED_EDGE ( 'NONE', *, *, #1902, .T. ) ;
#2325 = CARTESIAN_POINT ( 'NONE',  ( 1.774999999999998801, 0.000000000000000000, -2.950000000000000178 ) ) ;
#2326 = ORIENTED_EDGE ( 'NONE', *, *, #2592, .F. ) ;
#2327 = CARTESIAN_POINT ( 'NONE',  ( -2.950000000000000178, 0.000000000000000000, 2.425000000000000266 ) ) ;
#2328 = EDGE_LOOP ( 'NONE', ( #4325, #7692, #6752, #3678 ) ) ;
#2329 = VERTEX_POINT ( 'NONE', #2696 ) ;
#2330 = PLANE ( 'NONE',  #2945 ) ;
#2331 = DIRECTION ( 'NONE',  ( -1.000000000000000000, 0.000000000000000000, -1.577021341797097215E-15 ) ) ;
#2332 = VECTOR ( 'NONE', #5410, 1000.000000000000000 ) ;
#2333 = VECTOR ( 'NONE', #704, 1000.000000000000000 ) ;
#2334 = DIRECTION ( 'NONE',  ( 1.000000000000000000, 0.000000000000000000, 0.000000000000000000 ) ) ;
#2335 = EDGE_LOOP ( 'NONE', ( #9298, #1523, #3728, #1730 ) ) ;
#2336 = DIRECTION ( 'NONE',  ( -1.000000000000000000, 0.000000000000000000, -0.000000000000000000 ) ) ;
#2337 = SURFACE_SIDE_STYLE ('',( #9179 ) ) ;
#2338 = ORIENTED_EDGE ( 'NONE', *, *, #5785, .T. ) ;
#2339 = ORIENTED_EDGE ( 'NONE', *, *, #7747, .F. ) ;
#2340 = FACE_OUTER_BOUND ( 'NONE', #4411, .T. ) ;
#2341 = FACE_BOUND ( 'NONE', #3666, .T. ) ;
#2342 = VERTEX_POINT ( 'NONE', #5775 ) ;
#2343 = ORIENTED_EDGE ( 'NONE', *, *, #8590, .F. ) ;
#2344 = ORIENTED_EDGE ( 'NONE', *, *, #3948, .T. ) ;
#2345 = CARTESIAN_POINT ( 'NONE',  ( 3.500000000000000444, 0.05000000000000000278, 3.499999999999999556 ) ) ;
#2346 = LINE ( 'NONE', #4677, #10067 ) ;
#2347 = CARTESIAN_POINT ( 'NONE',  ( -2.950000000000000178, 0.05000000000000002359, 1.774999999999999689 ) ) ;
#2348 = ORIENTED_EDGE ( 'NONE', *, *, #2756, .F. ) ;
#2349 = AXIS2_PLACEMENT_3D ( 'NONE', #5694, #1761, #4149 ) ;
#2350 = DIRECTION ( 'NONE',  ( 1.000000000000000000, 0.000000000000000000, -0.000000000000000000 ) ) ;
#2352 = VECTOR ( 'NONE', #4432, 1000.000000000000000 ) ;
#2351 = DIRECTION ( 'NONE',  ( -0.000000000000000000, 0.000000000000000000, -1.000000000000000000 ) ) ;
#2353 = EDGE_CURVE ( 'NONE', #9077, #2932, #7070, .T. ) ;
#2354 = ADVANCED_FACE ( 'NONE', ( #3150 ), #4378, .F. ) ;
#2355 = ORIENTED_EDGE ( 'NONE', *, *, #3568, .T. ) ;
#2356 = DIRECTION ( 'NONE',  ( 0.000000000000000000, 1.000000000000000000, 0.000000000000000000 ) ) ;
#2357 = DIRECTION ( 'NONE',  ( 1.000000000000000000, -0.000000000000000000, 0.000000000000000000 ) ) ;
#2358 = CARTESIAN_POINT ( 'NONE',  ( 2.950000000000000178, 0.8264982043070829842, 0.4749999999999997558 ) ) ;
#2359 = EDGE_CURVE ( 'NONE', #756, #2212, #9387, .T. ) ;
#2360 = LINE ( 'NONE', #7554, #4214 ) ;
#2361 = CARTESIAN_POINT ( 'NONE',  ( 2.950000000000000178, 0.8264982043070829842, 2.425000000000000266 ) ) ;
#2362 = ORIENTED_EDGE ( 'NONE', *, *, #9905, .T. ) ;
#2363 = ADVANCED_FACE ( 'NONE', ( #8903 ), #10114, .F. ) ;
#2364 = PLANE ( 'NONE',  #6933 ) ;
#2365 = VECTOR ( 'NONE', #772, 1000.000000000000000 ) ;
#2366 = DIRECTION ( 'NONE',  ( 6.195440985631455317E-17, 0.000000000000000000, -1.000000000000000000 ) ) ;
#2367 = FILL_AREA_STYLE_COLOUR ( '', #3042 ) ;
#2368 = EDGE_CURVE ( 'NONE', #2621, #9573, #6083, .T. ) ;
#2369 = EDGE_LOOP ( 'NONE', ( #7595, #3158, #5251, #5966 ) ) ;
#2370 = FILL_AREA_STYLE ('',( #2399 ) ) ;
#2371 = AXIS2_PLACEMENT_3D ( 'NONE', #810, #7028, #9284 ) ;
#2372 = DIRECTION ( 'NONE',  ( -1.577021341797097215E-15, 0.000000000000000000, 1.000000000000000000 ) ) ;
#2373 = VERTEX_POINT ( 'NONE', #5168 ) ;
#2374 = PLANE ( 'NONE',  #8089 ) ;
#2375 = VECTOR ( 'NONE', #558, 1000.000000000000000 ) ;
#2376 = CARTESIAN_POINT ( 'NONE',  ( 0.000000000000000000, 0.05000000000000000278, -1.774999999999999245 ) ) ;
#2377 = EDGE_CURVE ( 'NONE', #2379, #8550, #8051, .T. ) ;
#2378 = DIRECTION ( 'NONE',  ( 0.000000000000000000, 0.000000000000000000, 1.000000000000000000 ) ) ;
#2379 = VERTEX_POINT ( 'NONE', #4408 ) ;
#2380 = EDGE_LOOP ( 'NONE', ( #701, #2711, #4106, #4284 ) ) ;
#2381 = EDGE_CURVE ( 'NONE', #3700, #2509, #669, .T. ) ;
#2382 = PLANE ( 'NONE',  #2396 ) ;
#2383 = LINE ( 'NONE', #1993, #9116 ) ;
#2384 = EDGE_LOOP ( 'NONE', ( #1948, #2499, #3212, #1900 ) ) ;
#2385 = CARTESIAN_POINT ( 'NONE',  ( 2.950000000000000178, 0.8264982043070829842, -1.475000000000000089 ) ) ;
#2386 = CARTESIAN_POINT ( 'NONE',  ( -3.100000000000000977, 0.6999999999999999556, -2.900000000000001688 ) ) ;
#2387 = ORIENTED_EDGE ( 'NONE', *, *, #5856, .F. ) ;
#2388 = CARTESIAN_POINT ( 'NONE',  ( 3.500000000000000444, 0.8000000000000003775, -3.500000000000000444 ) ) ;
#2389 = CARTESIAN_POINT ( 'NONE',  ( -2.950000000000000178, 0.05000000000000002359, -0.1750000000000002387 ) ) ;
#2390 = VECTOR ( 'NONE', #7444, 1000.000000000000000 ) ;
#2391 = PLANE ( 'NONE',  #5358 ) ;
#2392 = SURFACE_STYLE_FILL_AREA ( #4789 ) ;
#2393 = ORIENTED_EDGE ( 'NONE', *, *, #10026, .T. ) ;
#2394 = DIRECTION ( 'NONE',  ( 1.000000000000000000, -0.000000000000000000, 0.000000000000000000 ) ) ;
#2395 = CARTESIAN_POINT ( 'NONE',  ( 1.475000000000000533, 0.04999999999999999584, 2.950000000000001066 ) ) ;
#2396 = AXIS2_PLACEMENT_3D ( 'NONE', #2266, #3070, #4719 ) ;
#2397 = CARTESIAN_POINT ( 'NONE',  ( 2.950000000000000178, 0.000000000000000000, 2.125000000000000888 ) ) ;
#2398 =( GEOMETRIC_REPRESENTATION_CONTEXT ( 3 ) GLOBAL_UNCERTAINTY_ASSIGNED_CONTEXT ( ( #2811 ) ) GLOBAL_UNIT_ASSIGNED_CONTEXT ( ( #442, #8305, #1219 ) ) REPRESENTATION_CONTEXT ( 'NONE', 'WORKASPACE' ) );
#2399 = FILL_AREA_STYLE_COLOUR ( '', #217 ) ;
#2400 = VECTOR ( 'NONE', #9274, 1000.000000000000000 ) ;
#2401 = ORIENTED_EDGE ( 'NONE', *, *, #436, .F. ) ;
#2402 = VECTOR ( 'NONE', #5357, 1000.000000000000000 ) ;
#2403 = COLOUR_RGB ( '',0.7921568627450980005, 0.8196078431372548767, 0.9333333333333333481 ) ;
#2404 = ORIENTED_EDGE ( 'NONE', *, *, #5000, .T. ) ;
#2405 = CARTESIAN_POINT ( 'NONE',  ( 2.950000000000000178, 0.1999999999999999833, 1.774999999999999689 ) ) ;
#2406 = VERTEX_POINT ( 'NONE', #5939 ) ;
#2407 = ORIENTED_EDGE ( 'NONE', *, *, #2962, .T. ) ;
#2408 = VECTOR ( 'NONE', #10187, 1000.000000000000000 ) ;
#2409 = VECTOR ( 'NONE', #3199, 1000.000000000000000 ) ;
#2410 = VECTOR ( 'NONE', #2494, 1000.000000000000000 ) ;
#2411 = ADVANCED_FACE ( 'NONE', ( #7060 ), #6692, .T. ) ;
#2412 =( GEOMETRIC_REPRESENTATION_CONTEXT ( 3 ) GLOBAL_UNCERTAINTY_ASSIGNED_CONTEXT ( ( #2617 ) ) GLOBAL_UNIT_ASSIGNED_CONTEXT ( ( #6307, #48, #1091 ) ) REPRESENTATION_CONTEXT ( 'NONE', 'WORKASPACE' ) );
#2413 = EDGE_CURVE ( 'NONE', #6526, #3785, #6196, .T. ) ;
#2414 = DIRECTION ( 'NONE',  ( 1.000000000000000000, -0.000000000000000000, -0.000000000000000000 ) ) ;
#2415 = ORIENTED_EDGE ( 'NONE', *, *, #9736, .T. ) ;
#2416 = LINE ( 'NONE', #4459, #295 ) ;
#2417 = PLANE ( 'NONE',  #2744 ) ;
#2418 = CARTESIAN_POINT ( 'NONE',  ( -1.775000000000000133, 0.05000000000000000278, 0.000000000000000000 ) ) ;
#2419 = VERTEX_POINT ( 'NONE', #8230 ) ;
#2420 = LINE ( 'NONE', #3412, #2555 ) ;
#2421 = CARTESIAN_POINT ( 'NONE',  ( -2.950000000000000178, 0.1999999999999999833, -2.125000000000000000 ) ) ;
#2422 = VECTOR ( 'NONE', #2277, 1000.000000000000000 ) ;
#2423 = EDGE_CURVE ( 'NONE', #3166, #2314, #3870, .T. ) ;
#2424 = AXIS2_PLACEMENT_3D ( 'NONE', #7172, #4944, #2577 ) ;
#2425 = DIRECTION ( 'NONE',  ( 0.000000000000000000, -1.000000000000000000, 0.000000000000000000 ) ) ;
#2426 = ORIENTED_EDGE ( 'NONE', *, *, #505, .F. ) ;
#2427 = VECTOR ( 'NONE', #143, 1000.000000000000000 ) ;
#2428 = ORIENTED_EDGE ( 'NONE', *, *, #8446, .F. ) ;
#2429 = CARTESIAN_POINT ( 'NONE',  ( -1.475000000000000977, 0.2000000000000000111, -2.950000000000000178 ) ) ;
#2430 = DIRECTION ( 'NONE',  ( -0.000000000000000000, -1.000000000000000000, -0.000000000000000000 ) ) ;
#2431 = EDGE_CURVE ( 'NONE', #6230, #611, #8630, .T. ) ;
#2432 = VECTOR ( 'NONE', #9855, 1000.000000000000000 ) ;
#2433 = DIRECTION ( 'NONE',  ( 0.000000000000000000, 0.000000000000000000, -1.000000000000000000 ) ) ;
#2434 = DIRECTION ( 'NONE',  ( -1.000000000000000000, 0.000000000000000000, -1.577021341797097215E-15 ) ) ;
#2435 = CARTESIAN_POINT ( 'NONE',  ( 1.774999999999998801, 0.2000000000000000111, -2.950000000000000178 ) ) ;
#2436 = FACE_OUTER_BOUND ( 'NONE', #6509, .T. ) ;
#2437 = ORIENTED_EDGE ( 'NONE', *, *, #5004, .T. ) ;
#2438 = EDGE_CURVE ( 'NONE', #4655, #5817, #2145, .T. ) ;
#2439 = VERTEX_POINT ( 'NONE', #2763 ) ;
#2440 = CARTESIAN_POINT ( 'NONE',  ( 1.124999999999999778, 0.2000000000000000111, 2.950000000000001066 ) ) ;
#2441 = ORIENTED_EDGE ( 'NONE', *, *, #5712, .T. ) ;
#2442 = VECTOR ( 'NONE', #4714, 1000.000000000000000 ) ;
#2443 = DIRECTION ( 'NONE',  ( 0.000000000000000000, 0.000000000000000000, -1.000000000000000000 ) ) ;
#2444 = ORIENTED_EDGE ( 'NONE', *, *, #7878, .T. ) ;
#2445 = CARTESIAN_POINT ( 'NONE',  ( -0.4750000000000001443, 0.1999999999999999833, -2.950000000000000178 ) ) ;
#2446 = VECTOR ( 'NONE', #1871, 1000.000000000000000 ) ;
#2447 = EDGE_CURVE ( 'NONE', #9741, #7516, #8518, .T. ) ;
#2448 = DIRECTION ( 'NONE',  ( 0.000000000000000000, -0.000000000000000000, 1.000000000000000000 ) ) ;
#2449 = ORIENTED_EDGE ( 'NONE', *, *, #7755, .T. ) ;
#2450 = EDGE_CURVE ( 'NONE', #2379, #4655, #41, .T. ) ;
#2451 = ORIENTED_EDGE ( 'NONE', *, *, #5079, .T. ) ;
#2452 = VECTOR ( 'NONE', #237, 1000.000000000000000 ) ;
#2453 = ORIENTED_EDGE ( 'NONE', *, *, #9709, .F. ) ;
#2454 = VECTOR ( 'NONE', #6207, 1000.000000000000000 ) ;
#2455 = CARTESIAN_POINT ( 'NONE',  ( 3.500000000000000444, 0.1999999999999999833, -2.125000000000000000 ) ) ;
#2456 = CARTESIAN_POINT ( 'NONE',  ( -2.950000000000000178, 0.8264982043070829842, -1.124999999999999334 ) ) ;
#2457 = LINE ( 'NONE', #2358, #8436 ) ;
#2458 = PLANE ( 'NONE',  #3299 ) ;
#2459 = ORIENTED_EDGE ( 'NONE', *, *, #9358, .T. ) ;
#2461 = EDGE_LOOP ( 'NONE', ( #7357, #4589, #8860, #9580 ) ) ;
#2460 = DIRECTION ( 'NONE',  ( 0.000000000000000000, 0.000000000000000000, 1.000000000000000000 ) ) ;
#2462 = ADVANCED_FACE ( 'NONE', ( #5964, #4989 ), #2831, .F. ) ;
#2463 = ORIENTED_EDGE ( 'NONE', *, *, #6767, .T. ) ;
#2464 = LINE ( 'NONE', #9587, #9311 ) ;
#2465 = PRESENTATION_LAYER_ASSIGNMENT (  '', '', ( #3837 ) ) ;
#2466 = AXIS2_PLACEMENT_3D ( 'NONE', #9958, #6749, #7612 ) ;
#2467 = CARTESIAN_POINT ( 'NONE',  ( 2.600000000000000089, 0.2000000000000000111, 0.000000000000000000 ) ) ;
#2468 = VECTOR ( 'NONE', #9885, 1000.000000000000000 ) ;
#2469 = DIRECTION ( 'NONE',  ( 1.000000000000000000, -0.000000000000000000, -0.000000000000000000 ) ) ;
#2470 = VECTOR ( 'NONE', #7281, 1000.000000000000000 ) ;
#2471 = CARTESIAN_POINT ( 'NONE',  ( -3.500000000000000444, 0.000000000000000000, -0.4749999999999993117 ) ) ;
#2472 = CARTESIAN_POINT ( 'NONE',  ( 2.425000000000001155, 0.1999999999999999833, 3.500000000000001332 ) ) ;
#2473 = ORIENTED_EDGE ( 'NONE', *, *, #1244, .T. ) ;
#2474 = CARTESIAN_POINT ( 'NONE',  ( 3.500000000000000444, 0.05000000000000000278, 3.499999999999999556 ) ) ;
#2475 = CARTESIAN_POINT ( 'NONE',  ( 0.8250000000000006217, 0.2000000000000000111, 2.950000000000001066 ) ) ;
#2476 = ORIENTED_EDGE ( 'NONE', *, *, #9536, .F. ) ;
#2477 = ORIENTED_EDGE ( 'NONE', *, *, #5401, .T. ) ;
#2478 = VERTEX_POINT ( 'NONE', #9938 ) ;
#2479 = DIRECTION ( 'NONE',  ( 1.000000000000000000, 0.000000000000000000, 0.000000000000000000 ) ) ;
#2480 = DIRECTION ( 'NONE',  ( 1.000000000000000000, 0.000000000000000000, -0.000000000000000000 ) ) ;
#2481 = LINE ( 'NONE', #1038, #9091 ) ;
#2482 = DIRECTION ( 'NONE',  ( -1.000000000000000000, 0.000000000000000000, 0.000000000000000000 ) ) ;
#2483 = AXIS2_PLACEMENT_3D ( 'NONE', #4380, #8989, #429 ) ;
#2484 = DIRECTION ( 'NONE',  ( 0.000000000000000000, 0.000000000000000000, -1.000000000000000000 ) ) ;
#2485 = CARTESIAN_POINT ( 'NONE',  ( 2.950000000000000178, 0.000000000000000000, -0.8250000000000001776 ) ) ;
#2486 = ORIENTED_EDGE ( 'NONE', *, *, #9054, .F. ) ;
#2487 = VERTEX_POINT ( 'NONE', #9018 ) ;
#2488 = EDGE_LOOP ( 'NONE', ( #2976, #2519, #8045, #6638 ) ) ;
#2489 = DIRECTION ( 'NONE',  ( 0.000000000000000000, 0.000000000000000000, -1.000000000000000000 ) ) ;
#2490 = LINE ( 'NONE', #4340, #2226 ) ;
#2491 = ORIENTED_EDGE ( 'NONE', *, *, #757, .T. ) ;
#2492 = FACE_OUTER_BOUND ( 'NONE', #4827, .T. ) ;
#2493 = DIRECTION ( 'NONE',  ( 1.000000000000000000, 0.000000000000000000, -0.000000000000000000 ) ) ;
#2494 = DIRECTION ( 'NONE',  ( -1.000000000000000000, 0.000000000000000000, 0.000000000000000000 ) ) ;
#2495 = ORIENTED_EDGE ( 'NONE', *, *, #9002, .F. ) ;
#2496 = PLANE ( 'NONE',  #9393 ) ;
#2497 = ORIENTED_EDGE ( 'NONE', *, *, #646, .T. ) ;
#2498 = CARTESIAN_POINT ( 'NONE',  ( 0.4749999999999988676, 0.000000000000000000, -2.950000000000000178 ) ) ;
#2499 = ORIENTED_EDGE ( 'NONE', *, *, #8032, .F. ) ;
#2500 = EDGE_CURVE ( 'NONE', #9667, #2025, #8162, .T. ) ;
#2501 = CARTESIAN_POINT ( 'NONE',  ( 3.500000000000000444, 0.8264982043070829842, 0.4749999999999997558 ) ) ;
#2502 = ORIENTED_EDGE ( 'NONE', *, *, #771, .F. ) ;
#2503 = EDGE_CURVE ( 'NONE', #8231, #5498, #6447, .T. ) ;
#2504 = DIRECTION ( 'NONE',  ( -0.000000000000000000, -1.000000000000000000, -0.000000000000000000 ) ) ;
#2505 = CARTESIAN_POINT ( 'NONE',  ( 2.950000000000000178, 0.8264982043070829842, -1.124999999999999334 ) ) ;
#2506 = CARTESIAN_POINT ( 'NONE',  ( -0.8250000000000001776, 0.8264982043070834283, 2.950000000000001066 ) ) ;
#2508 = EDGE_CURVE ( 'NONE', #6013, #7706, #790, .T. ) ;
#2507 = FACE_OUTER_BOUND ( 'NONE', #4191, .T. ) ;
#2509 = VERTEX_POINT ( 'NONE', #6788 ) ;
#2510 = CARTESIAN_POINT ( 'NONE',  ( 3.500000000000000444, 0.8264982043070829842, -2.424999999999999378 ) ) ;
#2511 = AXIS2_PLACEMENT_3D ( 'NONE', #4098, #3293, #183 ) ;
#2512 = ORIENTED_EDGE ( 'NONE', *, *, #788, .F. ) ;
#2513 = DIRECTION ( 'NONE',  ( 0.000000000000000000, -1.000000000000000000, 0.000000000000000000 ) ) ;
#2514 = ADVANCED_FACE ( 'NONE', ( #7565 ), #6893, .F. ) ;
#2515 = EDGE_CURVE ( 'NONE', #8199, #9436, #3640, .T. ) ;
#2516 = DIRECTION ( 'NONE',  ( -0.000000000000000000, 0.000000000000000000, -1.000000000000000000 ) ) ;
#2517 = VECTOR ( 'NONE', #9698, 1000.000000000000000 ) ;
#2518 = SURFACE_STYLE_FILL_AREA ( #4105 ) ;
#2519 = ORIENTED_EDGE ( 'NONE', *, *, #3612, .T. ) ;
#2520 = ADVANCED_FACE ( 'NONE', ( #4496 ), #7720, .F. ) ;
#2521 = ORIENTED_EDGE ( 'NONE', *, *, #252, .F. ) ;
#2522 = CARTESIAN_POINT ( 'NONE',  ( -0.1750000000000010991, 0.8264982043070834283, -2.950000000000000178 ) ) ;
#2523 = AXIS2_PLACEMENT_3D ( 'NONE', #877, #3182, #2 ) ;
#2524 = LINE ( 'NONE', #5623, #1179 ) ;
#2525 = VERTEX_POINT ( 'NONE', #3063 ) ;
#2526 = DIRECTION ( 'NONE',  ( -0.000000000000000000, -1.000000000000000000, -0.000000000000000000 ) ) ;
#2527 = DIRECTION ( 'NONE',  ( 0.000000000000000000, -0.000000000000000000, 1.000000000000000000 ) ) ;
#2528 = VECTOR ( 'NONE', #6315, 1000.000000000000000 ) ;
#2529 = VERTEX_POINT ( 'NONE', #2259 ) ;
#2530 = CARTESIAN_POINT ( 'NONE',  ( 2.950000000000000178, 0.1999999999999999833, 1.774999999999999689 ) ) ;
#2531 = EDGE_LOOP ( 'NONE', ( #1044, #8620, #7254, #2449 ) ) ;
#2532 = ORIENTED_EDGE ( 'NONE', *, *, #8004, .T. ) ;
#2533 = LINE ( 'NONE', #2485, #1034 ) ;
#2534 = DIRECTION ( 'NONE',  ( -1.000000000000000000, 0.000000000000000000, 1.577021341797097215E-15 ) ) ;
#2535 = VECTOR ( 'NONE', #3296, 1000.000000000000000 ) ;
#2536 = VECTOR ( 'NONE', #559, 1000.000000000000000 ) ;
#2537 = PLANE ( 'NONE',  #8159 ) ;
#2538 = DIRECTION ( 'NONE',  ( 1.000000000000000000, -0.000000000000000000, 0.000000000000000000 ) ) ;
#2539 = PLANE ( 'NONE',  #1294 ) ;
#2540 = FACE_OUTER_BOUND ( 'NONE', #4428, .T. ) ;
#2541 = CARTESIAN_POINT ( 'NONE',  ( -3.500000000000000444, 0.1999999999999999833, 1.774999999999999689 ) ) ;
#2542 = PRESENTATION_LAYER_ASSIGNMENT (  '', '', ( #2001 ) ) ;
#2543 = DIRECTION ( 'NONE',  ( 0.000000000000000000, -1.000000000000000000, 0.000000000000000000 ) ) ;
#2544 = CARTESIAN_POINT ( 'NONE',  ( -2.950000000000000178, 0.1999999999999999833, 1.774999999999999689 ) ) ;
#2545 = VERTEX_POINT ( 'NONE', #1438 ) ;
#2546 = LINE ( 'NONE', #3826, #417 ) ;
#2547 = VERTEX_POINT ( 'NONE', #7752 ) ;
#2548 = CARTESIAN_POINT ( 'NONE',  ( -2.950000000000000178, 0.1999999999999999833, 0.4749999999999997558 ) ) ;
#2549 = LINE ( 'NONE', #66, #8531 ) ;
#2550 = CARTESIAN_POINT ( 'NONE',  ( 2.950000000000000178, 0.05000000000000002359, -2.424999999999999378 ) ) ;
#2551 = ORIENTED_EDGE ( 'NONE', *, *, #355, .T. ) ;
#2552 = VECTOR ( 'NONE', #1149, 1000.000000000000000 ) ;
#2553 = ORIENTED_EDGE ( 'NONE', *, *, #7967, .T. ) ;
#2554 = AXIS2_PLACEMENT_3D ( 'NONE', #2675, #366, #9063 ) ;
#2555 = VECTOR ( 'NONE', #5842, 1000.000000000000000 ) ;
#2556 = EDGE_CURVE ( 'NONE', #5373, #9702, #6073, .T. ) ;
#2557 = DIRECTION ( 'NONE',  ( -0.000000000000000000, -0.000000000000000000, 1.000000000000000000 ) ) ;
#2558 = LINE ( 'NONE', #862, #9660 ) ;
#2559 = ORIENTED_EDGE ( 'NONE', *, *, #4292, .F. ) ;
#2560 = DIRECTION ( 'NONE',  ( 0.000000000000000000, 0.000000000000000000, -1.000000000000000000 ) ) ;
#2561 = EDGE_CURVE ( 'NONE', #6443, #9451, #1293, .T. ) ;
#2562 = ORIENTED_EDGE ( 'NONE', *, *, #2958, .T. ) ;
#2563 = FACE_OUTER_BOUND ( 'NONE', #8342, .T. ) ;
#2564 =( NAMED_UNIT ( * ) PLANE_ANGLE_UNIT ( ) SI_UNIT ( $, .RADIAN. ) );
#2565 = ADVANCED_FACE ( 'NONE', ( #280 ), #10071, .F. ) ;
#2566 = FACE_OUTER_BOUND ( 'NONE', #6439, .T. ) ;
#2567 = PLANE ( 'NONE',  #10010 ) ;
#2568 = VECTOR ( 'NONE', #2032, 1000.000000000000000 ) ;
#2569 = EDGE_CURVE ( 'NONE', #430, #654, #2028, .T. ) ;
#2570 = EDGE_LOOP ( 'NONE', ( #1423, #5897, #6825, #325 ) ) ;
#2571 = CARTESIAN_POINT ( 'NONE',  ( 2.125000000000000000, 0.05000000000000000278, 0.000000000000000000 ) ) ;
#2572 = ORIENTED_EDGE ( 'NONE', *, *, #9981, .F. ) ;
#2573 = CARTESIAN_POINT ( 'NONE',  ( 0.1749999999999998224, 0.000000000000000000, -2.950000000000000178 ) ) ;
#2574 = ADVANCED_FACE ( 'NONE', ( #7915 ), #707, .F. ) ;
#2575 = EDGE_CURVE ( 'NONE', #3629, #5769, #4742, .T. ) ;
#2576 = EDGE_LOOP ( 'NONE', ( #6476, #7185, #1831, #5407 ) ) ;
#2577 = DIRECTION ( 'NONE',  ( -1.000000000000000000, 0.000000000000000000, -0.000000000000000000 ) ) ;
#2578 = CARTESIAN_POINT ( 'NONE',  ( -1.475000000000000089, 0.2000000000000000111, 2.950000000000001066 ) ) ;
#2579 = FACE_OUTER_BOUND ( 'NONE', #8600, .T. ) ;
#2580 = EDGE_CURVE ( 'NONE', #7043, #2373, #8768, .T. ) ;
#2581 = FILL_AREA_STYLE_COLOUR ( '', #4916 ) ;
#2582 = PRESENTATION_STYLE_ASSIGNMENT (( #8076 ) ) ;
#2583 = DIRECTION ( 'NONE',  ( 1.000000000000000000, 0.000000000000000000, 0.000000000000000000 ) ) ;
#2584 = VERTEX_POINT ( 'NONE', #3716 ) ;
#2585 = DIRECTION ( 'NONE',  ( -1.000000000000000000, 0.000000000000000000, -0.000000000000000000 ) ) ;
#2586 = CARTESIAN_POINT ( 'NONE',  ( 0.4749999999999997558, 0.8264982043070834283, -3.500000000000000444 ) ) ;
#2587 = ORIENTED_EDGE ( 'NONE', *, *, #2091, .F. ) ;
#2588 = EDGE_CURVE ( 'NONE', #1554, #7589, #7328, .T. ) ;
#2589 = VERTEX_POINT ( 'NONE', #9250 ) ;
#2590 = VECTOR ( 'NONE', #10003, 1000.000000000000000 ) ;
#2591 = DIRECTION ( 'NONE',  ( -0.000000000000000000, -1.000000000000000000, -0.000000000000000000 ) ) ;
#2592 = EDGE_CURVE ( 'NONE', #2314, #2545, #2272, .T. ) ;
#2593 = EDGE_LOOP ( 'NONE', ( #3197, #5399, #7665, #8322 ) ) ;
#2594 = ORIENTED_EDGE ( 'NONE', *, *, #6756, .F. ) ;
#2595 = ORIENTED_EDGE ( 'NONE', *, *, #9235, .T. ) ;
#2596 = ORIENTED_EDGE ( 'NONE', *, *, #1979, .T. ) ;
#2597 = DIRECTION ( 'NONE',  ( -0.000000000000000000, -1.000000000000000000, -0.000000000000000000 ) ) ;
#2598 = ORIENTED_EDGE ( 'NONE', *, *, #3623, .F. ) ;
#2599 = VECTOR ( 'NONE', #9086, 1000.000000000000000 ) ;
#2600 = DIRECTION ( 'NONE',  ( -1.000000000000000000, 0.000000000000000000, 0.000000000000000000 ) ) ;
#2601 = COLOUR_RGB ( '',0.7921568627450980005, 0.8196078431372548767, 0.9333333333333333481 ) ;
#2602 = PRESENTATION_LAYER_ASSIGNMENT (  '', '', ( #4183 ) ) ;
#2603 = ORIENTED_EDGE ( 'NONE', *, *, #2638, .F. ) ;
#2604 = EDGE_LOOP ( 'NONE', ( #977, #5704, #7222, #3204 ) ) ;
#2605 = ORIENTED_EDGE ( 'NONE', *, *, #1695, .T. ) ;
#2606 =( NAMED_UNIT ( * ) SI_UNIT ( $, .STERADIAN. ) SOLID_ANGLE_UNIT ( ) );
#2607 = ORIENTED_EDGE ( 'NONE', *, *, #6173, .T. ) ;
#2608 = DIRECTION ( 'NONE',  ( 1.577021341797097018E-15, 0.000000000000000000, -1.000000000000000000 ) ) ;
#2609 = VERTEX_POINT ( 'NONE', #4603 ) ;
#2610 = DIRECTION ( 'NONE',  ( 1.577021341797097215E-15, 0.000000000000000000, 1.000000000000000000 ) ) ;
#2611 = DIRECTION ( 'NONE',  ( -0.000000000000000000, -0.000000000000000000, -1.000000000000000000 ) ) ;
#2612 = LINE ( 'NONE', #7941, #2103 ) ;
#2613 = DIRECTION ( 'NONE',  ( 0.000000000000000000, -1.000000000000000000, 0.000000000000000000 ) ) ;
#2614 = DIRECTION ( 'NONE',  ( 0.000000000000000000, -1.000000000000000000, 0.000000000000000000 ) ) ;
#2615 = EDGE_LOOP ( 'NONE', ( #3194, #6032, #4339, #63 ) ) ;
#2616 = ORIENTED_EDGE ( 'NONE', *, *, #1631, .T. ) ;
#2617 = UNCERTAINTY_MEASURE_WITH_UNIT (LENGTH_MEASURE( 1.000000000000000082E-05 ), #6307, 'distance_accuracy_value', 'NONE');
#2618 = CARTESIAN_POINT ( 'NONE',  ( -2.950000000000000178, 0.8264982043070829842, 2.125000000000000888 ) ) ;
#2619 = FACE_OUTER_BOUND ( 'NONE', #3451, .T. ) ;
#2620 = CARTESIAN_POINT ( 'NONE',  ( -2.950000000000000178, 0.1999999999999999833, 0.1750000000000006828 ) ) ;
#2621 = VERTEX_POINT ( 'NONE', #3031 ) ;
#2622 = CARTESIAN_POINT ( 'NONE',  ( -3.100000000000000977, 0.6999999999999999556, -2.900000000000001688 ) ) ;
#2623 = LINE ( 'NONE', #4672, #5199 ) ;
#2624 = CARTESIAN_POINT ( 'NONE',  ( -2.425000000000000266, 0.05000000000000000278, 0.000000000000000000 ) ) ;
#2625 = ORIENTED_EDGE ( 'NONE', *, *, #6244, .F. ) ;
#2626 = CARTESIAN_POINT ( 'NONE',  ( 2.425000000000000266, 0.2000000000000000111, 2.950000000000001066 ) ) ;
#2627 = ADVANCED_FACE ( 'NONE', ( #4251 ), #8484, .T. ) ;
#2628 = MANIFOLD_SOLID_BREP ( 'LPattern3[7]', #9104 ) ;
#2629 = VERTEX_POINT ( 'NONE', #9491 ) ;
#2630 = LINE ( 'NONE', #7591, #5698 ) ;
#2631 = CARTESIAN_POINT ( 'NONE',  ( -3.100000000000000977, 0.6999999999999999556, -3.300000000000000711 ) ) ;
#2632 = ADVANCED_FACE ( 'NONE', ( #1162 ), #6918, .F. ) ;
#2633 = DIRECTION ( 'NONE',  ( -0.000000000000000000, 0.000000000000000000, 1.000000000000000000 ) ) ;
#2634 = AXIS2_PLACEMENT_3D ( 'NONE', #4667, #3186, #5417 ) ;
#2635 = PLANE ( 'NONE',  #9803 ) ;
#2636 = ORIENTED_EDGE ( 'NONE', *, *, #7489, .F. ) ;
#2637 = PLANE ( 'NONE',  #7012 ) ;
#2638 = EDGE_CURVE ( 'NONE', #9991, #7514, #4373, .T. ) ;
#2639 = VECTOR ( 'NONE', #3115, 1000.000000000000000 ) ;
#2640 = EDGE_CURVE ( 'NONE', #5996, #2379, #9361, .T. ) ;
#2641 = ORIENTED_EDGE ( 'NONE', *, *, #1713, .F. ) ;
#2642 = CARTESIAN_POINT ( 'NONE',  ( -2.950000000000000178, 0.8264982043070829842, 0.4749999999999997558 ) ) ;
#2643 = DIRECTION ( 'NONE',  ( 1.000000000000000000, 0.000000000000000000, -0.000000000000000000 ) ) ;
#2644 = ORIENTED_EDGE ( 'NONE', *, *, #8922, .T. ) ;
#2645 = EDGE_CURVE ( 'NONE', #9357, #8680, #7431, .T. ) ;
#2646 = CARTESIAN_POINT ( 'NONE',  ( 2.950000000000000178, 0.1999999999999999833, 1.475000000000000533 ) ) ;
#2647 = FACE_OUTER_BOUND ( 'NONE', #763, .T. ) ;
#2648 = AXIS2_PLACEMENT_3D ( 'NONE', #9730, #300, #5924 ) ;
#2649 = DIRECTION ( 'NONE',  ( -1.000000000000000000, 0.000000000000000000, -1.577021341797097215E-15 ) ) ;
#2650 = SHAPE_DEFINITION_REPRESENTATION ( #829, #645 ) ;
#2651 = VERTEX_POINT ( 'NONE', #8655 ) ;
#2652 = ORIENTED_EDGE ( 'NONE', *, *, #449, .T. ) ;
#2653 = CARTESIAN_POINT ( 'NONE',  ( -0.1749999999999993783, 0.000000000000000000, 3.500000000000001332 ) ) ;
#2654 = PLANE ( 'NONE',  #4754 ) ;
#2655 = DIRECTION ( 'NONE',  ( -0.000000000000000000, -0.000000000000000000, 1.000000000000000000 ) ) ;
#2656 = FILL_AREA_STYLE ('',( #5801 ) ) ;
#2657 = LINE ( 'NONE', #6882, #9138 ) ;
#2658 = VECTOR ( 'NONE', #3584, 1000.000000000000000 ) ;
#2659 = VECTOR ( 'NONE', #9032, 1000.000000000000000 ) ;
#2660 = DIRECTION ( 'NONE',  ( 1.577021341797097215E-15, 0.000000000000000000, 1.000000000000000000 ) ) ;
#2661 = CARTESIAN_POINT ( 'NONE',  ( 3.500000000000000444, 0.000000000000000000, 1.774999999999999689 ) ) ;
#2662 = DIRECTION ( 'NONE',  ( 0.000000000000000000, 0.000000000000000000, -1.000000000000000000 ) ) ;
#2663 = AXIS2_PLACEMENT_3D ( 'NONE', #1737, #4118, #1043 ) ;
#2664 = PRESENTATION_LAYER_ASSIGNMENT (  '', '', ( #8744 ) ) ;
#2665 = VERTEX_POINT ( 'NONE', #9459 ) ;
#2666 = VECTOR ( 'NONE', #3787, 1000.000000000000000 ) ;
#2667 = LINE ( 'NONE', #8594, #3027 ) ;
#2668 =( LENGTH_UNIT ( ) NAMED_UNIT ( * ) SI_UNIT ( .MILLI., .METRE. ) );
#2669 = VECTOR ( 'NONE', #2662, 1000.000000000000000 ) ;
#2670 = CARTESIAN_POINT ( 'NONE',  ( 3.500000000000000444, 0.000000000000000000, -2.125000000000000000 ) ) ;
#2671 = ORIENTED_EDGE ( 'NONE', *, *, #9800, .F. ) ;
#2672 = VECTOR ( 'NONE', #1832, 1000.000000000000000 ) ;
#2673 = DIRECTION ( 'NONE',  ( -0.000000000000000000, -1.000000000000000000, -0.000000000000000000 ) ) ;
#2674 = ADVANCED_FACE ( 'NONE', ( #1279 ), #9347, .T. ) ;
#2675 = CARTESIAN_POINT ( 'NONE',  ( 0.000000000000000000, 0.2000000000000000111, 0.000000000000000000 ) ) ;
#2676 = FACE_OUTER_BOUND ( 'NONE', #6145, .T. ) ;
#2677 = LINE ( 'NONE', #655, #7694 ) ;
#2678 = ADVANCED_FACE ( 'NONE', ( #2647 ), #8555, .F. ) ;
#2679 = DIRECTION ( 'NONE',  ( 0.000000000000000000, 1.000000000000000000, 0.000000000000000000 ) ) ;
#2680 = ORIENTED_EDGE ( 'NONE', *, *, #2580, .F. ) ;
#2681 = LINE ( 'NONE', #3732, #5747 ) ;
#2682 = CARTESIAN_POINT ( 'NONE',  ( 0.000000000000000000, 0.05000000000000000278, 2.425000000000000266 ) ) ;
#2683 = ORIENTED_EDGE ( 'NONE', *, *, #650, .T. ) ;
#2684 = STYLED_ITEM ( 'NONE', ( #6438 ), #10193 ) ;
#2685 = LINE ( 'NONE', #5242, #3413 ) ;
#2687 = VECTOR ( 'NONE', #1277, 1000.000000000000000 ) ;
#2686 =( LENGTH_UNIT ( ) NAMED_UNIT ( * ) SI_UNIT ( .MILLI., .METRE. ) );
#2688 = ORIENTED_EDGE ( 'NONE', *, *, #8795, .F. ) ;
#2689 = CARTESIAN_POINT ( 'NONE',  ( 2.424999999999999378, 0.2000000000000000111, -2.950000000000000178 ) ) ;
#2690 = EDGE_LOOP ( 'NONE', ( #6528, #7231, #8725, #7104 ) ) ;
#2691 = AXIS2_PLACEMENT_3D ( 'NONE', #3067, #3817, #9324 ) ;
#2692 = PLANE ( 'NONE',  #945 ) ;
#2693 = ORIENTED_EDGE ( 'NONE', *, *, #845, .F. ) ;
#2694 = EDGE_CURVE ( 'NONE', #10020, #7898, #9627, .T. ) ;
#2695 = VECTOR ( 'NONE', #3419, 1000.000000000000000 ) ;
#2696 = CARTESIAN_POINT ( 'NONE',  ( 2.950000000000000178, 0.000000000000000000, -1.475000000000000089 ) ) ;
#2697 = DIRECTION ( 'NONE',  ( 0.000000000000000000, 0.000000000000000000, -1.000000000000000000 ) ) ;
#2698 = ORIENTED_EDGE ( 'NONE', *, *, #5895, .T. ) ;
#2699 = EDGE_CURVE ( 'NONE', #2941, #7726, #9256, .T. ) ;
#2701 = ORIENTED_EDGE ( 'NONE', *, *, #3295, .F. ) ;
#2700 = CARTESIAN_POINT ( 'NONE',  ( 3.500000000000000444, 0.1999999999999999833, 0.1750000000000006828 ) ) ;
#2702 = CIRCLE ( 'NONE', #8998, 0.1999999999999996503 ) ;
#2703 = LINE ( 'NONE', #6628, #5281 ) ;
#2704 = EDGE_CURVE ( 'NONE', #594, #8843, #7314, .T. ) ;
#2705 = PLANE ( 'NONE',  #3774 ) ;
#2706 = FACE_OUTER_BOUND ( 'NONE', #2979, .T. ) ;
#2707 = DIRECTION ( 'NONE',  ( 0.000000000000000000, -1.000000000000000000, 0.000000000000000000 ) ) ;
#2708 = CARTESIAN_POINT ( 'NONE',  ( -3.500000000000000000, 0.05000000000000000278, 3.500000000000000444 ) ) ;
#2709 = EDGE_LOOP ( 'NONE', ( #4918, #9611, #5183, #5529 ) ) ;
#2710 = EDGE_CURVE ( 'NONE', #6634, #4510, #5228, .T. ) ;
#2711 = ORIENTED_EDGE ( 'NONE', *, *, #7157, .F. ) ;
#2712 = DIRECTION ( 'NONE',  ( 0.000000000000000000, 0.000000000000000000, 1.000000000000000000 ) ) ;
#2713 = ORIENTED_EDGE ( 'NONE', *, *, #9649, .F. ) ;
#2714 = ORIENTED_EDGE ( 'NONE', *, *, #961, .F. ) ;
#2715 = EDGE_CURVE ( 'NONE', #10190, #6972, #5594, .T. ) ;
#2716 = VECTOR ( 'NONE', #4256, 1000.000000000000000 ) ;
#2717 = DIRECTION ( 'NONE',  ( 1.577021341797097018E-15, 0.000000000000000000, -1.000000000000000000 ) ) ;
#2718 = PLANE ( 'NONE',  #8046 ) ;
#2719 = DIRECTION ( 'NONE',  ( 1.000000000000000000, 0.000000000000000000, 0.000000000000000000 ) ) ;
#2720 = DIRECTION ( 'NONE',  ( -1.000000000000000000, 0.000000000000000000, 0.000000000000000000 ) ) ;
#2721 = EDGE_CURVE ( 'NONE', #3234, #10004, #7550, .T. ) ;
#2722 = ORIENTED_EDGE ( 'NONE', *, *, #8205, .F. ) ;
#2723 = VERTEX_POINT ( 'NONE', #46 ) ;
#2724 = DIRECTION ( 'NONE',  ( 0.000000000000000000, 0.000000000000000000, -1.000000000000000000 ) ) ;
#2725 = AXIS2_PLACEMENT_3D ( 'NONE', #4241, #5835, #223 ) ;
#2726 = ORIENTED_EDGE ( 'NONE', *, *, #3039, .F. ) ;
#2727 = DIRECTION ( 'NONE',  ( 1.000000000000000000, -0.000000000000000000, -0.000000000000000000 ) ) ;
#2728 = VECTOR ( 'NONE', #2613, 1000.000000000000000 ) ;
#2729 = ADVANCED_FACE ( 'NONE', ( #6436 ), #3098, .F. ) ;
#2730 = FILL_AREA_STYLE_COLOUR ( '', #1002 ) ;
#2731 = VECTOR ( 'NONE', #1112, 1000.000000000000000 ) ;
#2732 = DIRECTION ( 'NONE',  ( 0.000000000000000000, 0.000000000000000000, 1.000000000000000000 ) ) ;
#2733 = VERTEX_POINT ( 'NONE', #2299 ) ;
#2735 = ORIENTED_EDGE ( 'NONE', *, *, #2983, .T. ) ;
#2734 = ADVANCED_FACE ( 'NONE', ( #10101 ), #7103, .F. ) ;
#2736 = ORIENTED_EDGE ( 'NONE', *, *, #7828, .T. ) ;
#2737 = DIRECTION ( 'NONE',  ( 0.000000000000000000, -1.000000000000000000, 0.000000000000000000 ) ) ;
#2738 = DIRECTION ( 'NONE',  ( -1.000000000000000000, 0.000000000000000000, -0.000000000000000000 ) ) ;
#2739 = DIRECTION ( 'NONE',  ( -6.195440985631454085E-17, -0.000000000000000000, 1.000000000000000000 ) ) ;
#2740 = VERTEX_POINT ( 'NONE', #4919 ) ;
#2741 = LINE ( 'NONE', #7245, #3827 ) ;
#2742 = AXIS2_PLACEMENT_3D ( 'NONE', #2522, #4070, #6343 ) ;
#2743 = ORIENTED_EDGE ( 'NONE', *, *, #1754, .F. ) ;
#2744 = AXIS2_PLACEMENT_3D ( 'NONE', #2385, #9502, #93 ) ;
#2745 = MANIFOLD_SOLID_BREP ( 'LPattern3[14]', #1146 ) ;
#2746 = DIRECTION ( 'NONE',  ( -1.000000000000000000, 0.000000000000000000, 1.239088197126290817E-16 ) ) ;
#2747 = CARTESIAN_POINT ( 'NONE',  ( -2.125000000000000000, 0.2000000000000000111, -3.500000000000000444 ) ) ;
#2748 = ORIENTED_EDGE ( 'NONE', *, *, #4533, .F. ) ;
#2749 = DIRECTION ( 'NONE',  ( 0.000000000000000000, -1.000000000000000000, 0.000000000000000000 ) ) ;
#2750 = CARTESIAN_POINT ( 'NONE',  ( -1.775000000000000133, 0.04999999999999969746, -3.500000000000000444 ) ) ;
#2751 = VERTEX_POINT ( 'NONE', #7886 ) ;
#2752 = CARTESIAN_POINT ( 'NONE',  ( -1.475000000000000977, 0.2000000000000000111, -2.950000000000000178 ) ) ;
#2753 = CARTESIAN_POINT ( 'NONE',  ( 3.500000000000000444, 0.05000000000000000278, -3.500000000000000444 ) ) ;
#2754 = DIRECTION ( 'NONE',  ( -0.000000000000000000, -1.000000000000000000, -0.000000000000000000 ) ) ;
#2755 = ORIENTED_EDGE ( 'NONE', *, *, #7569, .F. ) ;
#2756 = EDGE_CURVE ( 'NONE', #9167, #9357, #3509, .T. ) ;
#2757 = DIRECTION ( 'NONE',  ( 0.000000000000000000, 0.000000000000000000, -1.000000000000000000 ) ) ;
#2758 = VECTOR ( 'NONE', #688, 1000.000000000000000 ) ;
#2759 = ORIENTED_EDGE ( 'NONE', *, *, #2046, .T. ) ;
#2760 = VERTEX_POINT ( 'NONE', #8030 ) ;
#2761 = EDGE_CURVE ( 'NONE', #9201, #6361, #8043, .T. ) ;
#2762 = CARTESIAN_POINT ( 'NONE',  ( 0.4749999999999988676, 0.2000000000000000111, -2.950000000000000178 ) ) ;
#2763 = CARTESIAN_POINT ( 'NONE',  ( 2.950000000000000178, 0.1999999999999999833, 0.1750000000000006828 ) ) ;
#2765 = EDGE_CURVE ( 'NONE', #9689, #3166, #8885, .T. ) ;
#2764 = PRESENTATION_STYLE_ASSIGNMENT (( #6806 ) ) ;
#2766 = CARTESIAN_POINT ( 'NONE',  ( 0.1749999999999998224, 0.04999999999999969746, -3.500000000000000444 ) ) ;
#2767 = AXIS2_PLACEMENT_3D ( 'NONE', #9623, #8722, #944 ) ;
#2768 = ORIENTED_EDGE ( 'NONE', *, *, #9852, .F. ) ;
#2769 = EDGE_CURVE ( 'NONE', #8801, #644, #7049, .T. ) ;
#2770 = EDGE_LOOP ( 'NONE', ( #2265, #10042, #2473, #9652 ) ) ;
#2771 = CARTESIAN_POINT ( 'NONE',  ( -0.4750000000000001443, 0.04999999999999969746, -3.500000000000000444 ) ) ;
#2772 = CARTESIAN_POINT ( 'NONE',  ( -2.950000000000000178, 0.000000000000000000, 1.124999999999999778 ) ) ;
#2773 = EDGE_CURVE ( 'NONE', #8149, #8634, #5948, .T. ) ;
#2774 = VECTOR ( 'NONE', #8180, 1000.000000000000000 ) ;
#2775 = ORIENTED_EDGE ( 'NONE', *, *, #2099, .F. ) ;
#2776 = VECTOR ( 'NONE', #7146, 1000.000000000000000 ) ;
#2777 = DIRECTION ( 'NONE',  ( 1.000000000000000000, 0.000000000000000000, -0.000000000000000000 ) ) ;
#2778 = ADVANCED_FACE ( 'NONE', ( #6795 ), #4062, .T. ) ;
#2779 =( LENGTH_UNIT ( ) NAMED_UNIT ( * ) SI_UNIT ( .MILLI., .METRE. ) );
#2780 = LINE ( 'NONE', #3888, #8625 ) ;
#2781 = VERTEX_POINT ( 'NONE', #7247 ) ;
#2782 = DIRECTION ( 'NONE',  ( -1.000000000000000000, 0.000000000000000000, 0.000000000000000000 ) ) ;
#2783 = DIRECTION ( 'NONE',  ( 0.000000000000000000, 0.000000000000000000, -1.000000000000000000 ) ) ;
#2784 = CARTESIAN_POINT ( 'NONE',  ( -2.424999999999999378, 0.2000000000000000111, 2.950000000000001066 ) ) ;
#2785 = EDGE_CURVE ( 'NONE', #6131, #493, #4609, .T. ) ;
#2786 = ADVANCED_FACE ( 'NONE', ( #916 ), #8092, .T. ) ;
#2787 = EDGE_LOOP ( 'NONE', ( #7744, #6314, #5786, #2607 ) ) ;
#2788 = VECTOR ( 'NONE', #7423, 1000.000000000000000 ) ;
#2789 = CARTESIAN_POINT ( 'NONE',  ( 3.500000000000000444, 0.05000000000000000278, 3.499999999999999556 ) ) ;
#2790 = EDGE_CURVE ( 'NONE', #7297, #398, #5108, .T. ) ;
#2791 = CARTESIAN_POINT ( 'NONE',  ( 2.425000000000000266, 0.8264982043070834283, 2.950000000000001066 ) ) ;
#2792 = VECTOR ( 'NONE', #1306, 1000.000000000000000 ) ;
#2793 = VECTOR ( 'NONE', #4841, 1000.000000000000000 ) ;
#2794 = DIRECTION ( 'NONE',  ( 1.000000000000000000, -0.000000000000000000, 0.000000000000000000 ) ) ;
#2795 = ORIENTED_EDGE ( 'NONE', *, *, #1237, .F. ) ;
#2796 = VECTOR ( 'NONE', #9066, 1000.000000000000000 ) ;
#2797 = ORIENTED_EDGE ( 'NONE', *, *, #6039, .T. ) ;
#2798 = LINE ( 'NONE', #6699, #3765 ) ;
#2799 = VECTOR ( 'NONE', #1818, 1000.000000000000000 ) ;
#2800 = DIRECTION ( 'NONE',  ( 0.000000000000000000, 0.000000000000000000, 1.000000000000000000 ) ) ;
#2801 = CARTESIAN_POINT ( 'NONE',  ( -2.950000000000000178, 0.8264982043070829842, -0.1750000000000002387 ) ) ;
#2802 = DIRECTION ( 'NONE',  ( -0.000000000000000000, 0.000000000000000000, 1.000000000000000000 ) ) ;
#2803 = VERTEX_POINT ( 'NONE', #4951 ) ;
#2804 = CARTESIAN_POINT ( 'NONE',  ( -3.500000000000000000, 0.2000000000000005107, 0.4749999999999997558 ) ) ;
#2805 = VECTOR ( 'NONE', #965, 1000.000000000000000 ) ;
#2806 = DIRECTION ( 'NONE',  ( 1.000000000000000000, 0.000000000000000000, 1.845450506358305572E-16 ) ) ;
#2807 = LINE ( 'NONE', #2916, #311 ) ;
#2808 = VERTEX_POINT ( 'NONE', #1804 ) ;
#2809 = CARTESIAN_POINT ( 'NONE',  ( 3.500000000000000444, 0.05000000000000000278, -3.500000000000000444 ) ) ;
#2810 = CARTESIAN_POINT ( 'NONE',  ( -2.950000000000000178, 0.000000000000000000, -0.8250000000000001776 ) ) ;
#2811 = UNCERTAINTY_MEASURE_WITH_UNIT (LENGTH_MEASURE( 1.000000000000000082E-05 ), #442, 'distance_accuracy_value', 'NONE');
#2812 = ORIENTED_EDGE ( 'NONE', *, *, #1355, .F. ) ;
#2813 = LINE ( 'NONE', #9411, #1202 ) ;
#2814 = DIRECTION ( 'NONE',  ( -6.195440985631454085E-17, -0.000000000000000000, 1.000000000000000000 ) ) ;
#2815 = CARTESIAN_POINT ( 'NONE',  ( 0.000000000000000000, 0.000000000000000000, 2.600000000000000089 ) ) ;
#2816 = VECTOR ( 'NONE', #7402, 1000.000000000000000 ) ;
#2817 = ORIENTED_EDGE ( 'NONE', *, *, #8440, .F. ) ;
#2818 = DIRECTION ( 'NONE',  ( 0.000000000000000000, -1.000000000000000000, 0.000000000000000000 ) ) ;
#2819 = CARTESIAN_POINT ( 'NONE',  ( 0.8250000000000006217, 0.2000000000000000111, 3.500000000000001332 ) ) ;
#2820 = EDGE_LOOP ( 'NONE', ( #6005, #9967, #7618, #5298 ) ) ;
#2821 = DIRECTION ( 'NONE',  ( -1.577021341797097215E-15, 0.000000000000000000, 1.000000000000000000 ) ) ;
#2822 = ORIENTED_EDGE ( 'NONE', *, *, #414, .T. ) ;
#2823 = FACE_OUTER_BOUND ( 'NONE', #8288, .T. ) ;
#2824 = LINE ( 'NONE', #3151, #709 ) ;
#2825 = CARTESIAN_POINT ( 'NONE',  ( -3.500000000000000444, 0.8264982043070829842, -0.1750000000000002387 ) ) ;
#2826 = ADVANCED_FACE ( 'NONE', ( #5347 ), #9632, .F. ) ;
#2827 = ORIENTED_EDGE ( 'NONE', *, *, #6356, .F. ) ;
#2828 = EDGE_CURVE ( 'NONE', #8253, #1333, #9125, .T. ) ;
#2829 = SURFACE_STYLE_USAGE ( .BOTH. , #9178 ) ;
#2830 = FACE_OUTER_BOUND ( 'NONE', #1356, .T. ) ;
#2831 = PLANE ( 'NONE',  #5867 ) ;
#2832 = ADVANCED_FACE ( 'NONE', ( #4858 ), #8058, .F. ) ;
#2833 = VECTOR ( 'NONE', #5441, 1000.000000000000000 ) ;
#2834 = EDGE_CURVE ( 'NONE', #9574, #6038, #2018, .T. ) ;
#2836 = VECTOR ( 'NONE', #1704, 1000.000000000000000 ) ;
#2835 = DIRECTION ( 'NONE',  ( -1.000000000000000000, 0.000000000000000000, 0.000000000000000000 ) ) ;
#2837 = VERTEX_POINT ( 'NONE', #1707 ) ;
#2838 = DIRECTION ( 'NONE',  ( -1.845450506358305572E-16, 0.000000000000000000, 1.000000000000000000 ) ) ;
#2839 = ORIENTED_EDGE ( 'NONE', *, *, #6902, .F. ) ;
#2840 = EDGE_CURVE ( 'NONE', #8634, #2439, #8756, .T. ) ;
#2841 = CARTESIAN_POINT ( 'NONE',  ( -2.950000000000000178, 0.1999999999999999833, 0.4749999999999997558 ) ) ;
#2842 = LINE ( 'NONE', #5624, #728 ) ;
#2843 = PLANE ( 'NONE',  #7045 ) ;
#2844 = DIRECTION ( 'NONE',  ( 0.000000000000000000, 0.000000000000000000, -1.000000000000000000 ) ) ;
#2845 = AXIS2_PLACEMENT_3D ( 'NONE', #2435, #3223, #4913 ) ;
#2846 = EDGE_CURVE ( 'NONE', #2025, #5797, #8265, .T. ) ;
#2847 = CARTESIAN_POINT ( 'NONE',  ( -1.475000000000000977, 0.1999999999999999833, -2.950000000000000178 ) ) ;
#2848 = FACE_OUTER_BOUND ( 'NONE', #9825, .T. ) ;
#2849 = DIRECTION ( 'NONE',  ( 0.000000000000000000, -1.000000000000000000, 0.000000000000000000 ) ) ;
#2850 = ORIENTED_EDGE ( 'NONE', *, *, #2288, .F. ) ;
#2851 = ORIENTED_EDGE ( 'NONE', *, *, #2704, .T. ) ;
#2852 = VERTEX_POINT ( 'NONE', #3504 ) ;
#2853 = PLANE ( 'NONE',  #382 ) ;
#2854 = EDGE_LOOP ( 'NONE', ( #3168, #7260, #10014, #9092 ) ) ;
#2855 = CARTESIAN_POINT ( 'NONE',  ( -0.4749999999999993117, 0.2000000000000000111, 3.500000000000001332 ) ) ;
#2856 = VECTOR ( 'NONE', #9462, 1000.000000000000000 ) ;
#2857 = DIRECTION ( 'NONE',  ( 1.000000000000000000, -0.000000000000000000, 0.000000000000000000 ) ) ;
#2858 = LINE ( 'NONE', #1070, #6768 ) ;
#2859 = DIRECTION ( 'NONE',  ( -1.000000000000000000, 0.000000000000000000, 0.000000000000000000 ) ) ;
#2860 = PRESENTATION_LAYER_ASSIGNMENT (  '', '', ( #58 ) ) ;
#2861 = ORIENTED_EDGE ( 'NONE', *, *, #5387, .F. ) ;
#2862 = EDGE_LOOP ( 'NONE', ( #7098, #4768, #5934, #9909 ) ) ;
#2863 = FACE_OUTER_BOUND ( 'NONE', #1445, .T. ) ;
#2864 = ORIENTED_EDGE ( 'NONE', *, *, #3093, .T. ) ;
#2865 = FACE_OUTER_BOUND ( 'NONE', #861, .T. ) ;
#2866 = DIRECTION ( 'NONE',  ( -0.000000000000000000, -0.000000000000000000, 1.000000000000000000 ) ) ;
#2867 = CARTESIAN_POINT ( 'NONE',  ( -2.950000000000000178, 0.8264982043070829842, 0.4749999999999997558 ) ) ;
#2868 = CARTESIAN_POINT ( 'NONE',  ( 1.474999999999999645, 0.05000000000000000278, 0.000000000000000000 ) ) ;
#2869 = ORIENTED_EDGE ( 'NONE', *, *, #2569, .T. ) ;
#2870 = VERTEX_POINT ( 'NONE', #6679 ) ;
#2871 = CARTESIAN_POINT ( 'NONE',  ( 2.350000000000000089, 0.1999999999999996503, -2.350000000000000089 ) ) ;
#2872 = VERTEX_POINT ( 'NONE', #8976 ) ;
#2873 = CARTESIAN_POINT ( 'NONE',  ( -2.950000000000000178, 0.05000000000000002359, 2.425000000000000266 ) ) ;
#2874 = CARTESIAN_POINT ( 'NONE',  ( 3.500000000000000444, 0.000000000000000000, -1.774999999999999245 ) ) ;
#2875 = CARTESIAN_POINT ( 'NONE',  ( 0.4749999999999988676, 0.8264982043070834283, -2.950000000000000178 ) ) ;
#2876 = ADVANCED_FACE ( 'NONE', ( #3850 ), #8902, .F. ) ;
#2877 = DIRECTION ( 'NONE',  ( 0.000000000000000000, 1.000000000000000000, 0.000000000000000000 ) ) ;
#2878 = ORIENTED_EDGE ( 'NONE', *, *, #2450, .T. ) ;
#2879 = CARTESIAN_POINT ( 'NONE',  ( 2.125000000000000888, 0.05000000000000000278, 0.000000000000000000 ) ) ;
#2880 = CARTESIAN_POINT ( 'NONE',  ( 0.4749999999999988676, 0.000000000000000000, -2.950000000000000178 ) ) ;
#2881 = ORIENTED_EDGE ( 'NONE', *, *, #550, .T. ) ;
#2882 = ADVANCED_FACE ( 'NONE', ( #9003 ), #6610, .F. ) ;
#2883 = VECTOR ( 'NONE', #3084, 1000.000000000000000 ) ;
#2884 = CARTESIAN_POINT ( 'NONE',  ( -0.1750000000000010991, 0.8264982043070834283, -2.950000000000000178 ) ) ;
#2885 = ORIENTED_EDGE ( 'NONE', *, *, #2242, .F. ) ;
#2886 = CARTESIAN_POINT ( 'NONE',  ( 0.8249999999999997335, 0.8264982043070834283, -2.950000000000000178 ) ) ;
#2887 = FILL_AREA_STYLE_COLOUR ( '', #901 ) ;
#2888 = AXIS2_PLACEMENT_3D ( 'NONE', #3220, #8645, #6426 ) ;
#2889 = ORIENTED_EDGE ( 'NONE', *, *, #4817, .F. ) ;
#2890 = EDGE_CURVE ( 'NONE', #6896, #2852, #3991, .T. ) ;
#2891 = VECTOR ( 'NONE', #10165, 1000.000000000000000 ) ;
#2892 = EDGE_CURVE ( 'NONE', #6769, #4381, #9978, .T. ) ;
#2893 = VECTOR ( 'NONE', #5610, 1000.000000000000000 ) ;
#2894 = ORIENTED_EDGE ( 'NONE', *, *, #6093, .F. ) ;
#2895 = ORIENTED_EDGE ( 'NONE', *, *, #6881, .T. ) ;
#2896 = CARTESIAN_POINT ( 'NONE',  ( 3.500000000000000444, 0.05000000000000000278, -3.500000000000000444 ) ) ;
#2897 = DIRECTION ( 'NONE',  ( -1.000000000000000000, 0.000000000000000000, 1.577021341797097215E-15 ) ) ;
#2898 = EDGE_CURVE ( 'NONE', #6766, #7204, #8034, .T. ) ;
#2899 = CARTESIAN_POINT ( 'NONE',  ( 0.4749999999999988676, 0.2000000000000000111, -2.950000000000000178 ) ) ;
#2900 = DIRECTION ( 'NONE',  ( -1.000000000000000000, 0.000000000000000000, 0.000000000000000000 ) ) ;
#2901 = VECTOR ( 'NONE', #3446, 1000.000000000000000 ) ;
#2902 = LINE ( 'NONE', #380, #5962 ) ;
#2903 = DIRECTION ( 'NONE',  ( 0.000000000000000000, -1.000000000000000000, 0.000000000000000000 ) ) ;
#2904 = EDGE_CURVE ( 'NONE', #6219, #5549, #3733, .T. ) ;
#2905 = ORIENTED_EDGE ( 'NONE', *, *, #6941, .F. ) ;
#2906 = EDGE_CURVE ( 'NONE', #9618, #967, #9245, .T. ) ;
#2907 = PLANE ( 'NONE',  #6084 ) ;
#2908 = ORIENTED_EDGE ( 'NONE', *, *, #7176, .T. ) ;
#2909 = ORIENTED_EDGE ( 'NONE', *, *, #7486, .F. ) ;
#2910 = CARTESIAN_POINT ( 'NONE',  ( 1.774999999999998801, 0.8264982043070834283, -2.950000000000000178 ) ) ;
#2911 = FACE_OUTER_BOUND ( 'NONE', #2787, .T. ) ;
#2912 = FACE_OUTER_BOUND ( 'NONE', #3427, .T. ) ;
#2913 = DIRECTION ( 'NONE',  ( 0.000000000000000000, -1.000000000000000000, 0.000000000000000000 ) ) ;
#2914 = EDGE_CURVE ( 'NONE', #8022, #4054, #8492, .T. ) ;
#2915 = ORIENTED_EDGE ( 'NONE', *, *, #5864, .F. ) ;
#2916 = CARTESIAN_POINT ( 'NONE',  ( -2.950000000000000178, 0.000000000000000000, -0.1750000000000002387 ) ) ;
#2917 = VECTOR ( 'NONE', #3495, 1000.000000000000000 ) ;
#2918 = CARTESIAN_POINT ( 'NONE',  ( 2.950000000000000178, 0.1999999999999999833, -2.125000000000000000 ) ) ;
#2919 = CARTESIAN_POINT ( 'NONE',  ( 2.950000000000000178, 0.1999999999999999833, 0.1750000000000006828 ) ) ;
#2920 = DIRECTION ( 'NONE',  ( 0.000000000000000000, -0.000000000000000000, 1.000000000000000000 ) ) ;
#2921 = DIRECTION ( 'NONE',  ( 1.000000000000000000, 0.000000000000000000, 0.000000000000000000 ) ) ;
#2922 = MANIFOLD_SOLID_BREP ( 'LPattern3[10]', #5527 ) ;
#2923 = ADVANCED_FACE ( 'NONE', ( #5703 ), #1918, .F. ) ;
#2924 = ORIENTED_EDGE ( 'NONE', *, *, #1036, .F. ) ;
#2925 = LINE ( 'NONE', #6541, #3167 ) ;
#2926 = ORIENTED_EDGE ( 'NONE', *, *, #1095, .F. ) ;
#2927 = DIRECTION ( 'NONE',  ( 1.000000000000000000, -0.000000000000000000, 0.000000000000000000 ) ) ;
#2928 = DIRECTION ( 'NONE',  ( 0.000000000000000000, -1.000000000000000000, 0.000000000000000000 ) ) ;
#2929 = ADVANCED_FACE ( 'NONE', ( #3615 ), #5159, .T. ) ;
#2930 = FACE_OUTER_BOUND ( 'NONE', #681, .T. ) ;
#2931 = DIRECTION ( 'NONE',  ( -1.000000000000000000, 0.000000000000000000, -0.000000000000000000 ) ) ;
#2932 = VERTEX_POINT ( 'NONE', #2653 ) ;
#2933 = STYLED_ITEM ( 'NONE', ( #43 ), #9893 ) ;
#2934 = EDGE_LOOP ( 'NONE', ( #3052, #4847, #3652, #1099, #2641, #2477, #45, #3928, #9099, #4200, #9163, #1029, #1145, #5029, #2097, #3081, #6037, #9337, #9214, #1033, #9712, #75, #8279, #1690, #1063, #9960, #5814, #5724, #1194, #6762, #5751, #5647, #9351, #4532, #7491, #7852 ) ) ;
#2935 = EDGE_LOOP ( 'NONE', ( #363, #8287, #5227, #9261 ) ) ;
#2936 = VECTOR ( 'NONE', #4027, 1000.000000000000000 ) ;
#2937 = LINE ( 'NONE', #2505, #2695 ) ;
#2938 = CARTESIAN_POINT ( 'NONE',  ( -1.124999999999999334, 0.8264982043070834283, 3.500000000000001332 ) ) ;
#2939 = VECTOR ( 'NONE', #7130, 1000.000000000000000 ) ;
#2940 = CARTESIAN_POINT ( 'NONE',  ( -2.350000000000000977, 0.1999999999999996503, 2.349999999999999645 ) ) ;
#2941 = VERTEX_POINT ( 'NONE', #5088 ) ;
#2942 = CARTESIAN_POINT ( 'NONE',  ( -3.500000000000000444, 0.04999999999999969746, -0.1750000000000002387 ) ) ;
#2943 = ORIENTED_EDGE ( 'NONE', *, *, #10044, .T. ) ;
#2944 = CARTESIAN_POINT ( 'NONE',  ( 2.950000000000000178, 0.8264982043070829842, 2.125000000000000888 ) ) ;
#2945 = AXIS2_PLACEMENT_3D ( 'NONE', #7173, #7911, #4806 ) ;
#2946 = DIRECTION ( 'NONE',  ( 1.577021341797097215E-15, 0.000000000000000000, 1.000000000000000000 ) ) ;
#2947 = VECTOR ( 'NONE', #1793, 1000.000000000000000 ) ;
#2948 = ORIENTED_EDGE ( 'NONE', *, *, #4283, .F. ) ;
#2949 = EDGE_CURVE ( 'NONE', #5194, #876, #9744, .T. ) ;
#2950 = FACE_OUTER_BOUND ( 'NONE', #6915, .T. ) ;
#2951 = VECTOR ( 'NONE', #9662, 1000.000000000000000 ) ;
#2952 = CARTESIAN_POINT ( 'NONE',  ( -2.950000000000000178, 0.1999999999999999833, -1.124999999999999334 ) ) ;
#2953 = ORIENTED_EDGE ( 'NONE', *, *, #9363, .F. ) ;
#2954 = ORIENTED_EDGE ( 'NONE', *, *, #4021, .T. ) ;
#2955 = ORIENTED_EDGE ( 'NONE', *, *, #5781, .T. ) ;
#2956 = CARTESIAN_POINT ( 'NONE',  ( -2.950000000000000178, 0.1999999999999999833, -1.475000000000000089 ) ) ;
#2957 = DIRECTION ( 'NONE',  ( 0.000000000000000000, 0.000000000000000000, -1.000000000000000000 ) ) ;
#2958 = EDGE_CURVE ( 'NONE', #8618, #68, #4361, .T. ) ;
#2959 =( GEOMETRIC_REPRESENTATION_CONTEXT ( 3 ) GLOBAL_UNCERTAINTY_ASSIGNED_CONTEXT ( ( #6566 ) ) GLOBAL_UNIT_ASSIGNED_CONTEXT ( ( #2686, #5061, #1052 ) ) REPRESENTATION_CONTEXT ( 'NONE', 'WORKASPACE' ) );
#2960 = LINE ( 'NONE', #4228, #859 ) ;
#2961 = EDGE_LOOP ( 'NONE', ( #7654, #610, #9473, #2451 ) ) ;
#2962 = EDGE_CURVE ( 'NONE', #1626, #398, #2255, .T. ) ;
#2963 = CARTESIAN_POINT ( 'NONE',  ( 0.000000000000000000, 0.05000000000000000278, -2.950000000000000178 ) ) ;
#2964 = CARTESIAN_POINT ( 'NONE',  ( -1.475000000000000089, 0.000000000000000000, 2.950000000000001066 ) ) ;
#2965 = CARTESIAN_POINT ( 'NONE',  ( -0.1749999999999993783, 0.000000000000000000, 3.500000000000001332 ) ) ;
#2966 = ORIENTED_EDGE ( 'NONE', *, *, #6966, .T. ) ;
#2967 = ORIENTED_EDGE ( 'NONE', *, *, #1496, .F. ) ;
#2968 = DIRECTION ( 'NONE',  ( 0.000000000000000000, -1.000000000000000000, 0.000000000000000000 ) ) ;
#2969 = EDGE_CURVE ( 'NONE', #3166, #5367, #1891, .T. ) ;
#2970 = ORIENTED_EDGE ( 'NONE', *, *, #3608, .F. ) ;
#2971 = LINE ( 'NONE', #628, #7507 ) ;
#2972 = DIRECTION ( 'NONE',  ( 1.000000000000000000, -0.000000000000000000, 0.000000000000000000 ) ) ;
#2973 = ORIENTED_EDGE ( 'NONE', *, *, #6244, .T. ) ;
#2974 = VECTOR ( 'NONE', #7403, 1000.000000000000000 ) ;
#2975 = EDGE_CURVE ( 'NONE', #5314, #9943, #523, .T. ) ;
#2976 = ORIENTED_EDGE ( 'NONE', *, *, #7224, .F. ) ;
#2977 = CARTESIAN_POINT ( 'NONE',  ( -3.500000000000000444, 0.8264982043070829842, 1.124999999999999778 ) ) ;
#2978 = ORIENTED_EDGE ( 'NONE', *, *, #3675, .F. ) ;
#2979 = EDGE_LOOP ( 'NONE', ( #9123, #307, #4415, #8190 ) ) ;
#2980 = DIRECTION ( 'NONE',  ( -1.000000000000000000, 0.000000000000000000, -0.000000000000000000 ) ) ;
#2981 = ADVANCED_FACE ( 'NONE', ( #5579 ), #2133, .T. ) ;
#2982 = DIRECTION ( 'NONE',  ( -1.000000000000000000, 0.000000000000000000, -1.577021341797097215E-15 ) ) ;
#2983 = EDGE_CURVE ( 'NONE', #7374, #5953, #151, .T. ) ;
#2984 = DIRECTION ( 'NONE',  ( 0.000000000000000000, -1.000000000000000000, 0.000000000000000000 ) ) ;
#2985 = ORIENTED_EDGE ( 'NONE', *, *, #6947, .T. ) ;
#2986 = CARTESIAN_POINT ( 'NONE',  ( 0.1750000000000006828, 0.000000000000000000, 3.500000000000001332 ) ) ;
#2987 = VECTOR ( 'NONE', #2818, 1000.000000000000000 ) ;
#2988 = ADVANCED_FACE ( 'NONE', ( #4485 ), #591, .T. ) ;
#2989 = ORIENTED_EDGE ( 'NONE', *, *, #306, .F. ) ;
#2990 = CARTESIAN_POINT ( 'NONE',  ( 0.6500000000000000222, 0.000000000000000000, 0.000000000000000000 ) ) ;
#2991 = DIRECTION ( 'NONE',  ( 1.000000000000000000, -0.000000000000000000, 0.000000000000000000 ) ) ;
#2992 = CARTESIAN_POINT ( 'NONE',  ( -2.950000000000000178, 0.000000000000000000, 2.125000000000000888 ) ) ;
#2993 = ORIENTED_EDGE ( 'NONE', *, *, #9709, .T. ) ;
#2994 = CARTESIAN_POINT ( 'NONE',  ( 2.950000000000000178, 0.8264982043070829842, -2.125000000000000000 ) ) ;
#2995 = LINE ( 'NONE', #9529, #6901 ) ;
#2996 = CARTESIAN_POINT ( 'NONE',  ( -1.475000000000000977, 0.1999999999999999833, -2.950000000000000178 ) ) ;
#2997 = ORIENTED_EDGE ( 'NONE', *, *, #5840, .F. ) ;
#2998 = DIRECTION ( 'NONE',  ( -1.000000000000000000, 0.000000000000000000, 0.000000000000000000 ) ) ;
#2999 = ORIENTED_EDGE ( 'NONE', *, *, #9054, .T. ) ;
#3000 = CARTESIAN_POINT ( 'NONE',  ( 3.500000000000000444, 0.1999999999999999833, 1.124999999999999778 ) ) ;
#3001 = CARTESIAN_POINT ( 'NONE',  ( -3.500000000000000444, 0.8264982043070829842, -0.1750000000000002387 ) ) ;
#3002 = VECTOR ( 'NONE', #4307, 1000.000000000000000 ) ;
#3003 = CARTESIAN_POINT ( 'NONE',  ( -0.1750000000000010991, 0.1999999999999999833, -2.950000000000000178 ) ) ;
#3004 = ORIENTED_EDGE ( 'NONE', *, *, #6490, .T. ) ;
#3005 = ORIENTED_EDGE ( 'NONE', *, *, #8936, .F. ) ;
#3006 = CARTESIAN_POINT ( 'NONE',  ( -0.4750000000000001443, 0.2000000000000000111, -2.950000000000000178 ) ) ;
#3007 = PLANE ( 'NONE',  #4653 ) ;
#3008 = LINE ( 'NONE', #9862, #3367 ) ;
#3009 = DIRECTION ( 'NONE',  ( 0.000000000000000000, 1.000000000000000000, 0.000000000000000000 ) ) ;
#3010 = ORIENTED_EDGE ( 'NONE', *, *, #3163, .F. ) ;
#3011 = FILL_AREA_STYLE ('',( #7642 ) ) ;
#3012 =( NAMED_UNIT ( * ) SI_UNIT ( $, .STERADIAN. ) SOLID_ANGLE_UNIT ( ) );
#3013 = ORIENTED_EDGE ( 'NONE', *, *, #8985, .F. ) ;
#3014 = FILL_AREA_STYLE ('',( #3794 ) ) ;
#3015 = LINE ( 'NONE', #4438, #9254 ) ;
#3016 = VECTOR ( 'NONE', #1537, 1000.000000000000000 ) ;
#3017 = DIRECTION ( 'NONE',  ( 1.000000000000000000, -0.000000000000000000, 0.000000000000000000 ) ) ;
#3018 = ORIENTED_EDGE ( 'NONE', *, *, #125, .F. ) ;
#3019 = EDGE_CURVE ( 'NONE', #263, #2205, #1150, .T. ) ;
#3020 = PLANE ( 'NONE',  #2225 ) ;
#3021 = CARTESIAN_POINT ( 'NONE',  ( 3.500000000000000444, 0.1999999999999999833, -1.475000000000000089 ) ) ;
#3022 = ORIENTED_EDGE ( 'NONE', *, *, #2234, .F. ) ;
#3023 = ADVANCED_FACE ( 'NONE', ( #4851 ), #5284, .T. ) ;
#3024 = EDGE_LOOP ( 'NONE', ( #4073, #6653, #7101, #10177 ) ) ;
#3025 = FACE_OUTER_BOUND ( 'NONE', #3257, .T. ) ;
#3026 = EDGE_CURVE ( 'NONE', #7386, #2852, #8377, .T. ) ;
#3027 = VECTOR ( 'NONE', #675, 1000.000000000000000 ) ;
#3028 = FACE_OUTER_BOUND ( 'NONE', #1341, .T. ) ;
#3029 = CARTESIAN_POINT ( 'NONE',  ( 0.000000000000000000, 0.05000000000000000278, 1.475000000000000533 ) ) ;
#3030 = VECTOR ( 'NONE', #4634, 1000.000000000000000 ) ;
#3031 = CARTESIAN_POINT ( 'NONE',  ( -3.100000000000000977, 0.8000000000000000444, -2.900000000000001688 ) ) ;
#3032 = ADVANCED_FACE ( 'NONE', ( #7183 ), #1262, .F. ) ;
#3033 = EDGE_CURVE ( 'NONE', #9320, #6280, #5100, .T. ) ;
#3034 = ORIENTED_EDGE ( 'NONE', *, *, #5513, .F. ) ;
#3035 = VECTOR ( 'NONE', #478, 1000.000000000000000 ) ;
#3036 = VECTOR ( 'NONE', #2972, 1000.000000000000000 ) ;
#3037 = SURFACE_STYLE_FILL_AREA ( #3014 ) ;
#3038 = CARTESIAN_POINT ( 'NONE',  ( 0.4749999999999997558, 0.2000000000000000111, 2.950000000000001066 ) ) ;
#3039 = EDGE_CURVE ( 'NONE', #3686, #5832, #9495, .T. ) ;
#3040 = DIRECTION ( 'NONE',  ( 1.577021341797097215E-15, 0.000000000000000000, 1.000000000000000000 ) ) ;
#3041 = VERTEX_POINT ( 'NONE', #5253 ) ;
#3042 = COLOUR_RGB ( '',0.7921568627450980005, 0.8196078431372548767, 0.9333333333333333481 ) ;
#3043 = CARTESIAN_POINT ( 'NONE',  ( -2.950000000000000178, 0.1999999999999999833, 0.8250000000000006217 ) ) ;
#3044 = CARTESIAN_POINT ( 'NONE',  ( 3.500000000000000444, 0.8000000000000003775, 3.499999999999999556 ) ) ;
#3045 = VECTOR ( 'NONE', #1917, 1000.000000000000000 ) ;
#3046 = AXIS2_PLACEMENT_3D ( 'NONE', #9481, #4802, #5753 ) ;
#3047 = AXIS2_PLACEMENT_3D ( 'NONE', #1994, #9902, #7494 ) ;
#3048 = PLANE ( 'NONE',  #3193 ) ;
#3049 = MANIFOLD_SOLID_BREP ( 'LPattern4[9]', #9704 ) ;
#3050 = ORIENTED_EDGE ( 'NONE', *, *, #1617, .F. ) ;
#3051 = CARTESIAN_POINT ( 'NONE',  ( 0.8250000000000006217, 0.2000000000000000111, 2.950000000000001066 ) ) ;
#3052 = ORIENTED_EDGE ( 'NONE', *, *, #1032, .F. ) ;
#3053 = LINE ( 'NONE', #8941, #691 ) ;
#3054 = PLANE ( 'NONE',  #7647 ) ;
#3055 = PLANE ( 'NONE',  #7950 ) ;
#3056 = VECTOR ( 'NONE', #33, 1000.000000000000000 ) ;
#3057 = DIRECTION ( 'NONE',  ( -0.000000000000000000, -1.000000000000000000, -0.000000000000000000 ) ) ;
#3058 = VECTOR ( 'NONE', #2004, 1000.000000000000000 ) ;
#3059 = ORIENTED_EDGE ( 'NONE', *, *, #7166, .F. ) ;
#3060 = VERTEX_POINT ( 'NONE', #7583 ) ;
#3061 = VERTEX_POINT ( 'NONE', #9075 ) ;
#3062 = LINE ( 'NONE', #7848, #6852 ) ;
#3063 = CARTESIAN_POINT ( 'NONE',  ( 2.950000000000000178, 0.05000000000000002359, -1.475000000000000089 ) ) ;
#3064 = CARTESIAN_POINT ( 'NONE',  ( 3.500000000000000444, 0.05000000000000000278, 3.499999999999999556 ) ) ;
#3065 = CARTESIAN_POINT ( 'NONE',  ( -2.950000000000000178, 0.8264982043070829842, 1.475000000000000533 ) ) ;
#3066 = DIRECTION ( 'NONE',  ( 1.000000000000000000, -0.000000000000000000, 0.000000000000000000 ) ) ;
#3067 = CARTESIAN_POINT ( 'NONE',  ( -2.124999999999999112, 0.8264982043070834283, 3.500000000000001332 ) ) ;
#3068 = ORIENTED_EDGE ( 'NONE', *, *, #9651, .T. ) ;
#3069 = LINE ( 'NONE', #4702, #3313 ) ;
#3070 = DIRECTION ( 'NONE',  ( 0.000000000000000000, -1.000000000000000000, 0.000000000000000000 ) ) ;
#3071 = CARTESIAN_POINT ( 'NONE',  ( 2.950000000000000178, 0.1999999999999999833, 1.774999999999999689 ) ) ;
#3072 = LINE ( 'NONE', #5731, #2833 ) ;
#3073 = DIRECTION ( 'NONE',  ( 0.000000000000000000, 0.000000000000000000, -1.000000000000000000 ) ) ;
#3074 = CARTESIAN_POINT ( 'NONE',  ( 0.4749999999999997558, 0.1999999999999999833, 2.950000000000001066 ) ) ;
#3075 = LINE ( 'NONE', #7097, #8567 ) ;
#3076 = AXIS2_PLACEMENT_3D ( 'NONE', #7728, #8598, #6242 ) ;
#3077 = ORIENTED_EDGE ( 'NONE', *, *, #4028, .F. ) ;
#3078 = EDGE_CURVE ( 'NONE', #1067, #2781, #3008, .T. ) ;
#3079 = ADVANCED_FACE ( 'NONE', ( #8993 ), #5187, .F. ) ;
#3080 = ORIENTED_EDGE ( 'NONE', *, *, #1843, .F. ) ;
#3081 = ORIENTED_EDGE ( 'NONE', *, *, #5506, .T. ) ;
#3082 = DIRECTION ( 'NONE',  ( 0.000000000000000000, -1.000000000000000000, 0.000000000000000000 ) ) ;
#3083 = VECTOR ( 'NONE', #4152, 1000.000000000000000 ) ;
#3084 = DIRECTION ( 'NONE',  ( -0.000000000000000000, -0.000000000000000000, 1.000000000000000000 ) ) ;
#3085 = CARTESIAN_POINT ( 'NONE',  ( -2.950000000000000178, 0.1999999999999999833, 0.4749999999999997558 ) ) ;
#3086 = EDGE_CURVE ( 'NONE', #1990, #7832, #9487, .T. ) ;
#3087 = FACE_OUTER_BOUND ( 'NONE', #2770, .T. ) ;
#3088 = CARTESIAN_POINT ( 'NONE',  ( -0.8249999999999992895, 0.2000000000000000111, 3.500000000000001332 ) ) ;
#3089 = DIRECTION ( 'NONE',  ( 1.000000000000000000, -0.000000000000000000, -0.000000000000000000 ) ) ;
#3090 = ORIENTED_EDGE ( 'NONE', *, *, #2105, .F. ) ;
#3091 = ORIENTED_EDGE ( 'NONE', *, *, #7688, .T. ) ;
#3092 = VERTEX_POINT ( 'NONE', #1519 ) ;
#3093 = EDGE_CURVE ( 'NONE', #1210, #7485, #7300, .T. ) ;
#3094 = ORIENTED_EDGE ( 'NONE', *, *, #4217, .F. ) ;
#3095 = LINE ( 'NONE', #2689, #9088 ) ;
#3096 = ORIENTED_EDGE ( 'NONE', *, *, #6751, .F. ) ;
#3097 = LINE ( 'NONE', #4147, #2731 ) ;
#3098 = PLANE ( 'NONE',  #587 ) ;
#3099 = DIRECTION ( 'NONE',  ( -1.577021341797097018E-15, -0.000000000000000000, -1.000000000000000000 ) ) ;
#3100 = ORIENTED_EDGE ( 'NONE', *, *, #8271, .T. ) ;
#3101 = EDGE_CURVE ( 'NONE', #2751, #3574, #8617, .T. ) ;
#3102 = ORIENTED_EDGE ( 'NONE', *, *, #9736, .F. ) ;
#3103 = CARTESIAN_POINT ( 'NONE',  ( 2.950000000000000178, 0.1999999999999999833, 2.125000000000000888 ) ) ;
#3104 = VECTOR ( 'NONE', #3954, 1000.000000000000000 ) ;
#3105 = ORIENTED_EDGE ( 'NONE', *, *, #10041, .T. ) ;
#3107 = EDGE_CURVE ( 'NONE', #4010, #797, #1140, .T. ) ;
#3106 = LINE ( 'NONE', #9596, #1134 ) ;
#3108 = CARTESIAN_POINT ( 'NONE',  ( 3.500000000000000444, 0.1999999999999999833, 2.425000000000000266 ) ) ;
#3109 = CARTESIAN_POINT ( 'NONE',  ( -0.8249999999999992895, 0.000000000000000000, 3.500000000000001332 ) ) ;
#3110 = ORIENTED_EDGE ( 'NONE', *, *, #7822, .F. ) ;
#3111 = EDGE_CURVE ( 'NONE', #1391, #1242, #8144, .T. ) ;
#3112 = CARTESIAN_POINT ( 'NONE',  ( -2.124999999999999112, 0.2000000000000000111, 3.500000000000001332 ) ) ;
#3113 = ORIENTED_EDGE ( 'NONE', *, *, #9732, .F. ) ;
#3114 = LINE ( 'NONE', #1338, #1015 ) ;
#3115 = DIRECTION ( 'NONE',  ( 0.000000000000000000, -1.000000000000000000, 0.000000000000000000 ) ) ;
#3116 = VERTEX_POINT ( 'NONE', #4591 ) ;
#3117 = CARTESIAN_POINT ( 'NONE',  ( -0.8250000000000001776, 0.8264982043070834283, -3.500000000000000444 ) ) ;
#3118 = UNCERTAINTY_MEASURE_WITH_UNIT (LENGTH_MEASURE( 1.000000000000000082E-05 ), #712, 'distance_accuracy_value', 'NONE');
#3119 = CARTESIAN_POINT ( 'NONE',  ( -1.474999999999999423, 0.000000000000000000, 3.500000000000001332 ) ) ;
#3120 = DIRECTION ( 'NONE',  ( -1.000000000000000000, 0.000000000000000000, 0.000000000000000000 ) ) ;
#3121 = ORIENTED_EDGE ( 'NONE', *, *, #2450, .F. ) ;
#3122 = SURFACE_SIDE_STYLE ('',( #4456 ) ) ;
#3123 = DIRECTION ( 'NONE',  ( -1.577021341797097215E-15, 0.000000000000000000, 1.000000000000000000 ) ) ;
#3124 = ORIENTED_EDGE ( 'NONE', *, *, #9955, .T. ) ;
#3125 = CARTESIAN_POINT ( 'NONE',  ( 2.424999999999999378, 0.000000000000000000, -2.950000000000000178 ) ) ;
#3126 = DIRECTION ( 'NONE',  ( 1.000000000000000000, 0.000000000000000000, 0.000000000000000000 ) ) ;
#3127 = ADVANCED_FACE ( 'NONE', ( #6907 ), #7707, .T. ) ;
#3128 = CARTESIAN_POINT ( 'NONE',  ( -2.125000000000000000, 0.04999999999999999584, 2.950000000000001066 ) ) ;
#3129 = ORIENTED_EDGE ( 'NONE', *, *, #6548, .T. ) ;
#3130 = VECTOR ( 'NONE', #4746, 1000.000000000000000 ) ;
#3131 = FACE_OUTER_BOUND ( 'NONE', #5686, .T. ) ;
#3132 = VERTEX_POINT ( 'NONE', #2214 ) ;
#3133 = ADVANCED_FACE ( 'NONE', ( #3485 ), #1392, .T. ) ;
#3134 = AXIS2_PLACEMENT_3D ( 'NONE', #854, #6338, #1638 ) ;
#3135 = DIRECTION ( 'NONE',  ( 0.000000000000000000, 0.000000000000000000, -1.000000000000000000 ) ) ;
#3136 = EDGE_LOOP ( 'NONE', ( #5096, #1137, #1595, #5074 ) ) ;
#3137 = FACE_OUTER_BOUND ( 'NONE', #7764, .T. ) ;
#3138 = LINE ( 'NONE', #3802, #2400 ) ;
#3139 = CARTESIAN_POINT ( 'NONE',  ( -2.950000000000000178, 0.1999999999999999833, -2.424999999999999378 ) ) ;
#3140 = DIRECTION ( 'NONE',  ( 0.000000000000000000, -1.000000000000000000, 0.000000000000000000 ) ) ;
#3141 = LINE ( 'NONE', #7343, #3872 ) ;
#3142 = PLANE ( 'NONE',  #21 ) ;
#3143 = CARTESIAN_POINT ( 'NONE',  ( 3.500000000000000444, 0.05000000000000000278, 3.499999999999999556 ) ) ;
#3144 = PLANE ( 'NONE',  #5616 ) ;
#3145 = AXIS2_PLACEMENT_3D ( 'NONE', #3471, #991, #1773 ) ;
#3146 = EDGE_LOOP ( 'NONE', ( #4210, #9763, #4261, #1802 ) ) ;
#3147 = VECTOR ( 'NONE', #3969, 1000.000000000000000 ) ;
#3148 = PLANE ( 'NONE',  #4960 ) ;
#3149 = VECTOR ( 'NONE', #1380, 1000.000000000000000 ) ;
#3150 = FACE_OUTER_BOUND ( 'NONE', #7257, .T. ) ;
#3151 = CARTESIAN_POINT ( 'NONE',  ( 3.500000000000000444, 0.000000000000000000, 0.4749999999999997558 ) ) ;
#3152 = EDGE_CURVE ( 'NONE', #2545, #1680, #9738, .T. ) ;
#3153 = PRODUCT_DEFINITION_CONTEXT ( 'detailed design', #1000, 'design' ) ;
#3154 = CARTESIAN_POINT ( 'NONE',  ( -2.950000000000000178, 0.1999999999999999833, -0.1750000000000002387 ) ) ;
#3155 = CARTESIAN_POINT ( 'NONE',  ( -2.950000000000000178, 0.000000000000000000, 0.1750000000000006828 ) ) ;
#3156 = EDGE_CURVE ( 'NONE', #7968, #9025, #1630, .T. ) ;
#3157 = SURFACE_SIDE_STYLE ('',( #8825 ) ) ;
#3158 = ORIENTED_EDGE ( 'NONE', *, *, #8533, .T. ) ;
#3159 = FILL_AREA_STYLE_COLOUR ( '', #9102 ) ;
#3160 = VECTOR ( 'NONE', #5688, 1000.000000000000000 ) ;
#3161 =( NAMED_UNIT ( * ) SI_UNIT ( $, .STERADIAN. ) SOLID_ANGLE_UNIT ( ) );
#3162 = LINE ( 'NONE', #4464, #4885 ) ;
#3163 = EDGE_CURVE ( 'NONE', #4907, #2143, #639, .T. ) ;
#3164 = CARTESIAN_POINT ( 'NONE',  ( -2.350000000000000089, 6.846803743153548005, 2.349999999999999645 ) ) ;
#3165 = DIRECTION ( 'NONE',  ( 0.000000000000000000, 0.000000000000000000, -1.000000000000000000 ) ) ;
#3166 = VERTEX_POINT ( 'NONE', #10059 ) ;
#3167 = VECTOR ( 'NONE', #1842, 1000.000000000000000 ) ;
#3168 = ORIENTED_EDGE ( 'NONE', *, *, #3552, .F. ) ;
#3169 = DIRECTION ( 'NONE',  ( -0.000000000000000000, -1.000000000000000000, -0.000000000000000000 ) ) ;
#3170 = VECTOR ( 'NONE', #7123, 1000.000000000000000 ) ;
#3171 = LINE ( 'NONE', #6529, #4163 ) ;
#3172 = DIRECTION ( 'NONE',  ( 1.000000000000000000, 0.000000000000000000, 0.000000000000000000 ) ) ;
#3173 = ORIENTED_EDGE ( 'NONE', *, *, #6234, .F. ) ;
#3174 = VERTEX_POINT ( 'NONE', #10021 ) ;
#3175 = CARTESIAN_POINT ( 'NONE',  ( 0.000000000000000000, 0.2000000000000000111, 0.000000000000000000 ) ) ;
#3176 = EDGE_LOOP ( 'NONE', ( #2722, #9752, #9149, #4543 ) ) ;
#3177 = ADVANCED_FACE ( 'NONE', ( #3238 ), #4660, .F. ) ;
#3178 = PRESENTATION_LAYER_ASSIGNMENT (  '', '', ( #9819 ) ) ;
#3179 = AXIS2_PLACEMENT_3D ( 'NONE', #600, #5454, #2193 ) ;
#3180 = FACE_OUTER_BOUND ( 'NONE', #2380, .T. ) ;
#3181 = ORIENTED_EDGE ( 'NONE', *, *, #9971, .F. ) ;
#3182 = DIRECTION ( 'NONE',  ( -1.000000000000000000, 0.000000000000000000, 0.000000000000000000 ) ) ;
#3183 = DIRECTION ( 'NONE',  ( -1.000000000000000000, 0.000000000000000000, 0.000000000000000000 ) ) ;
#3184 = ADVANCED_FACE ( 'NONE', ( #767 ), #729, .F. ) ;
#3185 = FACE_OUTER_BOUND ( 'NONE', #7010, .T. ) ;
#3186 = DIRECTION ( 'NONE',  ( 0.000000000000000000, -1.000000000000000000, 0.000000000000000000 ) ) ;
#3187 = VERTEX_POINT ( 'NONE', #6877 ) ;
#3188 = DIRECTION ( 'NONE',  ( 0.000000000000000000, -0.000000000000000000, -1.000000000000000000 ) ) ;
#3189 = VECTOR ( 'NONE', #9847, 1000.000000000000000 ) ;
#3190 = VECTOR ( 'NONE', #488, 1000.000000000000000 ) ;
#3191 = ORIENTED_EDGE ( 'NONE', *, *, #9394, .F. ) ;
#3192 =( LENGTH_UNIT ( ) NAMED_UNIT ( * ) SI_UNIT ( .MILLI., .METRE. ) );
#3193 = AXIS2_PLACEMENT_3D ( 'NONE', #9303, #5412, #9582 ) ;
#3194 = ORIENTED_EDGE ( 'NONE', *, *, #1507, .F. ) ;
#3195 = ORIENTED_EDGE ( 'NONE', *, *, #9923, .F. ) ;
#3196 = CARTESIAN_POINT ( 'NONE',  ( -1.124999999999999334, 0.000000000000000000, 2.950000000000001066 ) ) ;
#3197 = ORIENTED_EDGE ( 'NONE', *, *, #6881, .F. ) ;
#3198 = VECTOR ( 'NONE', #3588, 1000.000000000000000 ) ;
#3199 = DIRECTION ( 'NONE',  ( -1.000000000000000000, -0.000000000000000000, -0.000000000000000000 ) ) ;
#3200 = AXIS2_PLACEMENT_3D ( 'NONE', #5709, #1782, #1815 ) ;
#3201 = VERTEX_POINT ( 'NONE', #9360 ) ;
#3202 = CARTESIAN_POINT ( 'NONE',  ( -1.775000000000000133, 0.2000000000000000111, -2.950000000000000178 ) ) ;
#3203 = ORIENTED_EDGE ( 'NONE', *, *, #6941, .T. ) ;
#3204 = ORIENTED_EDGE ( 'NONE', *, *, #980, .F. ) ;
#3205 = VERTEX_POINT ( 'NONE', #6091 ) ;
#3206 = FACE_OUTER_BOUND ( 'NONE', #3690, .T. ) ;
#3207 = CARTESIAN_POINT ( 'NONE',  ( 0.000000000000000000, 0.05000000000000000278, 2.125000000000000888 ) ) ;
#3208 = DIRECTION ( 'NONE',  ( -0.000000000000000000, -1.000000000000000000, -0.000000000000000000 ) ) ;
#3210 = LINE ( 'NONE', #1905, #2974 ) ;
#3209 = DIRECTION ( 'NONE',  ( 0.000000000000000000, 1.000000000000000000, 0.000000000000000000 ) ) ;
#3211 = EDGE_CURVE ( 'NONE', #8238, #6088, #8738, .T. ) ;
#3212 = ORIENTED_EDGE ( 'NONE', *, *, #428, .T. ) ;
#3213 = VERTEX_POINT ( 'NONE', #4559 ) ;
#3214 = CARTESIAN_POINT ( 'NONE',  ( -1.124999999999999334, 0.2000000000000000111, 2.950000000000001066 ) ) ;
#3215 = VERTEX_POINT ( 'NONE', #5374 ) ;
#3216 = EDGE_CURVE ( 'NONE', #4388, #3983, #3981, .T. ) ;
#3217 = FACE_OUTER_BOUND ( 'NONE', #6689, .T. ) ;
#3218 = ORIENTED_EDGE ( 'NONE', *, *, #1688, .F. ) ;
#3219 = CARTESIAN_POINT ( 'NONE',  ( 1.774999999999999689, 0.1999999999999999833, 2.950000000000001066 ) ) ;
#3220 = CARTESIAN_POINT ( 'NONE',  ( 2.950000000000000178, 0.8264982043070829842, 1.124999999999999778 ) ) ;
#3221 = VECTOR ( 'NONE', #3636, 1000.000000000000000 ) ;
#3222 = PLANE ( 'NONE',  #7350 ) ;
#3223 = DIRECTION ( 'NONE',  ( -1.000000000000000000, 0.000000000000000000, -1.577021341797097215E-15 ) ) ;
#3224 = EDGE_CURVE ( 'NONE', #6265, #1641, #4587, .T. ) ;
#3225 = ORIENTED_EDGE ( 'NONE', *, *, #5066, .F. ) ;
#3226 = AXIS2_PLACEMENT_3D ( 'NONE', #141, #4015, #7274 ) ;
#3227 = CARTESIAN_POINT ( 'NONE',  ( -3.100000000000000977, 0.6999999999999999556, -3.300000000000000711 ) ) ;
#3228 = EDGE_LOOP ( 'NONE', ( #5158, #7750, #4250, #6202 ) ) ;
#3229 = CARTESIAN_POINT ( 'NONE',  ( 0.4749999999999988676, 0.8264982043070834283, -2.950000000000000178 ) ) ;
#3230 = ADVANCED_FACE ( 'NONE', ( #2507 ), #9338, .T. ) ;
#3231 = FACE_OUTER_BOUND ( 'NONE', #1152, .T. ) ;
#3232 = EDGE_CURVE ( 'NONE', #8940, #577, #4720, .T. ) ;
#3233 = CARTESIAN_POINT ( 'NONE',  ( 2.950000000000000178, 0.000000000000000000, 1.124999999999999778 ) ) ;
#3234 = VERTEX_POINT ( 'NONE', #2389 ) ;
#3235 = ADVANCED_FACE ( 'NONE', ( #7416 ), #3144, .F. ) ;
#3236 = EDGE_CURVE ( 'NONE', #1275, #874, #381, .T. ) ;
#3237 = DIRECTION ( 'NONE',  ( 0.000000000000000000, -1.000000000000000000, 0.000000000000000000 ) ) ;
#3238 = FACE_OUTER_BOUND ( 'NONE', #6294, .T. ) ;
#3239 = DIRECTION ( 'NONE',  ( 0.000000000000000000, 0.000000000000000000, -1.000000000000000000 ) ) ;
#3240 = ORIENTED_EDGE ( 'NONE', *, *, #42, .F. ) ;
#3241 = CARTESIAN_POINT ( 'NONE',  ( -3.500000000000000444, 0.1999999999999999833, -0.8250000000000001776 ) ) ;
#3242 = CARTESIAN_POINT ( 'NONE',  ( 1.774999999999999689, 0.04999999999999969746, -3.500000000000000444 ) ) ;
#3243 = ORIENTED_EDGE ( 'NONE', *, *, #8854, .T. ) ;
#3244 = UNCERTAINTY_MEASURE_WITH_UNIT (LENGTH_MEASURE( 1.000000000000000082E-05 ), #4175, 'distance_accuracy_value', 'NONE');
#3245 =( LENGTH_UNIT ( ) NAMED_UNIT ( * ) SI_UNIT ( .MILLI., .METRE. ) );
#3246 = CARTESIAN_POINT ( 'NONE',  ( 0.000000000000000000, 0.05000000000000000278, 1.475000000000000533 ) ) ;
#3247 = ORIENTED_EDGE ( 'NONE', *, *, #373, .F. ) ;
#3248 = CARTESIAN_POINT ( 'NONE',  ( 2.950000000000000178, 0.05000000000000002359, 1.475000000000000533 ) ) ;
#3249 = ORIENTED_EDGE ( 'NONE', *, *, #2949, .T. ) ;
#3250 = DIRECTION ( 'NONE',  ( 0.000000000000000000, -0.000000000000000000, 1.000000000000000000 ) ) ;
#3251 = CARTESIAN_POINT ( 'NONE',  ( 2.950000000000000178, 0.1999999999999999833, -1.475000000000000089 ) ) ;
#3252 = PRESENTATION_LAYER_ASSIGNMENT (  '', '', ( #2933 ) ) ;
#3253 = VECTOR ( 'NONE', #8254, 1000.000000000000000 ) ;
#3254 = VERTEX_POINT ( 'NONE', #10195 ) ;
#3255 = PLANE ( 'NONE',  #7449 ) ;
#3256 = LINE ( 'NONE', #4488, #6565 ) ;
#3257 = EDGE_LOOP ( 'NONE', ( #1614, #690, #5306, #3475 ) ) ;
#3258 = CARTESIAN_POINT ( 'NONE',  ( 2.950000000000000178, 0.1999999999999999833, 0.1750000000000006828 ) ) ;
#3259 = CARTESIAN_POINT ( 'NONE',  ( 2.950000000000000178, 0.1999999999999999833, -1.774999999999999245 ) ) ;
#3260 = CARTESIAN_POINT ( 'NONE',  ( 2.125000000000000000, 0.1999999999999999833, -3.500000000000000444 ) ) ;
#3261 = ORIENTED_EDGE ( 'NONE', *, *, #920, .T. ) ;
#3262 = LINE ( 'NONE', #6318, #9021 ) ;
#3263 = FACE_OUTER_BOUND ( 'NONE', #2615, .T. ) ;
#3264 = VECTOR ( 'NONE', #891, 1000.000000000000000 ) ;
#3265 = AXIS2_PLACEMENT_3D ( 'NONE', #6857, #5661, #4177 ) ;
#3266 = LINE ( 'NONE', #6429, #3519 ) ;
#3267 = EDGE_CURVE ( 'NONE', #3629, #7386, #9616, .T. ) ;
#3268 = CARTESIAN_POINT ( 'NONE',  ( 3.250000000000000000, 0.2000000000000000111, 0.000000000000000000 ) ) ;
#3269 = ORIENTED_EDGE ( 'NONE', *, *, #3809, .T. ) ;
#3270 = VECTOR ( 'NONE', #5338, 1000.000000000000000 ) ;
#3271 = EDGE_CURVE ( 'NONE', #2781, #6403, #513, .T. ) ;
#3272 = LINE ( 'NONE', #3654, #3036 ) ;
#3273 = DIRECTION ( 'NONE',  ( 0.000000000000000000, -0.000000000000000000, 1.000000000000000000 ) ) ;
#3274 = CARTESIAN_POINT ( 'NONE',  ( 3.500000000000000444, 0.1999999999999999833, -1.774999999999999245 ) ) ;
#3275 = EDGE_CURVE ( 'NONE', #7898, #7772, #4478, .T. ) ;
#3276 = CARTESIAN_POINT ( 'NONE',  ( -1.475000000000000977, 0.000000000000000000, -2.950000000000000178 ) ) ;
#3277 = VERTEX_POINT ( 'NONE', #6588 ) ;
#3278 = LINE ( 'NONE', #912, #1545 ) ;
#3279 = DIRECTION ( 'NONE',  ( 0.000000000000000000, 1.000000000000000000, 0.000000000000000000 ) ) ;
#3280 = DIRECTION ( 'NONE',  ( 1.000000000000000000, -0.000000000000000000, 0.000000000000000000 ) ) ;
#3281 = PLANE ( 'NONE',  #7481 ) ;
#3282 = EDGE_CURVE ( 'NONE', #611, #9435, #9969, .T. ) ;
#3283 = VECTOR ( 'NONE', #5716, 1000.000000000000000 ) ;
#3284 = PLANE ( 'NONE',  #3663 ) ;
#3285 = DIRECTION ( 'NONE',  ( 0.000000000000000000, 0.000000000000000000, -1.000000000000000000 ) ) ;
#3286 = LINE ( 'NONE', #8737, #4154 ) ;
#3287 = EDGE_CURVE ( 'NONE', #2837, #2547, #2383, .T. ) ;
#3288 = DIRECTION ( 'NONE',  ( 0.000000000000000000, -1.000000000000000000, 0.000000000000000000 ) ) ;
#3289 = VERTEX_POINT ( 'NONE', #283 ) ;
#3290 = EDGE_LOOP ( 'NONE', ( #8879, #1126, #8786, #4992 ) ) ;
#3291 = LINE ( 'NONE', #6983, #9290 ) ;
#3292 = DIRECTION ( 'NONE',  ( 0.000000000000000000, -0.000000000000000000, -1.000000000000000000 ) ) ;
#3293 = DIRECTION ( 'NONE',  ( 0.000000000000000000, -0.000000000000000000, 1.000000000000000000 ) ) ;
#3294 = VECTOR ( 'NONE', #1040, 1000.000000000000000 ) ;
#3295 = EDGE_CURVE ( 'NONE', #4381, #9057, #260, .T. ) ;
#3297 = VECTOR ( 'NONE', #9390, 1000.000000000000000 ) ;
#3296 = DIRECTION ( 'NONE',  ( -1.000000000000000000, 0.000000000000000000, -9.227252531791527858E-17 ) ) ;
#3298 = ORIENTED_EDGE ( 'NONE', *, *, #6627, .T. ) ;
#3299 = AXIS2_PLACEMENT_3D ( 'NONE', #7931, #7006, #2315 ) ;
#3300 = EDGE_CURVE ( 'NONE', #1113, #6024, #8369, .T. ) ;
#3301 = VERTEX_POINT ( 'NONE', #5834 ) ;
#3302 = ORIENTED_EDGE ( 'NONE', *, *, #4482, .F. ) ;
#3303 = VECTOR ( 'NONE', #1010, 1000.000000000000000 ) ;
#3304 = CARTESIAN_POINT ( 'NONE',  ( -0.4750000000000005884, 0.2000000000000005107, -3.500000000000000000 ) ) ;
#3305 = LINE ( 'NONE', #10136, #2068 ) ;
#3306 = DIRECTION ( 'NONE',  ( 0.000000000000000000, 0.000000000000000000, -1.000000000000000000 ) ) ;
#3307 = SURFACE_STYLE_USAGE ( .BOTH. , #3343 ) ;
#3308 = VECTOR ( 'NONE', #1079, 1000.000000000000000 ) ;
#3309 = DIRECTION ( 'NONE',  ( 0.000000000000000000, -1.000000000000000000, 0.000000000000000000 ) ) ;
#3310 = CARTESIAN_POINT ( 'NONE',  ( 0.000000000000000000, 0.05000000000000000278, 0.4749999999999997558 ) ) ;
#3312 = ORIENTED_EDGE ( 'NONE', *, *, #8261, .T. ) ;
#3311 = CARTESIAN_POINT ( 'NONE',  ( -2.950000000000000178, 0.000000000000000000, -2.125000000000000000 ) ) ;
#3313 = VECTOR ( 'NONE', #7017, 1000.000000000000000 ) ;
#3314 = AXIS2_PLACEMENT_3D ( 'NONE', #3723, #9195, #2980 ) ;
#3315 = AXIS2_PLACEMENT_3D ( 'NONE', #10083, #3893, #8572 ) ;
#3316 = LINE ( 'NONE', #5474, #3920 ) ;
#3317 = CARTESIAN_POINT ( 'NONE',  ( 0.8249999999999997335, 0.2000000000000000111, -2.950000000000000178 ) ) ;
#3318 = VECTOR ( 'NONE', #948, 1000.000000000000000 ) ;
#3319 = DIRECTION ( 'NONE',  ( 1.000000000000000000, -0.000000000000000000, 0.000000000000000000 ) ) ;
#3320 = DIRECTION ( 'NONE',  ( 1.000000000000000000, 0.000000000000000000, -0.000000000000000000 ) ) ;
#3321 = VERTEX_POINT ( 'NONE', #8912 ) ;
#3322 = PLANE ( 'NONE',  #2424 ) ;
#3323 = ORIENTED_EDGE ( 'NONE', *, *, #8498, .F. ) ;
#3324 = PLANE ( 'NONE',  #9664 ) ;
#3325 = ORIENTED_EDGE ( 'NONE', *, *, #4793, .T. ) ;
#3326 = SURFACE_STYLE_USAGE ( .BOTH. , #7311 ) ;
#3327 = ORIENTED_EDGE ( 'NONE', *, *, #1129, .F. ) ;
#3328 = VECTOR ( 'NONE', #1526, 1000.000000000000000 ) ;
#3329 = CARTESIAN_POINT ( 'NONE',  ( 2.950000000000000178, 0.1999999999999999833, 0.4749999999999997558 ) ) ;
#3330 = VECTOR ( 'NONE', #5176, 1000.000000000000000 ) ;
#3331 = DIRECTION ( 'NONE',  ( 0.000000000000000000, -1.000000000000000000, 0.000000000000000000 ) ) ;
#3332 = ADVANCED_FACE ( 'NONE', ( #6790 ), #317, .F. ) ;
#3333 = ORIENTED_EDGE ( 'NONE', *, *, #2168, .F. ) ;
#3334 = ORIENTED_EDGE ( 'NONE', *, *, #8583, .T. ) ;
#3335 = EDGE_LOOP ( 'NONE', ( #676, #7746, #10024, #4673 ) ) ;
#3336 = PLANE ( 'NONE',  #7684 ) ;
#3337 = ORIENTED_EDGE ( 'NONE', *, *, #2645, .F. ) ;
#3338 = EDGE_LOOP ( 'NONE', ( #4840, #6113, #7607, #1939 ) ) ;
#3339 = ADVANCED_FACE ( 'NONE', ( #4968 ), #4240, .F. ) ;
#3340 = LINE ( 'NONE', #7838, #618 ) ;
#3341 = CARTESIAN_POINT ( 'NONE',  ( 1.124999999999999778, 0.000000000000000000, -3.500000000000000444 ) ) ;
#3342 = ORIENTED_EDGE ( 'NONE', *, *, #5590, .F. ) ;
#3343 = SURFACE_SIDE_STYLE ('',( #2392 ) ) ;
#3344 = DIRECTION ( 'NONE',  ( -1.000000000000000000, 0.000000000000000000, 0.000000000000000000 ) ) ;
#3345 = LINE ( 'NONE', #4716, #9097 ) ;
#3346 = CARTESIAN_POINT ( 'NONE',  ( -2.125000000000000000, 0.000000000000000000, -3.500000000000000444 ) ) ;
#3347 = EDGE_LOOP ( 'NONE', ( #8268, #3090, #9936, #6970 ) ) ;
#3348 = EDGE_CURVE ( 'NONE', #2621, #10, #1883, .T. ) ;
#3349 = LINE ( 'NONE', #10069, #1494 ) ;
#3350 = PLANE ( 'NONE',  #9556 ) ;
#3351 = ORIENTED_EDGE ( 'NONE', *, *, #9248, .T. ) ;
#3352 = DIRECTION ( 'NONE',  ( 0.000000000000000000, -1.000000000000000000, 0.000000000000000000 ) ) ;
#3353 = EDGE_CURVE ( 'NONE', #502, #5117, #7893, .T. ) ;
#3354 = DIRECTION ( 'NONE',  ( 0.000000000000000000, 0.000000000000000000, -1.000000000000000000 ) ) ;
#3355 = PLANE ( 'NONE',  #2349 ) ;
#3356 = PLANE ( 'NONE',  #2767 ) ;
#3358 = EDGE_CURVE ( 'NONE', #8476, #8729, #3845, .T. ) ;
#3357 = VECTOR ( 'NONE', #9219, 1000.000000000000000 ) ;
#3359 =( LENGTH_UNIT ( ) NAMED_UNIT ( * ) SI_UNIT ( .MILLI., .METRE. ) );
#3360 = UNCERTAINTY_MEASURE_WITH_UNIT (LENGTH_MEASURE( 1.000000000000000082E-05 ), #1450, 'distance_accuracy_value', 'NONE');
#3361 = AXIS2_PLACEMENT_3D ( 'NONE', #6848, #3534, #6095 ) ;
#3362 = DIRECTION ( 'NONE',  ( -1.000000000000000000, -0.000000000000000000, -0.000000000000000000 ) ) ;
#3363 = VERTEX_POINT ( 'NONE', #8165 ) ;
#3364 = CARTESIAN_POINT ( 'NONE',  ( 2.125000000000000888, 0.2000000000000000111, 3.500000000000001332 ) ) ;
#3365 = CARTESIAN_POINT ( 'NONE',  ( -2.950000000000000178, 0.05000000000000002359, -2.424999999999999378 ) ) ;
#3366 = DIRECTION ( 'NONE',  ( -1.000000000000000000, 0.000000000000000000, 0.000000000000000000 ) ) ;
#3367 = VECTOR ( 'NONE', #7547, 1000.000000000000000 ) ;
#3368 = EDGE_LOOP ( 'NONE', ( #8834, #822, #8091, #6874 ) ) ;
#3369 = CARTESIAN_POINT ( 'NONE',  ( -2.950000000000000178, 0.8264982043070829842, 0.4749999999999997558 ) ) ;
#3370 = ORIENTED_EDGE ( 'NONE', *, *, #4221, .T. ) ;
#3371 = MANIFOLD_SOLID_BREP ( 'LPattern3[4]', #4794 ) ;
#3372 = ORIENTED_EDGE ( 'NONE', *, *, #3809, .F. ) ;
#3373 = DIRECTION ( 'NONE',  ( -1.000000000000000000, 0.000000000000000000, -0.000000000000000000 ) ) ;
#3374 = DIRECTION ( 'NONE',  ( 1.000000000000000000, 0.000000000000000000, 0.000000000000000000 ) ) ;
#3375 = VECTOR ( 'NONE', #20, 1000.000000000000000 ) ;
#3376 = ORIENTED_EDGE ( 'NONE', *, *, #3236, .F. ) ;
#3377 = ORIENTED_EDGE ( 'NONE', *, *, #7447, .T. ) ;
#3378 = DIRECTION ( 'NONE',  ( 0.000000000000000000, 1.000000000000000000, 0.000000000000000000 ) ) ;
#3379 = ORIENTED_EDGE ( 'NONE', *, *, #5461, .T. ) ;
#3380 = VECTOR ( 'NONE', #6694, 1000.000000000000000 ) ;
#3381 = FILL_AREA_STYLE_COLOUR ( '', #9917 ) ;
#3382 = LINE ( 'NONE', #6944, #1291 ) ;
#3383 = VECTOR ( 'NONE', #2866, 1000.000000000000000 ) ;
#3384 = CARTESIAN_POINT ( 'NONE',  ( -0.1750000000000002387, 0.2000000000000000111, -3.500000000000000444 ) ) ;
#3385 = PLANE ( 'NONE',  #9528 ) ;
#3386 = ADVANCED_FACE ( 'NONE', ( #4236 ), #8986, .T. ) ;
#3387 = LINE ( 'NONE', #239, #1041 ) ;
#3388 = ORIENTED_EDGE ( 'NONE', *, *, #6441, .T. ) ;
#3389 = PLANE ( 'NONE',  #341 ) ;
#3390 = CARTESIAN_POINT ( 'NONE',  ( -2.950000000000000178, 0.8264982043070829842, 2.125000000000000888 ) ) ;
#3391 = AXIS2_PLACEMENT_3D ( 'NONE', #3065, #3914, #7851 ) ;
#3392 = CARTESIAN_POINT ( 'NONE',  ( 2.950000000000000178, 0.1999999999999999833, -0.8250000000000001776 ) ) ;
#3393 = CARTESIAN_POINT ( 'NONE',  ( 3.500000000000000444, 0.1999999999999999833, -1.475000000000000089 ) ) ;
#3394 = ADVANCED_FACE ( 'NONE', ( #2126 ), #3583, .T. ) ;
#3395 = EDGE_LOOP ( 'NONE', ( #9270, #6532, #1565, #9593 ) ) ;
#3396 = ORIENTED_EDGE ( 'NONE', *, *, #49, .F. ) ;
#3397 = COLOUR_RGB ( '',0.7921568627450980005, 0.8196078431372548767, 0.9333333333333333481 ) ;
#3398 = FACE_OUTER_BOUND ( 'NONE', #2017, .T. ) ;
#3399 = FACE_OUTER_BOUND ( 'NONE', #4317, .T. ) ;
#3400 = CARTESIAN_POINT ( 'NONE',  ( 1.124999999999999778, 0.2000000000000000111, 2.950000000000001066 ) ) ;
#3401 = EDGE_LOOP ( 'NONE', ( #2605, #8951, #5385, #4445 ) ) ;
#3402 = LINE ( 'NONE', #6330, #2427 ) ;
#3403 = AXIS2_PLACEMENT_3D ( 'NONE', #5110, #6640, #8273 ) ;
#3404 = FACE_OUTER_BOUND ( 'NONE', #1586, .T. ) ;
#3405 = EDGE_CURVE ( 'NONE', #5160, #995, #7537, .T. ) ;
#3406 = VECTOR ( 'NONE', #5551, 1000.000000000000000 ) ;
#3407 =( NAMED_UNIT ( * ) SI_UNIT ( $, .STERADIAN. ) SOLID_ANGLE_UNIT ( ) );
#3408 = CARTESIAN_POINT ( 'NONE',  ( -0.1749999999999993783, 0.04999999999999969746, 3.500000000000001332 ) ) ;
#3409 = EDGE_CURVE ( 'NONE', #9065, #1881, #4471, .T. ) ;
#3410 = ORIENTED_EDGE ( 'NONE', *, *, #4132, .T. ) ;
#3411 = LINE ( 'NONE', #2622, #9900 ) ;
#3412 = CARTESIAN_POINT ( 'NONE',  ( 2.950000000000000178, 0.1999999999999999833, -0.4749999999999993117 ) ) ;
#3413 = VECTOR ( 'NONE', #2844, 1000.000000000000000 ) ;
#3414 = LINE ( 'NONE', #4248, #1807 ) ;
#3415 = EDGE_CURVE ( 'NONE', #10180, #4237, #7769, .T. ) ;
#3416 = DIRECTION ( 'NONE',  ( -0.000000000000000000, -1.000000000000000000, -0.000000000000000000 ) ) ;
#3417 = ORIENTED_EDGE ( 'NONE', *, *, #4670, .T. ) ;
#3418 = CARTESIAN_POINT ( 'NONE',  ( -0.4750000000000001443, 0.2000000000000000111, -2.950000000000000178 ) ) ;
#3419 = DIRECTION ( 'NONE',  ( 0.000000000000000000, -1.000000000000000000, 0.000000000000000000 ) ) ;
#3420 = AXIS2_PLACEMENT_3D ( 'NONE', #7233, #1625, #879 ) ;
#3421 = ORIENTED_EDGE ( 'NONE', *, *, #10092, .F. ) ;
#3422 = VECTOR ( 'NONE', #8978, 1000.000000000000000 ) ;
#3423 = CARTESIAN_POINT ( 'NONE',  ( 3.500000000000000444, 0.8264982043070829842, 1.124999999999999778 ) ) ;
#3424 = CARTESIAN_POINT ( 'NONE',  ( -1.124999999999999334, 0.2000000000000000111, 2.950000000000001066 ) ) ;
#3425 = EDGE_CURVE ( 'NONE', #484, #5311, #8868, .T. ) ;
#3426 = DIRECTION ( 'NONE',  ( 0.000000000000000000, 0.000000000000000000, 1.000000000000000000 ) ) ;
#3427 = EDGE_LOOP ( 'NONE', ( #1897, #9643, #2993, #752 ) ) ;
#3428 = VECTOR ( 'NONE', #3280, 1000.000000000000000 ) ;
#3429 = EDGE_CURVE ( 'NONE', #2941, #1309, #6413, .T. ) ;
#3430 = ORIENTED_EDGE ( 'NONE', *, *, #9382, .T. ) ;
#3431 = VECTOR ( 'NONE', #8335, 1000.000000000000000 ) ;
#3432 = CARTESIAN_POINT ( 'NONE',  ( 2.125000000000000000, 0.8264982043070834283, -2.950000000000000178 ) ) ;
#3433 = AXIS2_PLACEMENT_3D ( 'NONE', #6302, #1566, #2372 ) ;
#3434 = AXIS2_PLACEMENT_3D ( 'NONE', #3664, #7473, #1321 ) ;
#3435 = PLANE ( 'NONE',  #8904 ) ;
#3436 = ADVANCED_FACE ( 'NONE', ( #5805 ), #8357, .T. ) ;
#3437 = CARTESIAN_POINT ( 'NONE',  ( 2.125000000000000888, 0.04999999999999969746, 3.500000000000001332 ) ) ;
#3438 = ORIENTED_EDGE ( 'NONE', *, *, #4479, .F. ) ;
#3439 = CARTESIAN_POINT ( 'NONE',  ( 0.000000000000000000, 0.05000000000000000278, 2.950000000000001066 ) ) ;
#3440 = VERTEX_POINT ( 'NONE', #3714 ) ;
#3441 = PLANE ( 'NONE',  #9204 ) ;
#3442 = ADVANCED_FACE ( 'NONE', ( #1265 ), #7528, .F. ) ;
#3443 = ORIENTED_EDGE ( 'NONE', *, *, #7184, .F. ) ;
#3444 = LINE ( 'NONE', #9682, #7981 ) ;
#3445 = CARTESIAN_POINT ( 'NONE',  ( 3.500000000000000444, 0.04999999999999969746, -0.4749999999999993117 ) ) ;
#3446 = DIRECTION ( 'NONE',  ( 0.000000000000000000, 0.000000000000000000, -1.000000000000000000 ) ) ;
#3448 = VECTOR ( 'NONE', #5335, 1000.000000000000000 ) ;
#3447 = PLANE ( 'NONE',  #9842 ) ;
#3449 = ORIENTED_EDGE ( 'NONE', *, *, #10092, .T. ) ;
#3450 = AXIS2_PLACEMENT_3D ( 'NONE', #3268, #7256, #927 ) ;
#3451 = EDGE_LOOP ( 'NONE', ( #2827, #4268, #6167, #8249 ) ) ;
#3452 = VERTEX_POINT ( 'NONE', #4534 ) ;
#3453 = PRODUCT_DEFINITION_FORMATION_WITH_SPECIFIED_SOURCE ( 'ANY', '', #8080, .NOT_KNOWN. ) ;
#3454 = VERTEX_POINT ( 'NONE', #3737 ) ;
#3455 = VECTOR ( 'NONE', #7841, 1000.000000000000000 ) ;
#3456 = CARTESIAN_POINT ( 'NONE',  ( -1.125000000000000222, 0.8264982043070834283, -2.950000000000000178 ) ) ;
#3457 = VERTEX_POINT ( 'NONE', #6820 ) ;
#3458 = CARTESIAN_POINT ( 'NONE',  ( 0.000000000000000000, 0.2000000000000000111, 0.000000000000000000 ) ) ;
#3459 = CARTESIAN_POINT ( 'NONE',  ( -2.950000000000000178, 0.000000000000000000, 2.425000000000000266 ) ) ;
#3460 = FACE_OUTER_BOUND ( 'NONE', #3176, .T. ) ;
#3461 = DIRECTION ( 'NONE',  ( -0.000000000000000000, 0.000000000000000000, 1.000000000000000000 ) ) ;
#3462 = ORIENTED_EDGE ( 'NONE', *, *, #8321, .F. ) ;
#3463 = CARTESIAN_POINT ( 'NONE',  ( 0.1750000000000006828, 0.2000000000000000111, 3.500000000000001332 ) ) ;
#3464 = ORIENTED_EDGE ( 'NONE', *, *, #1355, .T. ) ;
#3465 = ORIENTED_EDGE ( 'NONE', *, *, #4518, .T. ) ;
#3466 = LINE ( 'NONE', #1166, #1256 ) ;
#3467 = CARTESIAN_POINT ( 'NONE',  ( 0.8250000000000006217, 0.8264982043070834283, 3.500000000000001332 ) ) ;
#3468 = ORIENTED_EDGE ( 'NONE', *, *, #6168, .T. ) ;
#3469 = LINE ( 'NONE', #3329, #2113 ) ;
#3470 = EDGE_CURVE ( 'NONE', #7718, #5706, #2630, .T. ) ;
#3471 = CARTESIAN_POINT ( 'NONE',  ( 2.950000000000000178, 0.8264982043070829842, -0.4749999999999993117 ) ) ;
#3472 = ORIENTED_EDGE ( 'NONE', *, *, #6824, .T. ) ;
#3473 = CARTESIAN_POINT ( 'NONE',  ( 1.124999999999999778, 0.000000000000000000, -3.500000000000000444 ) ) ;
#3474 = CARTESIAN_POINT ( 'NONE',  ( -2.950000000000000178, 0.000000000000000000, 1.774999999999999689 ) ) ;
#3475 = ORIENTED_EDGE ( 'NONE', *, *, #3731, .F. ) ;
#3476 = FILL_AREA_STYLE_COLOUR ( '', #9962 ) ;
#3477 = CARTESIAN_POINT ( 'NONE',  ( -3.100000000000000977, 0.6999999999999999556, -3.100000000000000977 ) ) ;
#3478 = EDGE_CURVE ( 'NONE', #1575, #5367, #6287, .T. ) ;
#3479 = CARTESIAN_POINT ( 'NONE',  ( 3.500000000000000444, 0.04999999999999969746, 0.1750000000000006828 ) ) ;
#3480 = STYLED_ITEM ( 'NONE', ( #4263 ), #9124 ) ;
#3481 = DIRECTION ( 'NONE',  ( -1.000000000000000000, 0.000000000000000000, -0.000000000000000000 ) ) ;
#3482 = ORIENTED_EDGE ( 'NONE', *, *, #4540, .F. ) ;
#3483 = EDGE_CURVE ( 'NONE', #3645, #2078, #7293, .T. ) ;
#3484 = ORIENTED_EDGE ( 'NONE', *, *, #6213, .T. ) ;
#3485 = FACE_OUTER_BOUND ( 'NONE', #9082, .T. ) ;
#3486 = CARTESIAN_POINT ( 'NONE',  ( 0.1750000000000006828, 0.000000000000000000, 2.950000000000001066 ) ) ;
#3487 = EDGE_CURVE ( 'NONE', #4835, #6013, #4352, .T. ) ;
#3488 = ORIENTED_EDGE ( 'NONE', *, *, #2157, .T. ) ;
#3489 = MANIFOLD_SOLID_BREP ( 'Boss-Extrude3[1]', #482 ) ;
#3490 = DIRECTION ( 'NONE',  ( -0.000000000000000000, -1.000000000000000000, -0.000000000000000000 ) ) ;
#3491 = ADVANCED_FACE ( 'NONE', ( #3972 ), #6851, .F. ) ;
#3492 =( LENGTH_UNIT ( ) NAMED_UNIT ( * ) SI_UNIT ( .MILLI., .METRE. ) );
#3493 = ORIENTED_EDGE ( 'NONE', *, *, #5071, .T. ) ;
#3494 = PLANE ( 'NONE',  #3527 ) ;
#3495 = DIRECTION ( 'NONE',  ( 0.000000000000000000, 0.000000000000000000, -1.000000000000000000 ) ) ;
#3496 = EDGE_CURVE ( 'NONE', #7514, #8244, #4715, .T. ) ;
#3497 = ADVANCED_FACE ( 'NONE', ( #1876 ), #3676, .F. ) ;
#3498 = VECTOR ( 'NONE', #4523, 1000.000000000000000 ) ;
#3499 = AXIS2_PLACEMENT_3D ( 'NONE', #1229, #2957, #1947 ) ;
#3500 = DIRECTION ( 'NONE',  ( -1.000000000000000000, 0.000000000000000000, -0.000000000000000000 ) ) ;
#3501 = EDGE_CURVE ( 'NONE', #4600, #9059, #3114, .T. ) ;
#3502 = ORIENTED_EDGE ( 'NONE', *, *, #8215, .T. ) ;
#3503 = DIRECTION ( 'NONE',  ( 0.000000000000000000, -0.000000000000000000, 1.000000000000000000 ) ) ;
#3504 = CARTESIAN_POINT ( 'NONE',  ( 2.350000000000000089, 0.000000000000000000, -2.350000000000000089 ) ) ;
#3505 = ORIENTED_EDGE ( 'NONE', *, *, #4748, .T. ) ;
#3506 = PLANE ( 'NONE',  #1976 ) ;
#3507 = DIRECTION ( 'NONE',  ( 1.000000000000000000, 0.000000000000000000, 0.000000000000000000 ) ) ;
#3508 = LINE ( 'NONE', #8375, #10112 ) ;
#3509 = LINE ( 'NONE', #2620, #399 ) ;
#3510 = FILL_AREA_STYLE ('',( #3476 ) ) ;
#3511 = CARTESIAN_POINT ( 'NONE',  ( 2.950000000000000178, 0.05000000000000000278, 0.000000000000000000 ) ) ;
#3512 = AXIS2_PLACEMENT_3D ( 'NONE', #5285, #8349, #5226 ) ;
#3513 = CARTESIAN_POINT ( 'NONE',  ( -2.950000000000000178, 0.8264982043070829842, -1.774999999999999245 ) ) ;
#3514 = ORIENTED_EDGE ( 'NONE', *, *, #5576, .T. ) ;
#3515 = CARTESIAN_POINT ( 'NONE',  ( -3.500000000000000444, 0.1999999999999999833, 1.124999999999999778 ) ) ;
#3516 = ORIENTED_EDGE ( 'NONE', *, *, #1430, .F. ) ;
#3517 = VECTOR ( 'NONE', #5437, 1000.000000000000000 ) ;
#3518 = DIRECTION ( 'NONE',  ( -1.000000000000000000, 0.000000000000000000, 0.000000000000000000 ) ) ;
#3519 = VECTOR ( 'NONE', #4019, 1000.000000000000000 ) ;
#3520 = PLANE ( 'NONE',  #602 ) ;
#3521 = VERTEX_POINT ( 'NONE', #9937 ) ;
#3522 = FACE_OUTER_BOUND ( 'NONE', #1393, .T. ) ;
#3523 =( NAMED_UNIT ( * ) SI_UNIT ( $, .STERADIAN. ) SOLID_ANGLE_UNIT ( ) );
#3524 = DIRECTION ( 'NONE',  ( -1.577021341797097215E-15, 0.000000000000000000, 1.000000000000000000 ) ) ;
#3525 = VECTOR ( 'NONE', #8363, 1000.000000000000000 ) ;
#3526 = CARTESIAN_POINT ( 'NONE',  ( 0.000000000000000000, 0.2000000000000000111, 0.000000000000000000 ) ) ;
#3527 = AXIS2_PLACEMENT_3D ( 'NONE', #9729, #5923, #3461 ) ;
#3528 = LINE ( 'NONE', #7128, #6829 ) ;
#3529 = CARTESIAN_POINT ( 'NONE',  ( -1.124999999999999334, 0.2000000000000000111, 3.500000000000001332 ) ) ;
#3530 = ORIENTED_EDGE ( 'NONE', *, *, #5526, .T. ) ;
#3531 = PLANE ( 'NONE',  #9939 ) ;
#3532 = LINE ( 'NONE', #4153, #10015 ) ;
#3533 =( NAMED_UNIT ( * ) PLANE_ANGLE_UNIT ( ) SI_UNIT ( $, .RADIAN. ) );
#3534 = DIRECTION ( 'NONE',  ( -1.000000000000000000, 0.000000000000000000, 0.000000000000000000 ) ) ;
#3535 = LINE ( 'NONE', #1652, #6224 ) ;
#3536 = FACE_OUTER_BOUND ( 'NONE', #9416, .T. ) ;
#3537 = DIRECTION ( 'NONE',  ( 0.000000000000000000, -1.000000000000000000, 0.000000000000000000 ) ) ;
#3538 = ORIENTED_EDGE ( 'NONE', *, *, #3731, .T. ) ;
#3539 = ADVANCED_FACE ( 'NONE', ( #8255 ), #740, .T. ) ;
#3540 = PRESENTATION_LAYER_ASSIGNMENT (  '', '', ( #6686 ) ) ;
#3541 = EDGE_LOOP ( 'NONE', ( #4158, #10171 ) ) ;
#3542 = VECTOR ( 'NONE', #5419, 1000.000000000000000 ) ;
#3543 = EDGE_CURVE ( 'NONE', #68, #6526, #2003, .T. ) ;
#3544 = CARTESIAN_POINT ( 'NONE',  ( -0.4750000000000001443, 0.8264982043070834283, -2.950000000000000178 ) ) ;
#3545 = COLOUR_RGB ( '',1.000000000000000000, 1.000000000000000000, 1.000000000000000000 ) ;
#3546 = DIRECTION ( 'NONE',  ( 0.000000000000000000, 1.000000000000000000, 0.000000000000000000 ) ) ;
#3547 = ADVANCED_FACE ( 'NONE', ( #1748 ), #5425, .F. ) ;
#3548 = VECTOR ( 'NONE', #7504, 1000.000000000000000 ) ;
#3549 = DIRECTION ( 'NONE',  ( 0.000000000000000000, 0.000000000000000000, 1.000000000000000000 ) ) ;
#3550 = DIRECTION ( 'NONE',  ( 1.000000000000000000, -0.000000000000000000, 0.000000000000000000 ) ) ;
#3551 = ORIENTED_EDGE ( 'NONE', *, *, #7805, .T. ) ;
#3552 = EDGE_CURVE ( 'NONE', #2078, #5943, #504, .T. ) ;
#3554 = VERTEX_POINT ( 'NONE', #4571 ) ;
#3553 = DIRECTION ( 'NONE',  ( 0.000000000000000000, 0.000000000000000000, 1.000000000000000000 ) ) ;
#3555 = EDGE_LOOP ( 'NONE', ( #4095, #4414, #6347, #612 ) ) ;
#3556 = FACE_OUTER_BOUND ( 'NONE', #1348, .T. ) ;
#3557 = VERTEX_POINT ( 'NONE', #3810 ) ;
#3558 = EDGE_CURVE ( 'NONE', #1770, #4602, #6527, .T. ) ;
#3559 = CARTESIAN_POINT ( 'NONE',  ( -2.950000000000000178, 0.000000000000000000, -0.4749999999999993117 ) ) ;
#3560 = VECTOR ( 'NONE', #6467, 1000.000000000000000 ) ;
#3561 = PLANE ( 'NONE',  #7900 ) ;
#3562 = DIRECTION ( 'NONE',  ( 0.000000000000000000, 0.000000000000000000, -1.000000000000000000 ) ) ;
#3563 = SURFACE_STYLE_USAGE ( .BOTH. , #4393 ) ;
#3564 = EDGE_LOOP ( 'NONE', ( #5337, #5837, #1378, #4453 ) ) ;
#3565 = CARTESIAN_POINT ( 'NONE',  ( 2.125000000000000000, 0.04999999999999999584, -2.950000000000000178 ) ) ;
#3566 = CARTESIAN_POINT ( 'NONE',  ( -1.124999999999999334, 0.04999999999999999584, 2.950000000000001066 ) ) ;
#3567 = ORIENTED_EDGE ( 'NONE', *, *, #4360, .T. ) ;
#3568 = EDGE_CURVE ( 'NONE', #8197, #6078, #3349, .T. ) ;
#3569 = LINE ( 'NONE', #7188, #1224 ) ;
#3570 = CARTESIAN_POINT ( 'NONE',  ( -2.350000000000000089, 6.846803743153548005, 2.349999999999999645 ) ) ;
#3571 = CARTESIAN_POINT ( 'NONE',  ( 0.000000000000000000, 0.2000000000000000111, 0.000000000000000000 ) ) ;
#3572 = LINE ( 'NONE', #1315, #9074 ) ;
#3573 = CARTESIAN_POINT ( 'NONE',  ( 0.000000000000000000, 0.05000000000000000278, -0.8250000000000001776 ) ) ;
#3574 = VERTEX_POINT ( 'NONE', #6137 ) ;
#3575 = ORIENTED_EDGE ( 'NONE', *, *, #6615, .T. ) ;
#3576 = ORIENTED_EDGE ( 'NONE', *, *, #445, .T. ) ;
#3577 = VERTEX_POINT ( 'NONE', #1534 ) ;
#3578 = DIRECTION ( 'NONE',  ( -0.000000000000000000, 1.000000000000000000, -0.000000000000000000 ) ) ;
#3579 = AXIS2_PLACEMENT_3D ( 'NONE', #997, #928, #8041 ) ;
#3580 = ORIENTED_EDGE ( 'NONE', *, *, #3616, .T. ) ;
#3581 = DIRECTION ( 'NONE',  ( 1.000000000000000000, 0.000000000000000000, -0.000000000000000000 ) ) ;
#3582 = PRESENTATION_STYLE_ASSIGNMENT (( #7344 ) ) ;
#3583 = PLANE ( 'NONE',  #319 ) ;
#3584 = DIRECTION ( 'NONE',  ( -0.000000000000000000, -1.000000000000000000, -0.000000000000000000 ) ) ;
#3585 = ORIENTED_EDGE ( 'NONE', *, *, #899, .F. ) ;
#3586 = VERTEX_POINT ( 'NONE', #6951 ) ;
#3587 = ORIENTED_EDGE ( 'NONE', *, *, #7959, .F. ) ;
#3588 = DIRECTION ( 'NONE',  ( -0.000000000000000000, -1.000000000000000000, -0.000000000000000000 ) ) ;
#3589 = PLANE ( 'NONE',  #786 ) ;
#3590 = ORIENTED_EDGE ( 'NONE', *, *, #550, .F. ) ;
#3591 = LINE ( 'NONE', #7418, #5300 ) ;
#3592 = CARTESIAN_POINT ( 'NONE',  ( -0.4750000000000001443, 0.1999999999999999833, -2.950000000000000178 ) ) ;
#3593 = ORIENTED_EDGE ( 'NONE', *, *, #832, .F. ) ;
#3594 = LINE ( 'NONE', #5052, #1128 ) ;
#3595 = MECHANICAL_DESIGN_GEOMETRIC_PRESENTATION_REPRESENTATION (  '', ( #2001 ), #4116 ) ;
#3596 = DIRECTION ( 'NONE',  ( -1.000000000000000000, 0.000000000000000000, 1.239088197126290817E-16 ) ) ;
#3597 = ORIENTED_EDGE ( 'NONE', *, *, #5983, .F. ) ;
#3598 = DIRECTION ( 'NONE',  ( 0.000000000000000000, -0.000000000000000000, 1.000000000000000000 ) ) ;
#3599 = ADVANCED_FACE ( 'NONE', ( #2865 ), #7025, .T. ) ;
#3600 = LINE ( 'NONE', #8623, #9217 ) ;
#3601 = PLANE ( 'NONE',  #3966 ) ;
#3602 = LINE ( 'NONE', #1046, #7529 ) ;
#3603 = ADVANCED_FACE ( 'NONE', ( #8858 ), #6891, .T. ) ;
#3604 = DIRECTION ( 'NONE',  ( 1.000000000000000000, -0.000000000000000000, -0.000000000000000000 ) ) ;
#3605 = ORIENTED_EDGE ( 'NONE', *, *, #8205, .T. ) ;
#3606 = CARTESIAN_POINT ( 'NONE',  ( -0.4750000000000001443, 0.000000000000000000, -2.950000000000000178 ) ) ;
#3607 = ORIENTED_EDGE ( 'NONE', *, *, #8157, .T. ) ;
#3608 = EDGE_CURVE ( 'NONE', #6669, #5499, #6165, .T. ) ;
#3609 = CARTESIAN_POINT ( 'NONE',  ( 3.500000000000000444, 0.1999999999999999833, -0.1750000000000002387 ) ) ;
#3610 = VECTOR ( 'NONE', #8382, 1000.000000000000000 ) ;
#3611 = VERTEX_POINT ( 'NONE', #4601 ) ;
#3612 = EDGE_CURVE ( 'NONE', #1881, #3452, #627, .T. ) ;
#3613 = CARTESIAN_POINT ( 'NONE',  ( -2.424999999999999378, 0.05000000000000000278, 0.000000000000000000 ) ) ;
#3614 = DIRECTION ( 'NONE',  ( -0.000000000000000000, -1.000000000000000000, -0.000000000000000000 ) ) ;
#3616 = EDGE_CURVE ( 'NONE', #4753, #4004, #1005, .T. ) ;
#3615 = FACE_OUTER_BOUND ( 'NONE', #4123, .T. ) ;
#3617 = DIRECTION ( 'NONE',  ( -1.000000000000000000, 0.000000000000000000, 0.000000000000000000 ) ) ;
#3618 = VERTEX_POINT ( 'NONE', #5388 ) ;
#3619 = CARTESIAN_POINT ( 'NONE',  ( -2.950000000000000178, 0.8264982043070829842, 1.124999999999999778 ) ) ;
#3620 = EDGE_CURVE ( 'NONE', #3061, #8687, #4461, .T. ) ;
#3621 = ORIENTED_EDGE ( 'NONE', *, *, #1193, .F. ) ;
#3622 = CARTESIAN_POINT ( 'NONE',  ( -3.500000000000000000, 0.05000000000000000278, 3.500000000000000444 ) ) ;
#3623 = EDGE_CURVE ( 'NONE', #4239, #7143, #10077, .T. ) ;
#3624 = ORIENTED_EDGE ( 'NONE', *, *, #3271, .F. ) ;
#3625 = VECTOR ( 'NONE', #10129, 1000.000000000000000 ) ;
#3626 = FILL_AREA_STYLE ('',( #329 ) ) ;
#3627 = CARTESIAN_POINT ( 'NONE',  ( -1.774999999999999245, 0.04999999999999999584, 2.950000000000001066 ) ) ;
#3628 = FACE_OUTER_BOUND ( 'NONE', #440, .T. ) ;
#3629 = VERTEX_POINT ( 'NONE', #4638 ) ;
#3630 = ORIENTED_EDGE ( 'NONE', *, *, #913, .F. ) ;
#3631 = EDGE_CURVE ( 'NONE', #904, #7953, #3836, .T. ) ;
#3632 = EDGE_LOOP ( 'NONE', ( #8168, #6303, #7923, #8836 ) ) ;
#3633 = VERTEX_POINT ( 'NONE', #3840 ) ;
#3634 =( GEOMETRIC_REPRESENTATION_CONTEXT ( 3 ) GLOBAL_UNCERTAINTY_ASSIGNED_CONTEXT ( ( #5207 ) ) GLOBAL_UNIT_ASSIGNED_CONTEXT ( ( #5279, #9234, #3012 ) ) REPRESENTATION_CONTEXT ( 'NONE', 'WORKASPACE' ) );
#3635 = VECTOR ( 'NONE', #5403, 1000.000000000000000 ) ;
#3636 = DIRECTION ( 'NONE',  ( 0.000000000000000000, -1.000000000000000000, 0.000000000000000000 ) ) ;
#3637 = EDGE_CURVE ( 'NONE', #6520, #8695, #2623, .T. ) ;
#3638 = DIRECTION ( 'NONE',  ( 0.000000000000000000, -1.000000000000000000, 0.000000000000000000 ) ) ;
#3639 = LINE ( 'NONE', #2994, #8628 ) ;
#3640 = LINE ( 'NONE', #2195, #1904 ) ;
#3641 = DIRECTION ( 'NONE',  ( 0.000000000000000000, -1.000000000000000000, 0.000000000000000000 ) ) ;
#3642 = LINE ( 'NONE', #4289, #5965 ) ;
#3643 = ORIENTED_EDGE ( 'NONE', *, *, #7306, .T. ) ;
#3644 = CARTESIAN_POINT ( 'NONE',  ( 1.124999999999999778, 0.2000000000000000111, 2.950000000000001066 ) ) ;
#3645 = VERTEX_POINT ( 'NONE', #6103 ) ;
#3646 = ADVANCED_FACE ( 'NONE', ( #9343 ), #2297, .T. ) ;
#3647 = LINE ( 'NONE', #870, #7924 ) ;
#3648 = FACE_OUTER_BOUND ( 'NONE', #4522, .T. ) ;
#3649 = CARTESIAN_POINT ( 'NONE',  ( 1.124999999999999778, 0.04999999999999969746, -3.500000000000000444 ) ) ;
#3650 = ADVANCED_FACE ( 'NONE', ( #4705 ), #7951, .F. ) ;
#3651 = DIRECTION ( 'NONE',  ( -1.577021341797097215E-15, 0.000000000000000000, 1.000000000000000000 ) ) ;
#3652 = ORIENTED_EDGE ( 'NONE', *, *, #2898, .T. ) ;
#3653 = VECTOR ( 'NONE', #4877, 1000.000000000000000 ) ;
#3654 = CARTESIAN_POINT ( 'NONE',  ( 2.950000000000000178, 0.1999999999999999833, -0.1750000000000002387 ) ) ;
#3655 = VECTOR ( 'NONE', #6419, 1000.000000000000000 ) ;
#3656 = FACE_OUTER_BOUND ( 'NONE', #7527, .T. ) ;
#3657 = DIRECTION ( 'NONE',  ( -1.000000000000000000, 0.000000000000000000, 0.000000000000000000 ) ) ;
#3658 = CARTESIAN_POINT ( 'NONE',  ( -0.8250000000000010658, 0.04999999999999999584, -2.950000000000000178 ) ) ;
#3659 = CARTESIAN_POINT ( 'NONE',  ( 3.500000000000000444, 0.8264982043070829842, 0.8250000000000006217 ) ) ;
#3660 = EDGE_LOOP ( 'NONE', ( #112, #282, #8741, #8300 ) ) ;
#3661 = FACE_OUTER_BOUND ( 'NONE', #538, .T. ) ;
#3662 = CARTESIAN_POINT ( 'NONE',  ( -2.350000000000000977, 0.1999999999999996503, 2.349999999999999645 ) ) ;
#3663 = AXIS2_PLACEMENT_3D ( 'NONE', #204, #7945, #5726 ) ;
#3664 = CARTESIAN_POINT ( 'NONE',  ( 0.4749999999999997558, 0.8264982043070834283, -3.500000000000000444 ) ) ;
#3665 = LINE ( 'NONE', #8995, #2687 ) ;
#3666 = EDGE_LOOP ( 'NONE', ( #1717, #583 ) ) ;
#3667 = ORIENTED_EDGE ( 'NONE', *, *, #8077, .T. ) ;
#3668 = ORIENTED_EDGE ( 'NONE', *, *, #8463, .F. ) ;
#3669 = CARTESIAN_POINT ( 'NONE',  ( 2.950000000000000178, 0.05000000000000002359, 0.8250000000000006217 ) ) ;
#3670 = MANIFOLD_SOLID_BREP ( 'LPattern4[5]', #4069 ) ;
#3671 = LINE ( 'NONE', #3894, #6740 ) ;
#3672 = AXIS2_PLACEMENT_3D ( 'NONE', #9703, #2724, #8805 ) ;
#3673 = DIRECTION ( 'NONE',  ( -1.000000000000000000, 0.000000000000000000, 0.000000000000000000 ) ) ;
#3674 = ORIENTED_EDGE ( 'NONE', *, *, #10051, .F. ) ;
#3675 = EDGE_CURVE ( 'NONE', #9684, #4753, #9600, .T. ) ;
#3676 = PLANE ( 'NONE',  #3708 ) ;
#3677 = VECTOR ( 'NONE', #4837, 1000.000000000000000 ) ;
#3678 = ORIENTED_EDGE ( 'NONE', *, *, #8533, .F. ) ;
#3679 = DIRECTION ( 'NONE',  ( 0.000000000000000000, 0.000000000000000000, 1.000000000000000000 ) ) ;
#3680 = VECTOR ( 'NONE', #3722, 1000.000000000000000 ) ;
#3681 = CARTESIAN_POINT ( 'NONE',  ( -2.125000000000000000, 0.1999999999999999833, 2.950000000000001066 ) ) ;
#3682 = EDGE_CURVE ( 'NONE', #3060, #3440, #6408, .T. ) ;
#3684 = VECTOR ( 'NONE', #6781, 1000.000000000000000 ) ;
#3683 = CARTESIAN_POINT ( 'NONE',  ( -2.125000000000000000, 0.05000000000000000278, -3.499999999999999556 ) ) ;
#3685 = ORIENTED_EDGE ( 'NONE', *, *, #5009, .T. ) ;
#3686 = VERTEX_POINT ( 'NONE', #917 ) ;
#3687 = ORIENTED_EDGE ( 'NONE', *, *, #8936, .T. ) ;
#3688 = ORIENTED_EDGE ( 'NONE', *, *, #101, .F. ) ;
#3689 = EDGE_CURVE ( 'NONE', #797, #5498, #8358, .T. ) ;
#3690 = EDGE_LOOP ( 'NONE', ( #487, #6122, #4473, #4351 ) ) ;
#3691 = VECTOR ( 'NONE', #7295, 1000.000000000000000 ) ;
#3692 = PLANE ( 'NONE',  #5473 ) ;
#3693 = ADVANCED_FACE ( 'NONE', ( #247 ), #7846, .F. ) ;
#3694 = CARTESIAN_POINT ( 'NONE',  ( 0.000000000000000000, 0.2000000000000000111, 0.000000000000000000 ) ) ;
#3695 = EDGE_CURVE ( 'NONE', #5229, #3557, #1259, .T. ) ;
#3696 = DIRECTION ( 'NONE',  ( 1.000000000000000000, -0.000000000000000000, 0.000000000000000000 ) ) ;
#3697 = PLANE ( 'NONE',  #3434 ) ;
#3699 = ORIENTED_EDGE ( 'NONE', *, *, #6035, .F. ) ;
#3698 = ADVANCED_FACE ( 'NONE', ( #3231 ), #3255, .T. ) ;
#3700 = VERTEX_POINT ( 'NONE', #2440 ) ;
#3701 = EDGE_LOOP ( 'NONE', ( #6724, #5552, #5307, #6859 ) ) ;
#3702 = DIRECTION ( 'NONE',  ( 1.000000000000000000, -0.000000000000000000, 0.000000000000000000 ) ) ;
#3703 = ORIENTED_EDGE ( 'NONE', *, *, #5676, .T. ) ;
#3704 = CARTESIAN_POINT ( 'NONE',  ( -2.950000000000000178, 0.05000000000000002359, 1.124999999999999778 ) ) ;
#3705 = VECTOR ( 'NONE', #2673, 1000.000000000000000 ) ;
#3706 = CARTESIAN_POINT ( 'NONE',  ( -3.500000000000000444, 0.04999999999999969746, -1.475000000000000089 ) ) ;
#3707 = CARTESIAN_POINT ( 'NONE',  ( 2.125000000000000888, 0.000000000000000000, 3.500000000000001332 ) ) ;
#3708 = AXIS2_PLACEMENT_3D ( 'NONE', #9146, #9901, #4475 ) ;
#3709 = ORIENTED_EDGE ( 'NONE', *, *, #2023, .T. ) ;
#3710 = ORIENTED_EDGE ( 'NONE', *, *, #5523, .F. ) ;
#3711 = VERTEX_POINT ( 'NONE', #10163 ) ;
#3712 = VECTOR ( 'NONE', #386, 1000.000000000000000 ) ;
#3713 = VERTEX_POINT ( 'NONE', #3985 ) ;
#3714 = CARTESIAN_POINT ( 'NONE',  ( 3.500000000000000444, 0.2000000000000005107, -2.425000000000000266 ) ) ;
#3715 = VECTOR ( 'NONE', #6437, 1000.000000000000000 ) ;
#3716 = CARTESIAN_POINT ( 'NONE',  ( 2.350000000000000089, 0.04999999999999969746, 2.350000000000000533 ) ) ;
#3717 = DIRECTION ( 'NONE',  ( 0.000000000000000000, -0.000000000000000000, -1.000000000000000000 ) ) ;
#3718 = VERTEX_POINT ( 'NONE', #3227 ) ;
#3719 = DIRECTION ( 'NONE',  ( -1.577021341797097018E-15, -0.000000000000000000, -1.000000000000000000 ) ) ;
#3720 = ORIENTED_EDGE ( 'NONE', *, *, #7365, .T. ) ;
#3721 = AXIS2_PLACEMENT_3D ( 'NONE', #2886, #2991, #544 ) ;
#3722 = DIRECTION ( 'NONE',  ( 0.000000000000000000, 0.000000000000000000, 1.000000000000000000 ) ) ;
#3723 = CARTESIAN_POINT ( 'NONE',  ( 2.950000000000000178, 0.8264982043070829842, -0.1750000000000002387 ) ) ;
#3724 = CARTESIAN_POINT ( 'NONE',  ( -1.775000000000000133, 0.000000000000000000, -3.500000000000000444 ) ) ;
#3725 = EDGE_LOOP ( 'NONE', ( #8670, #5018, #2111, #4725 ) ) ;
#3726 =( LENGTH_UNIT ( ) NAMED_UNIT ( * ) SI_UNIT ( .MILLI., .METRE. ) );
#3727 = SURFACE_SIDE_STYLE ('',( #336 ) ) ;
#3728 = ORIENTED_EDGE ( 'NONE', *, *, #3409, .F. ) ;
#3729 = VERTEX_POINT ( 'NONE', #3949 ) ;
#3730 = ORIENTED_EDGE ( 'NONE', *, *, #2962, .F. ) ;
#3731 = EDGE_CURVE ( 'NONE', #7138, #5286, #9228, .T. ) ;
#3732 = CARTESIAN_POINT ( 'NONE',  ( -1.475000000000000089, 0.000000000000000000, 2.950000000000001066 ) ) ;
#3733 = LINE ( 'NONE', #4366, #8745 ) ;
#3734 = ADVANCED_FACE ( 'NONE', ( #886 ), #9, .F. ) ;
#3735 = EDGE_CURVE ( 'NONE', #8222, #4927, #2995, .T. ) ;
#3736 = ORIENTED_EDGE ( 'NONE', *, *, #6894, .F. ) ;
#3737 = CARTESIAN_POINT ( 'NONE',  ( -0.8250000000000001776, 0.2000000000000000111, 2.950000000000001066 ) ) ;
#3738 = ORIENTED_EDGE ( 'NONE', *, *, #9314, .T. ) ;
#3739 = CARTESIAN_POINT ( 'NONE',  ( 0.000000000000000000, 0.2000000000000000111, 0.000000000000000000 ) ) ;
#3740 = DIRECTION ( 'NONE',  ( 0.000000000000000000, 0.000000000000000000, -1.000000000000000000 ) ) ;
#3741 = ADVANCED_FACE ( 'NONE', ( #8479 ), #4026, .F. ) ;
#3742 = EDGE_CURVE ( 'NONE', #4039, #8222, #3106, .T. ) ;
#3743 = CARTESIAN_POINT ( 'NONE',  ( 2.950000000000000178, 0.8264982043070829842, 1.124999999999999778 ) ) ;
#3744 = VECTOR ( 'NONE', #9813, 1000.000000000000000 ) ;
#3745 = DIRECTION ( 'NONE',  ( -1.000000000000000000, 0.000000000000000000, -1.577021341797097215E-15 ) ) ;
#3746 = VECTOR ( 'NONE', #1269, 1000.000000000000000 ) ;
#3747 = EDGE_CURVE ( 'NONE', #7516, #6231, #4344, .T. ) ;
#3748 = LINE ( 'NONE', #8468, #9757 ) ;
#3749 = EDGE_CURVE ( 'NONE', #5937, #2066, #8247, .T. ) ;
#3750 = EDGE_LOOP ( 'NONE', ( #8233, #6192, #620, #214 ) ) ;
#3751 = CARTESIAN_POINT ( 'NONE',  ( -2.950000000000000178, 0.05000000000000002359, 0.8250000000000006217 ) ) ;
#3752 = LINE ( 'NONE', #10140, #7804 ) ;
#3753 = LINE ( 'NONE', #50, #2409 ) ;
#3754 = CARTESIAN_POINT ( 'NONE',  ( 2.950000000000000178, 0.05000000000000000278, 0.000000000000000000 ) ) ;
#3755 = PRESENTATION_STYLE_ASSIGNMENT (( #5874 ) ) ;
#3756 = CARTESIAN_POINT ( 'NONE',  ( -2.950000000000000178, 0.1999999999999999833, -0.8250000000000001776 ) ) ;
#3757 = LINE ( 'NONE', #8896, #1420 ) ;
#3758 = EDGE_CURVE ( 'NONE', #3611, #6014, #7762, .T. ) ;
#3759 = AXIS2_PLACEMENT_3D ( 'NONE', #3456, #4187, #9654 ) ;
#3760 = AXIS2_PLACEMENT_3D ( 'NONE', #3477, #8359, #2800 ) ;
#3761 = ORIENTED_EDGE ( 'NONE', *, *, #7616, .T. ) ;
#3762 = DIRECTION ( 'NONE',  ( 0.000000000000000000, 0.000000000000000000, -1.000000000000000000 ) ) ;
#3763 = LINE ( 'NONE', #4394, #7929 ) ;
#3764 = CARTESIAN_POINT ( 'NONE',  ( 2.950000000000000178, 0.000000000000000000, 1.774999999999999689 ) ) ;
#3765 = VECTOR ( 'NONE', #2835, 1000.000000000000000 ) ;
#3767 = LINE ( 'NONE', #6420, #3883 ) ;
#3766 = DIRECTION ( 'NONE',  ( 1.577021341797097215E-15, 0.000000000000000000, 1.000000000000000000 ) ) ;
#3768 = DIRECTION ( 'NONE',  ( 1.000000000000000000, 0.000000000000000000, -0.000000000000000000 ) ) ;
#3769 = DIRECTION ( 'NONE',  ( 0.000000000000000000, -0.000000000000000000, 1.000000000000000000 ) ) ;
#3770 = ORIENTED_EDGE ( 'NONE', *, *, #8392, .F. ) ;
#3771 = LINE ( 'NONE', #8690, #3653 ) ;
#3772 = DIRECTION ( 'NONE',  ( 1.000000000000000000, 0.000000000000000000, 0.000000000000000000 ) ) ;
#3773 = LINE ( 'NONE', #1281, #2432 ) ;
#3774 = AXIS2_PLACEMENT_3D ( 'NONE', #9650, #3352, #1068 ) ;
#3775 = VECTOR ( 'NONE', #90, 1000.000000000000000 ) ;
#3776 = CARTESIAN_POINT ( 'NONE',  ( -2.950000000000000178, 0.000000000000000000, -2.424999999999999378 ) ) ;
#3777 = PRODUCT_DEFINITION ( 'UNKNOWN', '', #3453, #3153 ) ;
#3779 = ORIENTED_EDGE ( 'NONE', *, *, #3086, .F. ) ;
#3778 = CARTESIAN_POINT ( 'NONE',  ( 0.000000000000000000, 0.05000000000000000278, -0.1750000000000002387 ) ) ;
#3780 = ORIENTED_EDGE ( 'NONE', *, *, #228, .F. ) ;
#3781 = FACE_OUTER_BOUND ( 'NONE', #6470, .T. ) ;
#3782 = VECTOR ( 'NONE', #7201, 1000.000000000000000 ) ;
#3783 = LINE ( 'NONE', #3764, #457 ) ;
#3784 = ADVANCED_FACE ( 'NONE', ( #4832 ), #1877, .F. ) ;
#3785 = VERTEX_POINT ( 'NONE', #5671 ) ;
#3786 = ORIENTED_EDGE ( 'NONE', *, *, #554, .T. ) ;
#3787 = DIRECTION ( 'NONE',  ( -0.000000000000000000, -1.000000000000000000, -0.000000000000000000 ) ) ;
#3788 = EDGE_LOOP ( 'NONE', ( #4830, #6911, #8703, #4816 ) ) ;
#3789 = LINE ( 'NONE', #7908, #1949 ) ;
#3790 = ORIENTED_EDGE ( 'NONE', *, *, #993, .T. ) ;
#3791 = EDGE_CURVE ( 'NONE', #6014, #5155, #3602, .T. ) ;
#3792 = ADVANCED_FACE ( 'NONE', ( #9720 ), #8126, .F. ) ;
#3793 = LINE ( 'NONE', #718, #2454 ) ;
#3794 = FILL_AREA_STYLE_COLOUR ( '', #8532 ) ;
#3795 = UNCERTAINTY_MEASURE_WITH_UNIT (LENGTH_MEASURE( 1.000000000000000082E-05 ), #7976, 'distance_accuracy_value', 'NONE');
#3796 = FACE_OUTER_BOUND ( 'NONE', #333, .T. ) ;
#3797 = DIRECTION ( 'NONE',  ( -0.000000000000000000, -0.000000000000000000, 1.000000000000000000 ) ) ;
#3798 = EDGE_CURVE ( 'NONE', #5048, #191, #3469, .T. ) ;
#3799 = ORIENTED_EDGE ( 'NONE', *, *, #5191, .T. ) ;
#3800 = CARTESIAN_POINT ( 'NONE',  ( 0.4749999999999997558, 0.2000000000000000111, -3.500000000000000444 ) ) ;
#3801 = LINE ( 'NONE', #4594, #7839 ) ;
#3802 = CARTESIAN_POINT ( 'NONE',  ( 0.8249999999999997335, 0.1999999999999999833, -2.950000000000000178 ) ) ;
#3803 = DIRECTION ( 'NONE',  ( -1.000000000000000000, 0.000000000000000000, 0.000000000000000000 ) ) ;
#3804 = LINE ( 'NONE', #1615, #9821 ) ;
#3805 = EDGE_CURVE ( 'NONE', #876, #7968, #359, .T. ) ;
#3806 = AXIS2_PLACEMENT_3D ( 'NONE', #3423, #8967, #298 ) ;
#3807 = VECTOR ( 'NONE', #4774, 1000.000000000000000 ) ;
#3808 = ORIENTED_EDGE ( 'NONE', *, *, #8878, .T. ) ;
#3809 = EDGE_CURVE ( 'NONE', #7885, #10031, #2741, .T. ) ;
#3810 = CARTESIAN_POINT ( 'NONE',  ( -1.475000000000000089, 0.000000000000000000, -3.500000000000000444 ) ) ;
#3811 = CARTESIAN_POINT ( 'NONE',  ( 2.950000000000000178, 0.8264982043070829842, 1.774999999999999689 ) ) ;
#3812 = VERTEX_POINT ( 'NONE', #146 ) ;
#3813 = EDGE_LOOP ( 'NONE', ( #2453, #1125, #6355, #2594 ) ) ;
#3814 = EDGE_CURVE ( 'NONE', #3812, #9156, #8131, .T. ) ;
#3815 = ORIENTED_EDGE ( 'NONE', *, *, #1298, .F. ) ;
#3816 = VECTOR ( 'NONE', #9521, 1000.000000000000000 ) ;
#3817 = DIRECTION ( 'NONE',  ( 0.000000000000000000, 0.000000000000000000, -1.000000000000000000 ) ) ;
#3818 = VECTOR ( 'NONE', #5273, 1000.000000000000000 ) ;
#3819 = EDGE_CURVE ( 'NONE', #5549, #6011, #6277, .T. ) ;
#3820 = ORIENTED_EDGE ( 'NONE', *, *, #5571, .T. ) ;
#3821 = ORIENTED_EDGE ( 'NONE', *, *, #5983, .T. ) ;
#3822 = ORIENTED_EDGE ( 'NONE', *, *, #4143, .T. ) ;
#3823 = EDGE_CURVE ( 'NONE', #8503, #4930, #9220, .T. ) ;
#3824 = CLOSED_SHELL ( 'NONE', ( #4942, #4477, #6107, #3184, #9083, #2627 ) ) ;
#3825 = DIRECTION ( 'NONE',  ( -1.000000000000000000, 0.000000000000000000, 0.000000000000000000 ) ) ;
#3826 = CARTESIAN_POINT ( 'NONE',  ( 3.500000000000000444, 0.8264982043070829842, 1.124999999999999778 ) ) ;
#3827 = VECTOR ( 'NONE', #2583, 1000.000000000000000 ) ;
#3828 = CLOSED_SHELL ( 'NONE', ( #4229, #4621, #4884, #9127, #4169, #3230 ) ) ;
#3829 = CARTESIAN_POINT ( 'NONE',  ( 1.775000000000000577, 0.8264982043070834283, 3.500000000000001332 ) ) ;
#3830 = CARTESIAN_POINT ( 'NONE',  ( 0.1749999999999998224, 0.000000000000000000, -3.500000000000000444 ) ) ;
#3831 = DIRECTION ( 'NONE',  ( 1.000000000000000000, 0.000000000000000000, -0.000000000000000000 ) ) ;
#3832 = DIRECTION ( 'NONE',  ( 1.000000000000000000, 0.000000000000000000, -0.000000000000000000 ) ) ;
#3833 = LINE ( 'NONE', #7756, #5310 ) ;
#3834 = DIRECTION ( 'NONE',  ( -0.000000000000000000, -1.000000000000000000, -0.000000000000000000 ) ) ;
#3835 = CARTESIAN_POINT ( 'NONE',  ( 2.125000000000000000, 0.1999999999999999833, -2.950000000000000178 ) ) ;
#3836 = LINE ( 'NONE', #9345, #5433 ) ;
#3837 = STYLED_ITEM ( 'NONE', ( #10048 ), #4750 ) ;
#3838 = CARTESIAN_POINT ( 'NONE',  ( 3.500000000000000444, 0.8264982043070829842, 2.125000000000000888 ) ) ;
#3839 = ORIENTED_EDGE ( 'NONE', *, *, #630, .T. ) ;
#3840 = CARTESIAN_POINT ( 'NONE',  ( -2.950000000000000178, 0.1999999999999999833, -2.125000000000000000 ) ) ;
#3841 = EDGE_LOOP ( 'NONE', ( #2812, #4614, #8224, #7862 ) ) ;
#3842 = DIRECTION ( 'NONE',  ( 0.000000000000000000, 0.000000000000000000, -1.000000000000000000 ) ) ;
#3843 = DIRECTION ( 'NONE',  ( 0.000000000000000000, 0.000000000000000000, 1.000000000000000000 ) ) ;
#3844 = ADVANCED_FACE ( 'NONE', ( #4089 ), #7347, .T. ) ;
#3845 = LINE ( 'NONE', #9051, #1502 ) ;
#3846 = CARTESIAN_POINT ( 'NONE',  ( 2.950000000000000178, 0.05000000000000000278, 0.000000000000000000 ) ) ;
#3847 = EDGE_LOOP ( 'NONE', ( #8057, #9775, #1985, #8333 ) ) ;
#3848 = ADVANCED_FACE ( 'NONE', ( #1374 ), #4122, .F. ) ;
#3849 = CARTESIAN_POINT ( 'NONE',  ( -3.500000000000000444, 0.8264982043070829842, 1.475000000000000533 ) ) ;
#3850 = FACE_OUTER_BOUND ( 'NONE', #2369, .T. ) ;
#3851 = CARTESIAN_POINT ( 'NONE',  ( -0.1750000000000002387, 0.2000000000000000111, 2.950000000000001066 ) ) ;
#3852 = VERTEX_POINT ( 'NONE', #8090 ) ;
#3853 = FILL_AREA_STYLE ('',( #7671 ) ) ;
#3854 = ORIENTED_EDGE ( 'NONE', *, *, #306, .T. ) ;
#3855 = CARTESIAN_POINT ( 'NONE',  ( 0.4749999999999997558, 0.04999999999999999584, 2.950000000000001066 ) ) ;
#3856 = DIRECTION ( 'NONE',  ( 0.000000000000000000, -0.000000000000000000, 1.000000000000000000 ) ) ;
#3857 = VECTOR ( 'NONE', #377, 1000.000000000000000 ) ;
#3858 = AXIS2_PLACEMENT_3D ( 'NONE', #5139, #4313, #2027 ) ;
#3859 = CARTESIAN_POINT ( 'NONE',  ( 2.950000000000000178, 0.1999999999999999833, -0.1750000000000002387 ) ) ;
#3860 = VECTOR ( 'NONE', #6245, 1000.000000000000000 ) ;
#3861 = ORIENTED_EDGE ( 'NONE', *, *, #9894, .F. ) ;
#3862 = DIRECTION ( 'NONE',  ( 0.000000000000000000, -1.000000000000000000, 0.000000000000000000 ) ) ;
#3863 = EDGE_CURVE ( 'NONE', #7180, #8136, #6399, .T. ) ;
#3864 = PLANE ( 'NONE',  #6629 ) ;
#3865 =( LENGTH_UNIT ( ) NAMED_UNIT ( * ) SI_UNIT ( .MILLI., .METRE. ) );
#3866 = EDGE_LOOP ( 'NONE', ( #8439, #1588, #9840, #8352 ) ) ;
#3867 = VECTOR ( 'NONE', #1862, 1000.000000000000000 ) ;
#3868 = EDGE_CURVE ( 'NONE', #3633, #3554, #6156, .T. ) ;
#3869 = LINE ( 'NONE', #6094, #1533 ) ;
#3870 = LINE ( 'NONE', #388, #533 ) ;
#3871 = DIRECTION ( 'NONE',  ( -1.000000000000000000, 0.000000000000000000, 0.000000000000000000 ) ) ;
#3872 = VECTOR ( 'NONE', #268, 1000.000000000000000 ) ;
#3873 = ORIENTED_EDGE ( 'NONE', *, *, #5022, .F. ) ;
#3874 =( NAMED_UNIT ( * ) SI_UNIT ( $, .STERADIAN. ) SOLID_ANGLE_UNIT ( ) );
#3875 = EDGE_CURVE ( 'NONE', #5498, #6332, #1734, .T. ) ;
#3876 = PLANE ( 'NONE',  #6198 ) ;
#3877 = ORIENTED_EDGE ( 'NONE', *, *, #4132, .F. ) ;
#3878 = FILL_AREA_STYLE ('',( #6827 ) ) ;
#3879 = ORIENTED_EDGE ( 'NONE', *, *, #7673, .T. ) ;
#3880 = EDGE_CURVE ( 'NONE', #3174, #9344, #7400, .T. ) ;
#3881 = VECTOR ( 'NONE', #5235, 1000.000000000000000 ) ;
#3882 = VECTOR ( 'NONE', #9743, 1000.000000000000000 ) ;
#3883 = VECTOR ( 'NONE', #4417, 1000.000000000000000 ) ;
#3884 = DIRECTION ( 'NONE',  ( -0.000000000000000000, 0.000000000000000000, -1.000000000000000000 ) ) ;
#3885 = CARTESIAN_POINT ( 'NONE',  ( -2.950000000000000178, 0.8264982043070829842, -0.8250000000000001776 ) ) ;
#3886 = VERTEX_POINT ( 'NONE', #7477 ) ;
#3887 = VECTOR ( 'NONE', #1662, 1000.000000000000000 ) ;
#3888 = CARTESIAN_POINT ( 'NONE',  ( 0.4750000000000005884, 0.2000000000000000111, 3.500000000000001332 ) ) ;
#3889 = CARTESIAN_POINT ( 'NONE',  ( 0.8249999999999997335, 0.2000000000000000111, -2.950000000000000178 ) ) ;
#3890 = LINE ( 'NONE', #818, #6719 ) ;
#3891 = AXIS2_PLACEMENT_3D ( 'NONE', #4443, #3546, #528 ) ;
#3892 = DIRECTION ( 'NONE',  ( -1.000000000000000000, 0.000000000000000000, -0.000000000000000000 ) ) ;
#3893 = DIRECTION ( 'NONE',  ( 0.000000000000000000, 1.000000000000000000, 0.000000000000000000 ) ) ;
#3894 = CARTESIAN_POINT ( 'NONE',  ( -1.475000000000000089, 0.1999999999999999833, -3.500000000000000444 ) ) ;
#3895 = ORIENTED_EDGE ( 'NONE', *, *, #5707, .F. ) ;
#3896 = VECTOR ( 'NONE', #1157, 1000.000000000000000 ) ;
#3897 = DIRECTION ( 'NONE',  ( -1.000000000000000000, 0.000000000000000000, 0.000000000000000000 ) ) ;
#3898 = ADVANCED_FACE ( 'NONE', ( #5 ), #4363, .T. ) ;
#3899 = FACE_OUTER_BOUND ( 'NONE', #4203, .T. ) ;
#3900 = CARTESIAN_POINT ( 'NONE',  ( 3.500000000000000444, 0.04999999999999969746, 0.4749999999999997558 ) ) ;
#3901 = PLANE ( 'NONE',  #477 ) ;
#3902 = CARTESIAN_POINT ( 'NONE',  ( 1.124999999999999778, 0.000000000000000000, 2.950000000000001066 ) ) ;
#3903 = ORIENTED_EDGE ( 'NONE', *, *, #5600, .F. ) ;
#3904 = ORIENTED_EDGE ( 'NONE', *, *, #4017, .T. ) ;
#3905 = DIRECTION ( 'NONE',  ( 1.000000000000000000, -0.000000000000000000, 0.000000000000000000 ) ) ;
#3906 = VERTEX_POINT ( 'NONE', #8973 ) ;
#3907 = LINE ( 'NONE', #5702, #4526 ) ;
#3908 = DIRECTION ( 'NONE',  ( 0.000000000000000000, -0.000000000000000000, -1.000000000000000000 ) ) ;
#3909 = ORIENTED_EDGE ( 'NONE', *, *, #3039, .T. ) ;
#3910 = AXIS2_PLACEMENT_3D ( 'NONE', #5488, #8524, #9381 ) ;
#3911 = CARTESIAN_POINT ( 'NONE',  ( 2.950000000000000178, 0.1999999999999999833, 1.124999999999999778 ) ) ;
#3912 = ORIENTED_EDGE ( 'NONE', *, *, #7325, .F. ) ;
#3913 = VECTOR ( 'NONE', #7073, 1000.000000000000000 ) ;
#3914 = DIRECTION ( 'NONE',  ( 0.000000000000000000, 0.000000000000000000, 1.000000000000000000 ) ) ;
#3916 = FACE_OUTER_BOUND ( 'NONE', #9364, .T. ) ;
#3915 = DIRECTION ( 'NONE',  ( 1.577021341797097018E-15, 0.000000000000000000, -1.000000000000000000 ) ) ;
#3917 = ORIENTED_EDGE ( 'NONE', *, *, #1302, .F. ) ;
#3918 = LINE ( 'NONE', #4632, #6980 ) ;
#3919 = ORIENTED_EDGE ( 'NONE', *, *, #633, .F. ) ;
#3920 = VECTOR ( 'NONE', #5577, 1000.000000000000000 ) ;
#3921 = CARTESIAN_POINT ( 'NONE',  ( 0.1749999999999998224, 0.1999999999999999833, -2.950000000000000178 ) ) ;
#3922 = LINE ( 'NONE', #5823, #6869 ) ;
#3923 = PRESENTATION_LAYER_ASSIGNMENT (  '', '', ( #8313 ) ) ;
#3925 = ORIENTED_EDGE ( 'NONE', *, *, #5973, .F. ) ;
#3924 = CARTESIAN_POINT ( 'NONE',  ( 3.500000000000000444, 0.04999999999999969746, 0.8250000000000006217 ) ) ;
#3926 = EDGE_CURVE ( 'NONE', #7636, #3947, #3962, .T. ) ;
#3927 = ORIENTED_EDGE ( 'NONE', *, *, #839, .T. ) ;
#3928 = ORIENTED_EDGE ( 'NONE', *, *, #9200, .T. ) ;
#3929 = CARTESIAN_POINT ( 'NONE',  ( 2.950000000000000178, 0.000000000000000000, -2.424999999999999378 ) ) ;
#3930 = LINE ( 'NONE', #8933, #2716 ) ;
#3931 = DIRECTION ( 'NONE',  ( 0.000000000000000000, -1.000000000000000000, 0.000000000000000000 ) ) ;
#3932 = DIRECTION ( 'NONE',  ( -1.000000000000000000, 0.000000000000000000, -1.577021341797097215E-15 ) ) ;
#3933 = EDGE_CURVE ( 'NONE', #9913, #2665, #1865, .T. ) ;
#3934 = LINE ( 'NONE', #4511, #3818 ) ;
#3935 = DIRECTION ( 'NONE',  ( 0.000000000000000000, -1.000000000000000000, 0.000000000000000000 ) ) ;
#3936 = CARTESIAN_POINT ( 'NONE',  ( -3.500000000000000000, 0.2000000000000005107, 1.124999999999999778 ) ) ;
#3937 = ORIENTED_EDGE ( 'NONE', *, *, #6485, .F. ) ;
#3938 = DIRECTION ( 'NONE',  ( -0.000000000000000000, -1.000000000000000000, -0.000000000000000000 ) ) ;
#3939 = ORIENTED_EDGE ( 'NONE', *, *, #5856, .T. ) ;
#3940 = ORIENTED_EDGE ( 'NONE', *, *, #7622, .T. ) ;
#3941 = ORIENTED_EDGE ( 'NONE', *, *, #7889, .F. ) ;
#3942 = EDGE_CURVE ( 'NONE', #8430, #9436, #7880, .T. ) ;
#3943 = ORIENTED_EDGE ( 'NONE', *, *, #5791, .F. ) ;
#3944 = CARTESIAN_POINT ( 'NONE',  ( -1.775000000000000133, 0.1999999999999999833, -3.500000000000000444 ) ) ;
#3945 = ORIENTED_EDGE ( 'NONE', *, *, #7420, .F. ) ;
#3946 = FACE_OUTER_BOUND ( 'NONE', #1536, .T. ) ;
#3947 = VERTEX_POINT ( 'NONE', #5858 ) ;
#3948 = EDGE_CURVE ( 'NONE', #9848, #9435, #10070, .T. ) ;
#3949 = CARTESIAN_POINT ( 'NONE',  ( 2.950000000000000178, 0.000000000000000000, -0.4749999999999993117 ) ) ;
#3950 = LINE ( 'NONE', #2573, #7868 ) ;
#3951 = CARTESIAN_POINT ( 'NONE',  ( -3.500000000000000444, 0.1999999999999999833, 0.4749999999999997558 ) ) ;
#3952 = DIRECTION ( 'NONE',  ( 1.577021341797097215E-15, 0.000000000000000000, 1.000000000000000000 ) ) ;
#3953 = ADVANCED_FACE ( 'NONE', ( #9954 ), #2853, .F. ) ;
#3954 = DIRECTION ( 'NONE',  ( -0.000000000000000000, -1.000000000000000000, -0.000000000000000000 ) ) ;
#3955 = ORIENTED_EDGE ( 'NONE', *, *, #6306, .F. ) ;
#3956 = EDGE_CURVE ( 'NONE', #8491, #6088, #3594, .T. ) ;
#3957 = VERTEX_POINT ( 'NONE', #8248 ) ;
#3958 = ORIENTED_EDGE ( 'NONE', *, *, #6234, .T. ) ;
#3959 = DIRECTION ( 'NONE',  ( 0.000000000000000000, -0.000000000000000000, 1.000000000000000000 ) ) ;
#3960 = ORIENTED_EDGE ( 'NONE', *, *, #2377, .F. ) ;
#3961 = ADVANCED_FACE ( 'NONE', ( #5799 ), #8280, .F. ) ;
#3963 = EDGE_CURVE ( 'NONE', #4046, #9824, #4335, .T. ) ;
#3962 = LINE ( 'NONE', #9765, #1987 ) ;
#3964 = CARTESIAN_POINT ( 'NONE',  ( 2.950000000000000178, 0.1999999999999999833, -0.4749999999999993117 ) ) ;
#3965 = DIRECTION ( 'NONE',  ( -0.000000000000000000, 0.000000000000000000, 1.000000000000000000 ) ) ;
#3966 = AXIS2_PLACEMENT_3D ( 'NONE', #6713, #1287, #2009 ) ;
#3967 = VERTEX_POINT ( 'NONE', #1192 ) ;
#3968 = CARTESIAN_POINT ( 'NONE',  ( 1.774999999999999689, 0.04999999999999999584, 2.950000000000001066 ) ) ;
#3969 = DIRECTION ( 'NONE',  ( 0.000000000000000000, 0.000000000000000000, 1.000000000000000000 ) ) ;
#3970 = ORIENTED_EDGE ( 'NONE', *, *, #9975, .F. ) ;
#3971 = DIRECTION ( 'NONE',  ( -1.000000000000000000, 0.000000000000000000, 0.000000000000000000 ) ) ;
#3972 = FACE_OUTER_BOUND ( 'NONE', #499, .T. ) ;
#3973 = CARTESIAN_POINT ( 'NONE',  ( 3.500000000000000444, 0.1999999999999999833, 0.4749999999999997558 ) ) ;
#3974 = EDGE_LOOP ( 'NONE', ( #1097, #1696, #4565, #2428 ) ) ;
#3975 = FILL_AREA_STYLE ('',( #28 ) ) ;
#3976 = CARTESIAN_POINT ( 'NONE',  ( -3.500000000000000444, 0.8264982043070829842, -2.125000000000000000 ) ) ;
#3977 = CARTESIAN_POINT ( 'NONE',  ( 1.124999999999998890, 0.1999999999999999833, -2.950000000000000178 ) ) ;
#3978 = CARTESIAN_POINT ( 'NONE',  ( 2.950000000000000178, 0.8264982043070829842, -1.124999999999999334 ) ) ;
#3979 = AXIS2_PLACEMENT_3D ( 'NONE', #2237, #572, #2171 ) ;
#3980 = DIRECTION ( 'NONE',  ( -1.000000000000000000, 0.000000000000000000, -0.000000000000000000 ) ) ;
#3981 = LINE ( 'NONE', #9240, #7175 ) ;
#3982 = MECHANICAL_DESIGN_GEOMETRIC_PRESENTATION_REPRESENTATION (  '', ( #2933 ), #2398 ) ;
#3983 = VERTEX_POINT ( 'NONE', #5156 ) ;
#3984 =( NAMED_UNIT ( * ) PLANE_ANGLE_UNIT ( ) SI_UNIT ( $, .RADIAN. ) );
#3985 = CARTESIAN_POINT ( 'NONE',  ( 3.500000000000000444, 0.000000000000000000, 1.124999999999999778 ) ) ;
#3986 = ORIENTED_EDGE ( 'NONE', *, *, #7747, .T. ) ;
#3987 = DIRECTION ( 'NONE',  ( 0.000000000000000000, 0.000000000000000000, 1.000000000000000000 ) ) ;
#3988 = CARTESIAN_POINT ( 'NONE',  ( 2.350000000000000089, 0.000000000000000000, 2.350000000000000533 ) ) ;
#3989 = DIRECTION ( 'NONE',  ( 1.000000000000000000, -0.000000000000000000, 0.000000000000000000 ) ) ;
#3990 = CARTESIAN_POINT ( 'NONE',  ( 1.949999999999999956, 0.2000000000000000111, 0.000000000000000000 ) ) ;
#3991 = LINE ( 'NONE', #411, #389 ) ;
#3992 = FACE_OUTER_BOUND ( 'NONE', #1846, .T. ) ;
#3993 = ORIENTED_EDGE ( 'NONE', *, *, #1122, .F. ) ;
#3994 = VERTEX_POINT ( 'NONE', #7411 ) ;
#3995 = EDGE_CURVE ( 'NONE', #4237, #7718, #7156, .T. ) ;
#3996 = CARTESIAN_POINT ( 'NONE',  ( 0.4749999999999988676, 0.2000000000000000111, -2.950000000000000178 ) ) ;
#3997 = VECTOR ( 'NONE', #2757, 1000.000000000000000 ) ;
#3998 = ORIENTED_EDGE ( 'NONE', *, *, #993, .F. ) ;
#3999 = DIRECTION ( 'NONE',  ( 1.000000000000000000, 0.000000000000000000, -0.000000000000000000 ) ) ;
#4000 = VECTOR ( 'NONE', #9846, 1000.000000000000000 ) ;
#4001 = LINE ( 'NONE', #9857, #2659 ) ;
#4002 = EDGE_LOOP ( 'NONE', ( #5575, #1156, #2021, #9552 ) ) ;
#4003 = DIRECTION ( 'NONE',  ( -1.000000000000000000, 0.000000000000000000, 1.239088197126291063E-16 ) ) ;
#4004 = VERTEX_POINT ( 'NONE', #1915 ) ;
#4005 = ADVANCED_FACE ( 'NONE', ( #5916 ), #9834, .T. ) ;
#4006 = CARTESIAN_POINT ( 'NONE',  ( -0.1750000000000002387, 0.2000000000000002054, -3.500000000000000444 ) ) ;
#4007 = EDGE_CURVE ( 'NONE', #9573, #2268, #8003, .T. ) ;
#4008 = ORIENTED_EDGE ( 'NONE', *, *, #2149, .F. ) ;
#4009 = AXIS2_PLACEMENT_3D ( 'NONE', #1847, #7415, #7352 ) ;
#4010 = VERTEX_POINT ( 'NONE', #9804 ) ;
#4011 = FACE_OUTER_BOUND ( 'NONE', #7506, .T. ) ;
#4012 = SURFACE_STYLE_FILL_AREA ( #6511 ) ;
#4013 = LINE ( 'NONE', #6663, #9648 ) ;
#4014 = PLANE ( 'NONE',  #2523 ) ;
#4015 = DIRECTION ( 'NONE',  ( 0.000000000000000000, 1.000000000000000000, 0.000000000000000000 ) ) ;
#4016 = CARTESIAN_POINT ( 'NONE',  ( 1.124999999999999778, 0.8264982043070834283, -3.500000000000000444 ) ) ;
#4017 = EDGE_CURVE ( 'NONE', #6131, #3116, #5560, .T. ) ;
#4018 = VECTOR ( 'NONE', #803, 1000.000000000000000 ) ;
#4019 = DIRECTION ( 'NONE',  ( 0.000000000000000000, -1.000000000000000000, 0.000000000000000000 ) ) ;
#4020 = CARTESIAN_POINT ( 'NONE',  ( -1.475000000000000089, 0.8264982043070834283, 2.950000000000001066 ) ) ;
#4021 = EDGE_CURVE ( 'NONE', #10056, #8309, #1611, .T. ) ;
#4022 = CARTESIAN_POINT ( 'NONE',  ( 2.425000000000001155, 0.2000000000000000111, 3.500000000000001332 ) ) ;
#4023 = EDGE_LOOP ( 'NONE', ( #8367, #2572, #5774, #1647 ) ) ;
#4024 = LINE ( 'NONE', #7512, #4269 ) ;
#4025 = EDGE_LOOP ( 'NONE', ( #6478, #5911, #4811, #3710 ) ) ;
#4026 = PLANE ( 'NONE',  #5540 ) ;
#4027 = DIRECTION ( 'NONE',  ( -0.000000000000000000, -1.000000000000000000, -0.000000000000000000 ) ) ;
#4028 = EDGE_CURVE ( 'NONE', #3454, #3577, #9590, .T. ) ;
#4029 = CARTESIAN_POINT ( 'NONE',  ( -2.950000000000000178, 0.1999999999999999833, -0.4749999999999993117 ) ) ;
#4030 = EDGE_CURVE ( 'NONE', #8983, #5514, #9334, .T. ) ;
#4031 = ORIENTED_EDGE ( 'NONE', *, *, #6557, .F. ) ;
#4032 = VECTOR ( 'NONE', #882, 1000.000000000000000 ) ;
#4033 = VECTOR ( 'NONE', #474, 1000.000000000000000 ) ;
#4034 = CARTESIAN_POINT ( 'NONE',  ( 2.425000000000001155, 0.1999999999999999833, 3.500000000000001332 ) ) ;
#4035 = LINE ( 'NONE', #8665, #4282 ) ;
#4036 = PLANE ( 'NONE',  #9750 ) ;
#4037 = EDGE_LOOP ( 'NONE', ( #438, #6417, #2326, #8390 ) ) ;
#4038 = DIRECTION ( 'NONE',  ( 0.000000000000000000, 0.000000000000000000, 1.000000000000000000 ) ) ;
#4039 = VERTEX_POINT ( 'NONE', #5993 ) ;
#4040 = LINE ( 'NONE', #80, #5268 ) ;
#4041 = SURFACE_SIDE_STYLE ('',( #4407 ) ) ;
#4042 = FACE_OUTER_BOUND ( 'NONE', #8592, .T. ) ;
#4043 =( GEOMETRIC_REPRESENTATION_CONTEXT ( 3 ) GLOBAL_UNCERTAINTY_ASSIGNED_CONTEXT ( ( #5936 ) ) GLOBAL_UNIT_ASSIGNED_CONTEXT ( ( #1633, #3984, #6366 ) ) REPRESENTATION_CONTEXT ( 'NONE', 'WORKASPACE' ) );
#4044 = DIRECTION ( 'NONE',  ( -0.000000000000000000, -1.000000000000000000, -0.000000000000000000 ) ) ;
#4045 = FACE_OUTER_BOUND ( 'NONE', #4554, .T. ) ;
#4046 = VERTEX_POINT ( 'NONE', #2287 ) ;
#4047 = CARTESIAN_POINT ( 'NONE',  ( -1.475000000000000977, 0.2000000000000000111, -2.950000000000000178 ) ) ;
#4048 = ORIENTED_EDGE ( 'NONE', *, *, #9253, .T. ) ;
#4049 = CARTESIAN_POINT ( 'NONE',  ( -2.125000000000000000, 0.8264982043070834283, -3.500000000000000444 ) ) ;
#4050 = CARTESIAN_POINT ( 'NONE',  ( -3.500000000000000444, 0.8264982043070829842, 2.425000000000000266 ) ) ;
#4051 = ORIENTED_EDGE ( 'NONE', *, *, #2906, .T. ) ;
#4052 = PRESENTATION_STYLE_ASSIGNMENT (( #1538 ) ) ;
#4053 = CARTESIAN_POINT ( 'NONE',  ( 0.000000000000000000, 0.2000000000000000111, 0.000000000000000000 ) ) ;
#4054 = VERTEX_POINT ( 'NONE', #10120 ) ;
#4055 = DIRECTION ( 'NONE',  ( 0.000000000000000000, -1.000000000000000000, 0.000000000000000000 ) ) ;
#4056 = CARTESIAN_POINT ( 'NONE',  ( 0.4750000000000005884, 0.8264982043070834283, 3.500000000000001332 ) ) ;
#4057 = SURFACE_STYLE_FILL_AREA ( #1241 ) ;
#4058 = DIRECTION ( 'NONE',  ( 1.000000000000000000, 0.000000000000000000, 0.000000000000000000 ) ) ;
#4059 = LINE ( 'NONE', #3393, #2951 ) ;
#4060 = CARTESIAN_POINT ( 'NONE',  ( -3.500000000000000444, 0.8264982043070829842, 1.774999999999999689 ) ) ;
#4061 = ORIENTED_EDGE ( 'NONE', *, *, #1956, .T. ) ;
#4062 = PLANE ( 'NONE',  #8814 ) ;
#4063 = DIRECTION ( 'NONE',  ( 1.000000000000000000, 0.000000000000000000, 0.000000000000000000 ) ) ;
#4064 = ADVANCED_FACE ( 'NONE', ( #2230 ), #6221, .F. ) ;
#4065 = ORIENTED_EDGE ( 'NONE', *, *, #3819, .F. ) ;
#4066 = VECTOR ( 'NONE', #6799, 1000.000000000000000 ) ;
#4067 = VECTOR ( 'NONE', #770, 1000.000000000000000 ) ;
#4068 = ADVANCED_FACE ( 'NONE', ( #8979 ), #6026, .F. ) ;
#4069 = CLOSED_SHELL ( 'NONE', ( #314, #5297, #524, #5446, #4633, #5808 ) ) ;
#4070 = DIRECTION ( 'NONE',  ( 0.000000000000000000, 0.000000000000000000, -1.000000000000000000 ) ) ;
#4071 = ORIENTED_EDGE ( 'NONE', *, *, #3758, .T. ) ;
#4072 = CARTESIAN_POINT ( 'NONE',  ( -2.950000000000000178, 0.1999999999999999833, -2.125000000000000000 ) ) ;
#4073 = ORIENTED_EDGE ( 'NONE', *, *, #9072, .F. ) ;
#4074 = LINE ( 'NONE', #1700, #608 ) ;
#4075 =( GEOMETRIC_REPRESENTATION_CONTEXT ( 3 ) GLOBAL_UNCERTAINTY_ASSIGNED_CONTEXT ( ( #4628 ) ) GLOBAL_UNIT_ASSIGNED_CONTEXT ( ( #2668, #2564, #1065 ) ) REPRESENTATION_CONTEXT ( 'NONE', 'WORKASPACE' ) );
#4076 = DIRECTION ( 'NONE',  ( 0.000000000000000000, 0.000000000000000000, 1.000000000000000000 ) ) ;
#4077 = EDGE_CURVE ( 'NONE', #7238, #5155, #7277, .T. ) ;
#4078 = EDGE_LOOP ( 'NONE', ( #4752, #2671, #77, #2036 ) ) ;
#4079 = VERTEX_POINT ( 'NONE', #7774 ) ;
#4080 = DIRECTION ( 'NONE',  ( -1.000000000000000000, 0.000000000000000000, 0.000000000000000000 ) ) ;
#4081 = ORIENTED_EDGE ( 'NONE', *, *, #3863, .F. ) ;
#4082 = DIRECTION ( 'NONE',  ( 0.000000000000000000, 1.000000000000000000, 0.000000000000000000 ) ) ;
#4083 = EDGE_CURVE ( 'NONE', #9993, #7374, #3340, .T. ) ;
#4084 = VECTOR ( 'NONE', #7488, 1000.000000000000000 ) ;
#4085 = CARTESIAN_POINT ( 'NONE',  ( 2.950000000000000178, 0.05000000000000000278, 0.000000000000000000 ) ) ;
#4086 = EDGE_LOOP ( 'NONE', ( #5429, #6161, #9931, #7476 ) ) ;
#4087 = PLANE ( 'NONE',  #4286 ) ;
#4088 = CARTESIAN_POINT ( 'NONE',  ( -3.500000000000000000, 0.2000000000000005107, 2.425000000000000266 ) ) ;
#4089 = FACE_OUTER_BOUND ( 'NONE', #873, .T. ) ;
#4090 = EDGE_CURVE ( 'NONE', #2205, #5314, #4572, .T. ) ;
#4091 = ORIENTED_EDGE ( 'NONE', *, *, #1850, .F. ) ;
#4092 = CARTESIAN_POINT ( 'NONE',  ( 2.950000000000000178, 0.000000000000000000, -1.124999999999999334 ) ) ;
#4093 = AXIS2_PLACEMENT_3D ( 'NONE', #1604, #5567, #7147 ) ;
#4094 = PLANE ( 'NONE',  #6546 ) ;
#4095 = ORIENTED_EDGE ( 'NONE', *, *, #6375, .F. ) ;
#4096 = DIRECTION ( 'NONE',  ( 1.000000000000000000, -0.000000000000000000, -1.239088197126290570E-16 ) ) ;
#4097 = ORIENTED_EDGE ( 'NONE', *, *, #6102, .F. ) ;
#4098 = CARTESIAN_POINT ( 'NONE',  ( -0.8250000000000001776, 0.8264982043070834283, -3.500000000000000444 ) ) ;
#4099 = EDGE_CURVE ( 'NONE', #4553, #7803, #1248, .T. ) ;
#4100 = DIRECTION ( 'NONE',  ( 1.000000000000000000, 0.000000000000000000, -0.000000000000000000 ) ) ;
#4101 = EDGE_LOOP ( 'NONE', ( #2283, #3333, #6842, #4297 ) ) ;
#4102 = CARTESIAN_POINT ( 'NONE',  ( -2.950000000000000178, 0.1999999999999999833, 0.4749999999999997558 ) ) ;
#4103 = CARTESIAN_POINT ( 'NONE',  ( 0.1749999999999998224, 0.2000000000000000111, -2.950000000000000178 ) ) ;
#4104 = AXIS2_PLACEMENT_3D ( 'NONE', #7178, #9457, #2480 ) ;
#4105 = FILL_AREA_STYLE ('',( #190 ) ) ;
#4106 = ORIENTED_EDGE ( 'NONE', *, *, #8854, .F. ) ;
#4107 = PLANE ( 'NONE',  #8069 ) ;
#4108 = ADVANCED_FACE ( 'NONE', ( #6655 ), #2080, .F. ) ;
#4109 = DIRECTION ( 'NONE',  ( 0.000000000000000000, 1.000000000000000000, 0.000000000000000000 ) ) ;
#4110 = PLANE ( 'NONE',  #9410 ) ;
#4111 = ORIENTED_EDGE ( 'NONE', *, *, #7023, .T. ) ;
#4112 = ADVANCED_FACE ( 'NONE', ( #2492 ), #3054, .F. ) ;
#4113 = CARTESIAN_POINT ( 'NONE',  ( 0.000000000000000000, 0.2000000000000000111, 0.000000000000000000 ) ) ;
#4114 = ORIENTED_EDGE ( 'NONE', *, *, #7934, .F. ) ;
#4115 = DIRECTION ( 'NONE',  ( 0.000000000000000000, 1.000000000000000000, 0.000000000000000000 ) ) ;
#4116 =( GEOMETRIC_REPRESENTATION_CONTEXT ( 3 ) GLOBAL_UNCERTAINTY_ASSIGNED_CONTEXT ( ( #5627 ) ) GLOBAL_UNIT_ASSIGNED_CONTEXT ( ( #2284, #9479, #7338 ) ) REPRESENTATION_CONTEXT ( 'NONE', 'WORKASPACE' ) );
#4117 = CARTESIAN_POINT ( 'NONE',  ( -0.8250000000000010658, 0.000000000000000000, -2.950000000000000178 ) ) ;
#4118 = DIRECTION ( 'NONE',  ( -1.000000000000000000, 0.000000000000000000, 1.577021341797097215E-15 ) ) ;
#4119 = LINE ( 'NONE', #5519, #8521 ) ;
#4120 = UNCERTAINTY_MEASURE_WITH_UNIT (LENGTH_MEASURE( 1.000000000000000082E-05 ), #5012, 'distance_accuracy_value', 'NONE');
#4121 = VECTOR ( 'NONE', #7994, 1000.000000000000000 ) ;
#4122 = PLANE ( 'NONE',  #6384 ) ;
#4123 = EDGE_LOOP ( 'NONE', ( #3468, #8260, #2616, #2175 ) ) ;
#4124 = CARTESIAN_POINT ( 'NONE',  ( 3.500000000000000444, 0.1999999999999999833, 0.4749999999999997558 ) ) ;
#4125 = CARTESIAN_POINT ( 'NONE',  ( -3.500000000000000444, 0.8264982043070829842, 1.774999999999999689 ) ) ;
#4126 = ORIENTED_EDGE ( 'NONE', *, *, #4140, .F. ) ;
#4127 = LINE ( 'NONE', #9392, #3635 ) ;
#4128 = LINE ( 'NONE', #7854, #1655 ) ;
#4129 = VECTOR ( 'NONE', #7276, 1000.000000000000000 ) ;
#4130 = UNCERTAINTY_MEASURE_WITH_UNIT (LENGTH_MEASURE( 1.000000000000000082E-05 ), #6661, 'distance_accuracy_value', 'NONE');
#4131 = VERTEX_POINT ( 'NONE', #6190 ) ;
#4132 = EDGE_CURVE ( 'NONE', #8983, #9371, #6880, .T. ) ;
#4133 = PLANE ( 'NONE',  #2742 ) ;
#4134 = CARTESIAN_POINT ( 'NONE',  ( -0.4750000000000001443, 0.1999999999999999833, -3.500000000000000444 ) ) ;
#4135 = EDGE_LOOP ( 'NONE', ( #1844, #10094, #8650, #5232 ) ) ;
#4136 = SURFACE_SIDE_STYLE ('',( #2518 ) ) ;
#4137 = CARTESIAN_POINT ( 'NONE',  ( 0.000000000000000000, 0.2000000000000000111, 0.000000000000000000 ) ) ;
#4138 = ORIENTED_EDGE ( 'NONE', *, *, #1193, .T. ) ;
#4139 = DIRECTION ( 'NONE',  ( -1.000000000000000000, 0.000000000000000000, -0.000000000000000000 ) ) ;
#4140 = EDGE_CURVE ( 'NONE', #2584, #1607, #6034, .T. ) ;
#4141 = VECTOR ( 'NONE', #3719, 1000.000000000000000 ) ;
#4142 = FACE_OUTER_BOUND ( 'NONE', #5062, .T. ) ;
#4143 = EDGE_CURVE ( 'NONE', #8396, #6038, #8460, .T. ) ;
#4144 = DIRECTION ( 'NONE',  ( -0.000000000000000000, -0.000000000000000000, 1.000000000000000000 ) ) ;
#4145 = ORIENTED_EDGE ( 'NONE', *, *, #5718, .F. ) ;
#4146 = FACE_OUTER_BOUND ( 'NONE', #6046, .T. ) ;
#4147 = CARTESIAN_POINT ( 'NONE',  ( -2.950000000000000178, 0.000000000000000000, 1.475000000000000533 ) ) ;
#4148 = CARTESIAN_POINT ( 'NONE',  ( -2.950000000000000178, 0.000000000000000000, -2.424999999999999378 ) ) ;
#4149 = DIRECTION ( 'NONE',  ( 0.000000000000000000, -0.000000000000000000, 1.000000000000000000 ) ) ;
#4150 = LINE ( 'NONE', #1209, #2051 ) ;
#4151 = PLANE ( 'NONE',  #1689 ) ;
#4152 = DIRECTION ( 'NONE',  ( 0.000000000000000000, 0.000000000000000000, 1.000000000000000000 ) ) ;
#4153 = CARTESIAN_POINT ( 'NONE',  ( -3.500000000000000444, 0.8264982043070829842, -1.124999999999999334 ) ) ;
#4154 = VECTOR ( 'NONE', #4856, 1000.000000000000000 ) ;
#4155 = EDGE_CURVE ( 'NONE', #493, #8801, #6144, .T. ) ;
#4156 = ORIENTED_EDGE ( 'NONE', *, *, #6299, .T. ) ;
#4157 = DIRECTION ( 'NONE',  ( 0.000000000000000000, -1.000000000000000000, 0.000000000000000000 ) ) ;
#4158 = ORIENTED_EDGE ( 'NONE', *, *, #302, .T. ) ;
#4159 = VECTOR ( 'NONE', #4368, 1000.000000000000000 ) ;
#4160 = DIRECTION ( 'NONE',  ( 0.000000000000000000, -0.000000000000000000, 1.000000000000000000 ) ) ;
#4161 = EDGE_CURVE ( 'NONE', #2932, #1752, #5067, .T. ) ;
#4163 = VECTOR ( 'NONE', #3416, 1000.000000000000000 ) ;
#4162 = CARTESIAN_POINT ( 'NONE',  ( 2.950000000000000178, 0.8264982043070829842, -0.8250000000000001776 ) ) ;
#4164 = ORIENTED_EDGE ( 'NONE', *, *, #1902, .F. ) ;
#4165 = AXIS2_PLACEMENT_3D ( 'NONE', #2267, #7763, #4721 ) ;
#4166 = EDGE_CURVE ( 'NONE', #8529, #7882, #4450, .T. ) ;
#4167 = DIRECTION ( 'NONE',  ( 0.000000000000000000, 0.000000000000000000, 1.000000000000000000 ) ) ;
#4168 = ORIENTED_EDGE ( 'NONE', *, *, #9185, .F. ) ;
#4169 = ADVANCED_FACE ( 'NONE', ( #117 ), #2537, .T. ) ;
#4170 = EDGE_LOOP ( 'NONE', ( #3502, #1201, #4071, #1530 ) ) ;
#4171 = LINE ( 'NONE', #5674, #5997 ) ;
#4172 = ORIENTED_EDGE ( 'NONE', *, *, #8735, .T. ) ;
#4173 = FACE_OUTER_BOUND ( 'NONE', #745, .T. ) ;
#4174 = ADVANCED_FACE ( 'NONE', ( #5303 ), #905, .T. ) ;
#4175 =( LENGTH_UNIT ( ) NAMED_UNIT ( * ) SI_UNIT ( .MILLI., .METRE. ) );
#4176 = FACE_OUTER_BOUND ( 'NONE', #8465, .T. ) ;
#4177 = DIRECTION ( 'NONE',  ( 0.000000000000000000, -0.000000000000000000, 1.000000000000000000 ) ) ;
#4178 = DIRECTION ( 'NONE',  ( 1.000000000000000000, 0.000000000000000000, -0.000000000000000000 ) ) ;
#4180 = VERTEX_POINT ( 'NONE', #9443 ) ;
#4179 = CARTESIAN_POINT ( 'NONE',  ( 2.350000000000000089, 6.846803743153548005, 2.350000000000000533 ) ) ;
#4181 = VERTEX_POINT ( 'NONE', #6425 ) ;
#4182 = ORIENTED_EDGE ( 'NONE', *, *, #3156, .T. ) ;
#4183 = STYLED_ITEM ( 'NONE', ( #2582 ), #5316 ) ;
#4184 = LINE ( 'NONE', #4277, #7118 ) ;
#4185 = CARTESIAN_POINT ( 'NONE',  ( -2.424999999999999378, 0.000000000000000000, 2.950000000000001066 ) ) ;
#4186 = LINE ( 'NONE', #1598, #2836 ) ;
#4187 = DIRECTION ( 'NONE',  ( 1.000000000000000000, -0.000000000000000000, 0.000000000000000000 ) ) ;
#4188 = DIRECTION ( 'NONE',  ( 1.577021341797097215E-15, -0.000000000000000000, 1.000000000000000000 ) ) ;
#4189 = DIRECTION ( 'NONE',  ( 0.000000000000000000, 0.000000000000000000, 1.000000000000000000 ) ) ;
#4190 = DIRECTION ( 'NONE',  ( -0.000000000000000000, -1.000000000000000000, -0.000000000000000000 ) ) ;
#4191 = EDGE_LOOP ( 'NONE', ( #5287, #1233, #773, #7778 ) ) ;
#4192 = DIRECTION ( 'NONE',  ( -0.000000000000000000, -1.000000000000000000, -0.000000000000000000 ) ) ;
#4193 = ORIENTED_EDGE ( 'NONE', *, *, #2359, .F. ) ;
#4194 = LINE ( 'NONE', #7865, #4441 ) ;
#4195 = CARTESIAN_POINT ( 'NONE',  ( -3.500000000000000444, 0.8264982043070829842, 0.8250000000000006217 ) ) ;
#4196 = VECTOR ( 'NONE', #8207, 1000.000000000000000 ) ;
#4197 =( GEOMETRIC_REPRESENTATION_CONTEXT ( 3 ) GLOBAL_UNCERTAINTY_ASSIGNED_CONTEXT ( ( #4120 ) ) GLOBAL_UNIT_ASSIGNED_CONTEXT ( ( #5012, #6569, #7375 ) ) REPRESENTATION_CONTEXT ( 'NONE', 'WORKASPACE' ) );
#4198 = DIRECTION ( 'NONE',  ( -0.000000000000000000, -1.000000000000000000, -0.000000000000000000 ) ) ;
#4199 = VERTEX_POINT ( 'NONE', #9405 ) ;
#4200 = ORIENTED_EDGE ( 'NONE', *, *, #4888, .T. ) ;
#4201 = ORIENTED_EDGE ( 'NONE', *, *, #6554, .F. ) ;
#4202 = DIRECTION ( 'NONE',  ( -1.000000000000000000, 0.000000000000000000, -0.000000000000000000 ) ) ;
#4203 = EDGE_LOOP ( 'NONE', ( #5530, #6069, #2755, #4525 ) ) ;
#4204 = ORIENTED_EDGE ( 'NONE', *, *, #4946, .F. ) ;
#4205 = CARTESIAN_POINT ( 'NONE',  ( -2.950000000000000178, 0.1999999999999999833, -1.124999999999999334 ) ) ;
#4206 = LINE ( 'NONE', #9349, #7003 ) ;
#4207 = VERTEX_POINT ( 'NONE', #5515 ) ;
#4208 = LINE ( 'NONE', #1592, #9946 ) ;
#4209 = ORIENTED_EDGE ( 'NONE', *, *, #6956, .F. ) ;
#4210 = ORIENTED_EDGE ( 'NONE', *, *, #7114, .F. ) ;
#4211 = SURFACE_STYLE_USAGE ( .BOTH. , #4136 ) ;
#4212 = AXIS2_PLACEMENT_3D ( 'NONE', #2218, #4470, #1336 ) ;
#4213 = CARTESIAN_POINT ( 'NONE',  ( 2.950000000000000178, 0.8264982043070829842, 2.125000000000000888 ) ) ;
#4214 = VECTOR ( 'NONE', #3673, 1000.000000000000000 ) ;
#4215 = CARTESIAN_POINT ( 'NONE',  ( -2.950000000000000178, 0.8264982043070829842, -1.475000000000000089 ) ) ;
#4216 = VERTEX_POINT ( 'NONE', #2471 ) ;
#4217 = EDGE_CURVE ( 'NONE', #7649, #7965, #4208, .T. ) ;
#4218 = VECTOR ( 'NONE', #7382, 1000.000000000000000 ) ;
#4219 = VERTEX_POINT ( 'NONE', #6395 ) ;
#4220 = CARTESIAN_POINT ( 'NONE',  ( -0.4749999999999993117, 0.2000000000000000111, 2.950000000000001066 ) ) ;
#4221 = EDGE_CURVE ( 'NONE', #3440, #864, #609, .T. ) ;
#4222 = ADVANCED_FACE ( 'NONE', ( #2217 ), #140, .T. ) ;
#4223 = CARTESIAN_POINT ( 'NONE',  ( -0.1750000000000002387, 0.8264982043070834283, 2.950000000000001066 ) ) ;
#4224 = ORIENTED_EDGE ( 'NONE', *, *, #3483, .T. ) ;
#4225 = CARTESIAN_POINT ( 'NONE',  ( -2.350000000000000089, 6.846803743153548005, -2.350000000000000533 ) ) ;
#4227 = EDGE_CURVE ( 'NONE', #1088, #3201, #4561, .T. ) ;
#4226 = VECTOR ( 'NONE', #495, 1000.000000000000000 ) ;
#4228 = CARTESIAN_POINT ( 'NONE',  ( -0.1750000000000002387, 0.000000000000000000, -3.500000000000000444 ) ) ;
#4229 = ADVANCED_FACE ( 'NONE', ( #9211 ), #7232, .F. ) ;
#4230 = ORIENTED_EDGE ( 'NONE', *, *, #4419, .F. ) ;
#4231 = EDGE_CURVE ( 'NONE', #8197, #3586, #2612, .T. ) ;
#4232 = DIRECTION ( 'NONE',  ( -0.000000000000000000, -1.000000000000000000, -0.000000000000000000 ) ) ;
#4233 = CARTESIAN_POINT ( 'NONE',  ( -2.950000000000000178, 0.1999999999999999833, 2.125000000000000888 ) ) ;
#4234 = EDGE_LOOP ( 'NONE', ( #5034, #7427, #4437, #7364 ) ) ;
#4235 = SURFACE_STYLE_USAGE ( .BOTH. , #4924 ) ;
#4236 = FACE_OUTER_BOUND ( 'NONE', #5639, .T. ) ;
#4237 = VERTEX_POINT ( 'NONE', #6358 ) ;
#4238 = DIRECTION ( 'NONE',  ( 0.000000000000000000, 0.000000000000000000, -1.000000000000000000 ) ) ;
#4239 = VERTEX_POINT ( 'NONE', #5620 ) ;
#4240 = PLANE ( 'NONE',  #9476 ) ;
#4241 = CARTESIAN_POINT ( 'NONE',  ( 0.000000000000000000, 0.2000000000000000111, 0.000000000000000000 ) ) ;
#4242 = AXIS2_PLACEMENT_3D ( 'NONE', #8242, #4356, #6706 ) ;
#4243 = COLOUR_RGB ( '',0.7921568627450980005, 0.8196078431372548767, 0.9333333333333333481 ) ;
#4244 = VECTOR ( 'NONE', #7794, 1000.000000000000000 ) ;
#4245 = ORIENTED_EDGE ( 'NONE', *, *, #7691, .T. ) ;
#4246 = DIRECTION ( 'NONE',  ( 0.000000000000000000, -1.000000000000000000, 0.000000000000000000 ) ) ;
#4247 = EDGE_LOOP ( 'NONE', ( #1790, #197, #9120, #625 ) ) ;
#4248 = CARTESIAN_POINT ( 'NONE',  ( -2.950000000000000178, 0.8264982043070829842, 1.124999999999999778 ) ) ;
#4249 = LINE ( 'NONE', #6811, #7564 ) ;
#4250 = ORIENTED_EDGE ( 'NONE', *, *, #771, .T. ) ;
#4251 = FACE_OUTER_BOUND ( 'NONE', #5188, .T. ) ;
#4252 = DIRECTION ( 'NONE',  ( 1.000000000000000000, -0.000000000000000000, -0.000000000000000000 ) ) ;
#4253 =( NAMED_UNIT ( * ) SI_UNIT ( $, .STERADIAN. ) SOLID_ANGLE_UNIT ( ) );
#4254 = VECTOR ( 'NONE', #7436, 1000.000000000000000 ) ;
#4255 = DIRECTION ( 'NONE',  ( -0.000000000000000000, 0.000000000000000000, 1.000000000000000000 ) ) ;
#4256 = DIRECTION ( 'NONE',  ( -0.000000000000000000, -1.000000000000000000, -0.000000000000000000 ) ) ;
#4257 = AXIS2_PLACEMENT_3D ( 'NONE', #1424, #9928, #9239 ) ;
#4258 = PLANE ( 'NONE',  #2648 ) ;
#4259 = ORIENTED_EDGE ( 'NONE', *, *, #3863, .T. ) ;
#4260 = PLANE ( 'NONE',  #6847 ) ;
#4261 = ORIENTED_EDGE ( 'NONE', *, *, #4612, .F. ) ;
#4262 = ORIENTED_EDGE ( 'NONE', *, *, #9927, .F. ) ;
#4263 = PRESENTATION_STYLE_ASSIGNMENT (( #4235 ) ) ;
#4264 = DIRECTION ( 'NONE',  ( 1.000000000000000000, -0.000000000000000000, 0.000000000000000000 ) ) ;
#4265 = VECTOR ( 'NONE', #1679, 1000.000000000000000 ) ;
#4266 = CARTESIAN_POINT ( 'NONE',  ( -2.950000000000000178, 0.8264982043070829842, -1.475000000000000089 ) ) ;
#4267 = CARTESIAN_POINT ( 'NONE',  ( 2.425000000000000266, 0.2000000000000000111, 2.950000000000001066 ) ) ;
#4268 = ORIENTED_EDGE ( 'NONE', *, *, #7230, .T. ) ;
#4269 = VECTOR ( 'NONE', #5151, 1000.000000000000000 ) ;
#4270 = ADVANCED_FACE ( 'NONE', ( #8228 ), #4732, .T. ) ;
#4271 = AXIS2_PLACEMENT_3D ( 'NONE', #7724, #3959, #4100 ) ;
#4272 = FACE_OUTER_BOUND ( 'NONE', #2576, .T. ) ;
#4273 = EDGE_CURVE ( 'NONE', #3452, #7514, #240, .T. ) ;
#4274 = DIRECTION ( 'NONE',  ( -1.000000000000000000, -0.000000000000000000, -0.000000000000000000 ) ) ;
#4275 = VECTOR ( 'NONE', #1329, 1000.000000000000000 ) ;
#4276 = ADVANCED_FACE ( 'NONE', ( #7145 ), #4014, .F. ) ;
#4277 = CARTESIAN_POINT ( 'NONE',  ( 3.500000000000000444, 0.05000000000000000278, 3.499999999999999556 ) ) ;
#4278 = EDGE_CURVE ( 'NONE', #3363, #6229, #5190, .T. ) ;
#4279 = ORIENTED_EDGE ( 'NONE', *, *, #4166, .F. ) ;
#4280 = CARTESIAN_POINT ( 'NONE',  ( -0.1750000000000010991, 0.1999999999999999833, -2.950000000000000178 ) ) ;
#4281 = FACE_OUTER_BOUND ( 'NONE', #8428, .T. ) ;
#4282 = VECTOR ( 'NONE', #2414, 1000.000000000000000 ) ;
#4283 = EDGE_CURVE ( 'NONE', #9467, #10063, #6516, .T. ) ;
#4284 = ORIENTED_EDGE ( 'NONE', *, *, #5536, .F. ) ;
#4285 = PLANE ( 'NONE',  #2554 ) ;
#4286 = AXIS2_PLACEMENT_3D ( 'NONE', #5754, #200, #1039 ) ;
#4287 = ORIENTED_EDGE ( 'NONE', *, *, #1765, .T. ) ;
#4288 = FACE_OUTER_BOUND ( 'NONE', #9175, .T. ) ;
#4289 = CARTESIAN_POINT ( 'NONE',  ( -1.475000000000000977, 0.1999999999999999833, -2.950000000000000178 ) ) ;
#4290 = PLANE ( 'NONE',  #5670 ) ;
#4291 = FACE_OUTER_BOUND ( 'NONE', #1133, .T. ) ;
#4292 = EDGE_CURVE ( 'NONE', #4054, #3254, #6268, .T. ) ;
#4293 = VECTOR ( 'NONE', #689, 1000.000000000000000 ) ;
#4294 = ORIENTED_EDGE ( 'NONE', *, *, #5576, .F. ) ;
#4295 = DIRECTION ( 'NONE',  ( -0.000000000000000000, -1.000000000000000000, -0.000000000000000000 ) ) ;
#4296 = DIRECTION ( 'NONE',  ( -0.000000000000000000, -1.000000000000000000, -0.000000000000000000 ) ) ;
#4297 = ORIENTED_EDGE ( 'NONE', *, *, #9981, .T. ) ;
#4298 = DIRECTION ( 'NONE',  ( -1.000000000000000000, 0.000000000000000000, 0.000000000000000000 ) ) ;
#4299 = DIRECTION ( 'NONE',  ( 1.000000000000000000, 0.000000000000000000, -0.000000000000000000 ) ) ;
#4300 = FACE_OUTER_BOUND ( 'NONE', #5138, .T. ) ;
#4301 = EDGE_CURVE ( 'NONE', #1240, #959, #8968, .T. ) ;
#4302 = ORIENTED_EDGE ( 'NONE', *, *, #913, .T. ) ;
#4303 = FACE_OUTER_BOUND ( 'NONE', #393, .T. ) ;
#4304 = DIRECTION ( 'NONE',  ( -1.000000000000000000, 0.000000000000000000, 0.000000000000000000 ) ) ;
#4305 = LINE ( 'NONE', #3117, #8206 ) ;
#4306 = ORIENTED_EDGE ( 'NONE', *, *, #5926, .T. ) ;
#4307 = DIRECTION ( 'NONE',  ( 0.000000000000000000, 0.000000000000000000, -1.000000000000000000 ) ) ;
#4308 = VECTOR ( 'NONE', #3935, 1000.000000000000000 ) ;
#4309 = DIRECTION ( 'NONE',  ( 0.000000000000000000, -1.000000000000000000, 0.000000000000000000 ) ) ;
#4310 = FACE_OUTER_BOUND ( 'NONE', #4247, .T. ) ;
#4311 = DIRECTION ( 'NONE',  ( -0.000000000000000000, -1.000000000000000000, -0.000000000000000000 ) ) ;
#4312 = DIRECTION ( 'NONE',  ( 1.000000000000000000, 0.000000000000000000, 0.000000000000000000 ) ) ;
#4314 = LINE ( 'NONE', #8796, #6010 ) ;
#4313 = DIRECTION ( 'NONE',  ( 0.000000000000000000, -1.000000000000000000, 0.000000000000000000 ) ) ;
#4315 = ORIENTED_EDGE ( 'NONE', *, *, #9122, .F. ) ;
#4316 = AXIS2_PLACEMENT_3D ( 'NONE', #2977, #6176, #7823 ) ;
#4317 = EDGE_LOOP ( 'NONE', ( #8960, #5193, #3709, #3105 ) ) ;
#4318 = ORIENTED_EDGE ( 'NONE', *, *, #2033, .T. ) ;
#4319 = VECTOR ( 'NONE', #6362, 1000.000000000000000 ) ;
#4320 = DIRECTION ( 'NONE',  ( -1.000000000000000000, 0.000000000000000000, 0.000000000000000000 ) ) ;
#4321 = ADVANCED_FACE ( 'NONE', ( #3460 ), #9619, .F. ) ;
#4322 = DIRECTION ( 'NONE',  ( -1.000000000000000000, 0.000000000000000000, 0.000000000000000000 ) ) ;
#4323 = VECTOR ( 'NONE', #1492, 1000.000000000000000 ) ;
#4324 = CARTESIAN_POINT ( 'NONE',  ( 0.4750000000000005884, 0.2000000000000005107, 3.500000000000000000 ) ) ;
#4325 = ORIENTED_EDGE ( 'NONE', *, *, #8664, .F. ) ;
#4327 = VERTEX_POINT ( 'NONE', #1792 ) ;
#4326 = ADVANCED_FACE ( 'NONE', ( #10189 ), #296, .T. ) ;
#4328 = ORIENTED_EDGE ( 'NONE', *, *, #4341, .F. ) ;
#4329 = DIRECTION ( 'NONE',  ( 1.000000000000000000, 0.000000000000000000, 0.000000000000000000 ) ) ;
#4330 = LINE ( 'NONE', #5063, #4084 ) ;
#4331 = DIRECTION ( 'NONE',  ( -0.000000000000000000, 0.000000000000000000, 1.000000000000000000 ) ) ;
#4332 = ORIENTED_EDGE ( 'NONE', *, *, #6043, .T. ) ;
#4333 = STYLED_ITEM ( 'NONE', ( #5642 ), #7767 ) ;
#4334 = DIRECTION ( 'NONE',  ( -1.000000000000000000, 0.000000000000000000, -0.000000000000000000 ) ) ;
#4335 = LINE ( 'NONE', #7442, #9839 ) ;
#4336 = EDGE_CURVE ( 'NONE', #6634, #9604, #3210, .T. ) ;
#4337 = DIRECTION ( 'NONE',  ( 0.000000000000000000, 0.000000000000000000, -1.000000000000000000 ) ) ;
#4338 = VERTEX_POINT ( 'NONE', #5815 ) ;
#4339 = ORIENTED_EDGE ( 'NONE', *, *, #3995, .F. ) ;
#4340 = CARTESIAN_POINT ( 'NONE',  ( -1.475000000000000977, 0.2000000000000000111, -2.950000000000000178 ) ) ;
#4341 = EDGE_CURVE ( 'NONE', #6659, #8231, #3097, .T. ) ;
#4342 = VERTEX_POINT ( 'NONE', #6598 ) ;
#4343 = SURFACE_SIDE_STYLE ('',( #7030 ) ) ;
#4344 = LINE ( 'NONE', #4743, #136 ) ;
#4345 = EDGE_CURVE ( 'NONE', #5302, #8509, #9458, .T. ) ;
#4346 = PLANE ( 'NONE',  #1409 ) ;
#4347 = CARTESIAN_POINT ( 'NONE',  ( 0.4749999999999997558, 0.1999999999999999833, 2.950000000000001066 ) ) ;
#4348 = ORIENTED_EDGE ( 'NONE', *, *, #1158, .F. ) ;
#4349 = DIRECTION ( 'NONE',  ( 0.000000000000000000, 0.000000000000000000, 1.000000000000000000 ) ) ;
#4350 = EDGE_CURVE ( 'NONE', #1515, #6782, #2481, .T. ) ;
#4351 = ORIENTED_EDGE ( 'NONE', *, *, #7434, .T. ) ;
#4352 = LINE ( 'NONE', #5166, #6050 ) ;
#4353 = DIRECTION ( 'NONE',  ( 1.000000000000000000, 0.000000000000000000, -0.000000000000000000 ) ) ;
#4354 = EDGE_CURVE ( 'NONE', #7718, #2740, #6642, .T. ) ;
#4355 = EDGE_LOOP ( 'NONE', ( #10050, #7997, #3799, #3243 ) ) ;
#4356 = DIRECTION ( 'NONE',  ( -1.000000000000000000, 0.000000000000000000, 0.000000000000000000 ) ) ;
#4357 =( NAMED_UNIT ( * ) PLANE_ANGLE_UNIT ( ) SI_UNIT ( $, .RADIAN. ) );
#4358 = VERTEX_POINT ( 'NONE', #8117 ) ;
#4359 = DIRECTION ( 'NONE',  ( -0.000000000000000000, 0.000000000000000000, -1.000000000000000000 ) ) ;
#4360 = EDGE_CURVE ( 'NONE', #1004, #3906, #6390, .T. ) ;
#4361 = LINE ( 'NONE', #309, #6177 ) ;
#4362 = AXIS2_PLACEMENT_3D ( 'NONE', #1173, #2738, #2802 ) ;
#4363 = PLANE ( 'NONE',  #7770 ) ;
#4364 = EDGE_CURVE ( 'NONE', #7709, #156, #2858, .T. ) ;
#4365 = ORIENTED_EDGE ( 'NONE', *, *, #7031, .F. ) ;
#4366 = CARTESIAN_POINT ( 'NONE',  ( 3.500000000000000444, 0.8264982043070829842, -1.774999999999999245 ) ) ;
#4367 = ORIENTED_EDGE ( 'NONE', *, *, #3814, .F. ) ;
#4368 = DIRECTION ( 'NONE',  ( 1.577021341797097215E-15, -0.000000000000000000, 1.000000000000000000 ) ) ;
#4369 = CARTESIAN_POINT ( 'NONE',  ( 2.950000000000000178, 0.1999999999999999833, -0.4749999999999993117 ) ) ;
#4370 = PLANE ( 'NONE',  #5955 ) ;
#4371 = VECTOR ( 'NONE', #2611, 1000.000000000000000 ) ;
#4372 = ORIENTED_EDGE ( 'NONE', *, *, #1311, .T. ) ;
#4373 = LINE ( 'NONE', #3125, #3016 ) ;
#4374 = ADVANCED_FACE ( 'NONE', ( #741 ), #6461, .F. ) ;
#4375 = VECTOR ( 'NONE', #6932, 1000.000000000000000 ) ;
#4376 = ORIENTED_EDGE ( 'NONE', *, *, #9971, .T. ) ;
#4377 = DIRECTION ( 'NONE',  ( -0.000000000000000000, 0.000000000000000000, -1.000000000000000000 ) ) ;
#4378 = PLANE ( 'NONE',  #3891 ) ;
#4379 = ADVANCED_FACE ( 'NONE', ( #4694 ), #7272, .T. ) ;
#4380 = CARTESIAN_POINT ( 'NONE',  ( 2.950000000000000178, 0.8264982043070829842, 0.4749999999999997558 ) ) ;
#4381 = VERTEX_POINT ( 'NONE', #8927 ) ;
#4382 = FACE_OUTER_BOUND ( 'NONE', #4514, .T. ) ;
#4383 = DIRECTION ( 'NONE',  ( 0.000000000000000000, 1.000000000000000000, 0.000000000000000000 ) ) ;
#4384 = VECTOR ( 'NONE', #671, 1000.000000000000000 ) ;
#4385 = LINE ( 'NONE', #8646, #172 ) ;
#4386 = VERTEX_POINT ( 'NONE', #1827 ) ;
#4387 = CARTESIAN_POINT ( 'NONE',  ( -3.500000000000000444, 0.8264982043070829842, 0.4749999999999997558 ) ) ;
#4388 = VERTEX_POINT ( 'NONE', #1759 ) ;
#4389 = LINE ( 'NONE', #5116, #8910 ) ;
#4390 = CARTESIAN_POINT ( 'NONE',  ( 2.950000000000000178, 0.000000000000000000, -0.8250000000000001776 ) ) ;
#4391 = DIRECTION ( 'NONE',  ( -1.000000000000000000, 0.000000000000000000, 0.000000000000000000 ) ) ;
#4392 = LINE ( 'NONE', #1274, #3881 ) ;
#4393 = SURFACE_SIDE_STYLE ('',( #7061 ) ) ;
#4394 = CARTESIAN_POINT ( 'NONE',  ( 2.425000000000000266, 0.1999999999999999833, 2.950000000000001066 ) ) ;
#4395 = LINE ( 'NONE', #5690, #9886 ) ;
#4396 = DIRECTION ( 'NONE',  ( 0.000000000000000000, -1.000000000000000000, 0.000000000000000000 ) ) ;
#4397 = ORIENTED_EDGE ( 'NONE', *, *, #6621, .F. ) ;
#4398 = CARTESIAN_POINT ( 'NONE',  ( -2.950000000000000178, 0.000000000000000000, 1.774999999999999689 ) ) ;
#4399 = SURFACE_STYLE_FILL_AREA ( #934 ) ;
#4400 = VECTOR ( 'NONE', #9105, 1000.000000000000000 ) ;
#4401 = ORIENTED_EDGE ( 'NONE', *, *, #2958, .F. ) ;
#4402 = PRESENTATION_LAYER_ASSIGNMENT (  '', '', ( #6878 ) ) ;
#4403 = DIRECTION ( 'NONE',  ( 1.000000000000000000, -0.000000000000000000, 0.000000000000000000 ) ) ;
#4404 = CLOSED_SHELL ( 'NONE', ( #8557, #7661, #2923, #9755, #4472, #2514 ) ) ;
#4405 = VECTOR ( 'NONE', #2754, 1000.000000000000000 ) ;
#4406 = EDGE_CURVE ( 'NONE', #6038, #8253, #3950, .T. ) ;
#4407 = SURFACE_STYLE_FILL_AREA ( #7194 ) ;
#4408 = CARTESIAN_POINT ( 'NONE',  ( 1.774999999999999689, 0.2000000000000002054, -3.500000000000000444 ) ) ;
#4409 = FACE_OUTER_BOUND ( 'NONE', #2531, .T. ) ;
#4410 = DIRECTION ( 'NONE',  ( 0.000000000000000000, 1.000000000000000000, 0.000000000000000000 ) ) ;
#4411 = EDGE_LOOP ( 'NONE', ( #9949, #4048, #8481, #2387 ) ) ;
#4412 = EDGE_CURVE ( 'NONE', #3812, #5715, #1602, .T. ) ;
#4414 = ORIENTED_EDGE ( 'NONE', *, *, #4474, .T. ) ;
#4413 = DIRECTION ( 'NONE',  ( -1.577021341797097215E-15, 0.000000000000000000, 1.000000000000000000 ) ) ;
#4415 = ORIENTED_EDGE ( 'NONE', *, *, #5902, .T. ) ;
#4416 = VECTOR ( 'NONE', #3843, 1000.000000000000000 ) ;
#4417 = DIRECTION ( 'NONE',  ( -0.000000000000000000, -0.000000000000000000, 1.000000000000000000 ) ) ;
#4418 = LINE ( 'NONE', #9367, #91 ) ;
#4419 = EDGE_CURVE ( 'NONE', #10180, #5277, #489, .T. ) ;
#4420 = CARTESIAN_POINT ( 'NONE',  ( 2.350000000000000089, 0.1999999999999996503, 2.350000000000000533 ) ) ;
#4421 = LINE ( 'NONE', #2501, #2311 ) ;
#4422 = SURFACE_SIDE_STYLE ('',( #1236 ) ) ;
#4423 = ADVANCED_FACE ( 'NONE', ( #1364 ), #2843, .F. ) ;
#4424 = STYLED_ITEM ( 'NONE', ( #7810 ), #1080 ) ;
#4425 = CARTESIAN_POINT ( 'NONE',  ( -2.950000000000000178, 0.1999999999999999833, -0.8250000000000001776 ) ) ;
#4426 = ORIENTED_EDGE ( 'NONE', *, *, #3758, .F. ) ;
#4427 = DIRECTION ( 'NONE',  ( 0.000000000000000000, 1.000000000000000000, 0.000000000000000000 ) ) ;
#4428 = EDGE_LOOP ( 'NONE', ( #2128, #4570, #3530, #3687 ) ) ;
#4429 = ORIENTED_EDGE ( 'NONE', *, *, #9732, .T. ) ;
#4430 = ADVANCED_FACE ( 'NONE', ( #5789 ), #8997, .F. ) ;
#4431 = LINE ( 'NONE', #7631, #844 ) ;
#4432 = DIRECTION ( 'NONE',  ( -0.000000000000000000, -1.000000000000000000, -0.000000000000000000 ) ) ;
#4433 = DIRECTION ( 'NONE',  ( 0.000000000000000000, -1.000000000000000000, 0.000000000000000000 ) ) ;
#4434 = VECTOR ( 'NONE', #6866, 1000.000000000000000 ) ;
#4435 = CARTESIAN_POINT ( 'NONE',  ( -0.8250000000000010658, 0.2000000000000000111, -2.950000000000000178 ) ) ;
#4436 = ORIENTED_EDGE ( 'NONE', *, *, #5057, .F. ) ;
#4437 = ORIENTED_EDGE ( 'NONE', *, *, #6751, .T. ) ;
#4438 = CARTESIAN_POINT ( 'NONE',  ( 2.950000000000000178, 0.1999999999999999833, 1.774999999999999689 ) ) ;
#4439 = AXIS2_PLACEMENT_3D ( 'NONE', #601, #5391, #6070 ) ;
#4440 = CLOSED_SHELL ( 'NONE', ( #9036, #584, #4784, #9606, #4374, #1618 ) ) ;
#4441 = VECTOR ( 'NONE', #6317, 1000.000000000000000 ) ;
#4442 = CARTESIAN_POINT ( 'NONE',  ( 2.424999999999999378, 0.000000000000000000, -2.950000000000000178 ) ) ;
#4443 = CARTESIAN_POINT ( 'NONE',  ( 3.899999999999999911, 0.000000000000000000, 0.000000000000000000 ) ) ;
#4444 = ORIENTED_EDGE ( 'NONE', *, *, #1819, .F. ) ;
#4445 = ORIENTED_EDGE ( 'NONE', *, *, #7031, .T. ) ;
#4446 = ORIENTED_EDGE ( 'NONE', *, *, #1178, .T. ) ;
#4447 = FACE_OUTER_BOUND ( 'NONE', #4500, .T. ) ;
#4448 = CARTESIAN_POINT ( 'NONE',  ( -3.500000000000000444, 0.1999999999999999833, -2.424999999999999378 ) ) ;
#4449 = MANIFOLD_SOLID_BREP ( 'Boss-Extrude2[2]', #1600 ) ;
#4450 = LINE ( 'NONE', #2884, #8848 ) ;
#4451 = STYLED_ITEM ( 'NONE', ( #1671 ), #5945 ) ;
#4452 =( LENGTH_UNIT ( ) NAMED_UNIT ( * ) SI_UNIT ( .MILLI., .METRE. ) );
#4453 = ORIENTED_EDGE ( 'NONE', *, *, #1314, .T. ) ;
#4454 = ORIENTED_EDGE ( 'NONE', *, *, #3933, .F. ) ;
#4455 = DIRECTION ( 'NONE',  ( 0.000000000000000000, 0.000000000000000000, -1.000000000000000000 ) ) ;
#4456 = SURFACE_STYLE_FILL_AREA ( #2020 ) ;
#4457 = CARTESIAN_POINT ( 'NONE',  ( -2.424999999999999378, 0.2000000000000000111, 2.950000000000001066 ) ) ;
#4458 = ORIENTED_EDGE ( 'NONE', *, *, #5513, .T. ) ;
#4459 = CARTESIAN_POINT ( 'NONE',  ( 1.124999999999998890, 0.2000000000000000111, -2.950000000000000178 ) ) ;
#4460 = STYLED_ITEM ( 'NONE', ( #8153 ), #10005 ) ;
#4461 = LINE ( 'NONE', #8520, #5925 ) ;
#4462 = DIRECTION ( 'NONE',  ( -1.000000000000000000, 0.000000000000000000, 0.000000000000000000 ) ) ;
#4463 = ORIENTED_EDGE ( 'NONE', *, *, #4155, .F. ) ;
#4464 = CARTESIAN_POINT ( 'NONE',  ( -0.1750000000000002387, 0.2000000000000000111, 2.950000000000001066 ) ) ;
#4465 = DIRECTION ( 'NONE',  ( 1.000000000000000000, 0.000000000000000000, 0.000000000000000000 ) ) ;
#4466 = MECHANICAL_DESIGN_GEOMETRIC_PRESENTATION_REPRESENTATION (  '', ( #8313 ), #7078 ) ;
#4467 = CARTESIAN_POINT ( 'NONE',  ( 0.000000000000000000, 0.05000000000000000278, 2.425000000000000266 ) ) ;
#4468 = ORIENTED_EDGE ( 'NONE', *, *, #7646, .F. ) ;
#4469 = EDGE_CURVE ( 'NONE', #7330, #1680, #8839, .T. ) ;
#4470 = DIRECTION ( 'NONE',  ( 0.000000000000000000, -0.000000000000000000, 1.000000000000000000 ) ) ;
#4471 = LINE ( 'NONE', #2159, #2375 ) ;
#4472 = ADVANCED_FACE ( 'NONE', ( #7623 ), #5212, .F. ) ;
#4473 = ORIENTED_EDGE ( 'NONE', *, *, #10032, .T. ) ;
#4474 = EDGE_CURVE ( 'NONE', #4620, #5593, #7993, .T. ) ;
#4475 = DIRECTION ( 'NONE',  ( -1.000000000000000000, 0.000000000000000000, -0.000000000000000000 ) ) ;
#4476 = DIRECTION ( 'NONE',  ( -0.000000000000000000, -1.000000000000000000, -0.000000000000000000 ) ) ;
#4477 = ADVANCED_FACE ( 'NONE', ( #3087 ), #7571, .F. ) ;
#4479 = EDGE_CURVE ( 'NONE', #375, #1333, #5415, .T. ) ;
#4478 = LINE ( 'NONE', #2661, #3002 ) ;
#4480 = ORIENTED_EDGE ( 'NONE', *, *, #7637, .T. ) ;
#4481 = CARTESIAN_POINT ( 'NONE',  ( 1.774999999999998801, 0.000000000000000000, -2.950000000000000178 ) ) ;
#4482 = EDGE_CURVE ( 'NONE', #6917, #6927, #5903, .T. ) ;
#4483 = VERTEX_POINT ( 'NONE', #1185 ) ;
#4484 = EDGE_CURVE ( 'NONE', #9702, #2509, #9325, .T. ) ;
#4485 = FACE_OUTER_BOUND ( 'NONE', #5222, .T. ) ;
#4486 = PLANE ( 'NONE',  #5055 ) ;
#4487 = ORIENTED_EDGE ( 'NONE', *, *, #2904, .T. ) ;
#4488 = CARTESIAN_POINT ( 'NONE',  ( -3.500000000000000000, 0.05000000000000000278, 3.500000000000000444 ) ) ;
#4489 = DIRECTION ( 'NONE',  ( 0.000000000000000000, -1.000000000000000000, 0.000000000000000000 ) ) ;
#4490 = EDGE_CURVE ( 'NONE', #9686, #7388, #1353, .T. ) ;
#4491 = AXIS2_PLACEMENT_3D ( 'NONE', #762, #8575, #6257 ) ;
#4492 = PRESENTATION_LAYER_ASSIGNMENT (  '', '', ( #448 ) ) ;
#4493 = DIRECTION ( 'NONE',  ( 0.000000000000000000, -0.000000000000000000, 1.000000000000000000 ) ) ;
#4494 = LINE ( 'NONE', #5898, #3997 ) ;
#4495 = ORIENTED_EDGE ( 'NONE', *, *, #4865, .T. ) ;
#4496 = FACE_OUTER_BOUND ( 'NONE', #6237, .T. ) ;
#4497 = CARTESIAN_POINT ( 'NONE',  ( 2.125000000000000000, 0.000000000000000000, -2.950000000000000178 ) ) ;
#4498 = VERTEX_POINT ( 'NONE', #4390 ) ;
#4499 = CARTESIAN_POINT ( 'NONE',  ( -0.4749999999999993117, 0.8264982043070834283, 2.950000000000001066 ) ) ;
#4500 = EDGE_LOOP ( 'NONE', ( #7567, #4910, #3808, #323 ) ) ;
#4501 = FACE_OUTER_BOUND ( 'NONE', #703, .T. ) ;
#4502 = FACE_OUTER_BOUND ( 'NONE', #7502, .T. ) ;
#4503 = LINE ( 'NONE', #8534, #9997 ) ;
#4504 = DIRECTION ( 'NONE',  ( 0.000000000000000000, 1.000000000000000000, 0.000000000000000000 ) ) ;
#4505 = AXIS2_PLACEMENT_3D ( 'NONE', #5692, #1868, #6489 ) ;
#4506 = DIRECTION ( 'NONE',  ( 1.000000000000000000, -0.000000000000000000, 0.000000000000000000 ) ) ;
#4507 = ORIENTED_EDGE ( 'NONE', *, *, #6690, .T. ) ;
#4508 = LINE ( 'NONE', #511, #8527 ) ;
#4509 = CARTESIAN_POINT ( 'NONE',  ( 0.000000000000000000, 0.05000000000000000278, -2.424999999999999378 ) ) ;
#4510 = VERTEX_POINT ( 'NONE', #9754 ) ;
#4511 = CARTESIAN_POINT ( 'NONE',  ( 3.500000000000000444, 0.1999999999999999833, -0.8250000000000001776 ) ) ;
#4512 = ADVANCED_FACE ( 'NONE', ( #2341, #229 ), #3561, .T. ) ;
#4513 = PLANE ( 'NONE',  #5830 ) ;
#4514 = EDGE_LOOP ( 'NONE', ( #3325, #9177, #2999, #6424 ) ) ;
#4515 = DIRECTION ( 'NONE',  ( 1.000000000000000000, -0.000000000000000000, 0.000000000000000000 ) ) ;
#4516 = SURFACE_SIDE_STYLE ('',( #6452 ) ) ;
#4517 = LINE ( 'NONE', #6079, #1558 ) ;
#4518 = EDGE_CURVE ( 'NONE', #5638, #8256, #7264, .T. ) ;
#4519 = ADVANCED_FACE ( 'NONE', ( #10175 ), #1143, .F. ) ;
#4520 = VECTOR ( 'NONE', #9006, 1000.000000000000000 ) ;
#4521 = ORIENTED_EDGE ( 'NONE', *, *, #1101, .T. ) ;
#4522 = EDGE_LOOP ( 'NONE', ( #3312, #7377, #1841, #7141 ) ) ;
#4523 = DIRECTION ( 'NONE',  ( -1.000000000000000000, 0.000000000000000000, 0.000000000000000000 ) ) ;
#4524 = EDGE_CURVE ( 'NONE', #1004, #1228, #2090, .T. ) ;
#4525 = ORIENTED_EDGE ( 'NONE', *, *, #7828, .F. ) ;
#4526 = VECTOR ( 'NONE', #6336, 1000.000000000000000 ) ;
#4527 = ORIENTED_EDGE ( 'NONE', *, *, #3819, .T. ) ;
#4528 = SURFACE_STYLE_FILL_AREA ( #6463 ) ;
#4529 = LINE ( 'NONE', #5617, #6236 ) ;
#4530 = EDGE_CURVE ( 'NONE', #8939, #7125, #5053, .T. ) ;
#4531 = VERTEX_POINT ( 'NONE', #1351 ) ;
#4532 = ORIENTED_EDGE ( 'NONE', *, *, #6051, .T. ) ;
#4533 = EDGE_CURVE ( 'NONE', #451, #5160, #7131, .T. ) ;
#4534 = CARTESIAN_POINT ( 'NONE',  ( 2.424999999999999378, 0.1999999999999999833, -2.950000000000000178 ) ) ;
#4535 = LINE ( 'NONE', #4049, #1339 ) ;
#4536 = ORIENTED_EDGE ( 'NONE', *, *, #1824, .T. ) ;
#4537 = CARTESIAN_POINT ( 'NONE',  ( -1.775000000000000133, 0.8264982043070834283, -3.500000000000000444 ) ) ;
#4538 = LINE ( 'NONE', #4839, #206 ) ;
#4539 = PLANE ( 'NONE',  #9291 ) ;
#4540 = EDGE_CURVE ( 'NONE', #644, #6078, #7855, .T. ) ;
#4541 = VECTOR ( 'NONE', #5414, 1000.000000000000000 ) ;
#4542 = EDGE_LOOP ( 'NONE', ( #10033, #8609, #5978, #5292 ) ) ;
#4543 = ORIENTED_EDGE ( 'NONE', *, *, #839, .F. ) ;
#4544 = VECTOR ( 'NONE', #6943, 1000.000000000000000 ) ;
#4545 = EDGE_CURVE ( 'NONE', #2212, #6414, #9442, .T. ) ;
#4546 = LINE ( 'NONE', #2944, #1350 ) ;
#4547 = PLANE ( 'NONE',  #9680 ) ;
#4548 = AXIS2_PLACEMENT_3D ( 'NONE', #2815, #4427, #8431 ) ;
#4549 = EDGE_CURVE ( 'NONE', #383, #9741, #3934, .T. ) ;
#4550 = DIRECTION ( 'NONE',  ( 0.000000000000000000, -1.000000000000000000, 0.000000000000000000 ) ) ;
#4551 = LINE ( 'NONE', #145, #2470 ) ;
#4552 = CARTESIAN_POINT ( 'NONE',  ( -3.499999999999999556, 0.2000000000000005107, -0.8250000000000001776 ) ) ;
#4553 = VERTEX_POINT ( 'NONE', #3658 ) ;
#4554 = EDGE_LOOP ( 'NONE', ( #6381, #3624, #4507, #5520 ) ) ;
#4555 = CARTESIAN_POINT ( 'NONE',  ( 2.600000000000000089, 0.2000000000000000111, 0.000000000000000000 ) ) ;
#4556 = ORIENTED_EDGE ( 'NONE', *, *, #8795, .T. ) ;
#4557 = DIRECTION ( 'NONE',  ( 0.000000000000000000, -1.000000000000000000, 0.000000000000000000 ) ) ;
#4558 = MANIFOLD_SOLID_BREP ( 'LPattern3[9]', #1672 ) ;
#4559 = CARTESIAN_POINT ( 'NONE',  ( 2.425000000000001155, 0.2000000000000005107, 3.499999999999999556 ) ) ;
#4560 = CARTESIAN_POINT ( 'NONE',  ( 0.000000000000000000, 0.2000000000000000111, 0.000000000000000000 ) ) ;
#4561 = LINE ( 'NONE', #9517, #7008 ) ;
#4562 = DIRECTION ( 'NONE',  ( 0.000000000000000000, -1.000000000000000000, 0.000000000000000000 ) ) ;
#4563 = DIRECTION ( 'NONE',  ( 1.577021341797097018E-15, 0.000000000000000000, -1.000000000000000000 ) ) ;
#4564 = AXIS2_PLACEMENT_3D ( 'NONE', #9734, #4331, #6540 ) ;
#4565 = ORIENTED_EDGE ( 'NONE', *, *, #8525, .T. ) ;
#4566 = VERTEX_POINT ( 'NONE', #9979 ) ;
#4567 = ORIENTED_EDGE ( 'NONE', *, *, #7081, .T. ) ;
#4568 = ADVANCED_FACE ( 'NONE', ( #2848 ), #4547, .F. ) ;
#4569 = VECTOR ( 'NONE', #3537, 1000.000000000000000 ) ;
#4570 = ORIENTED_EDGE ( 'NONE', *, *, #9176, .T. ) ;
#4571 = CARTESIAN_POINT ( 'NONE',  ( -2.950000000000000178, 0.1999999999999999833, -2.424999999999999378 ) ) ;
#4572 = LINE ( 'NONE', #514, #5426 ) ;
#4573 = DIRECTION ( 'NONE',  ( 1.000000000000000000, -0.000000000000000000, 0.000000000000000000 ) ) ;
#4574 = CARTESIAN_POINT ( 'NONE',  ( 2.425000000000000266, 0.2000000000000000111, 2.950000000000001066 ) ) ;
#4575 = ADVANCED_FACE ( 'NONE', ( #6758 ), #3692, .T. ) ;
#4576 = CARTESIAN_POINT ( 'NONE',  ( 2.950000000000000178, 0.8264982043070829842, -1.475000000000000089 ) ) ;
#4577 = ORIENTED_EDGE ( 'NONE', *, *, #5926, .F. ) ;
#4578 = CARTESIAN_POINT ( 'NONE',  ( 2.950000000000000178, 0.1999999999999999833, 2.425000000000000266 ) ) ;
#4579 = ORIENTED_EDGE ( 'NONE', *, *, #6779, .T. ) ;
#4580 = EDGE_LOOP ( 'NONE', ( #5148, #4114, #7786, #2154 ) ) ;
#4581 = VECTOR ( 'NONE', #3772, 1000.000000000000000 ) ;
#4582 = DIRECTION ( 'NONE',  ( 1.000000000000000000, -0.000000000000000000, -0.000000000000000000 ) ) ;
#4583 = CARTESIAN_POINT ( 'NONE',  ( -3.500000000000000444, 0.04999999999999969746, -0.4749999999999993117 ) ) ;
#4584 = ORIENTED_EDGE ( 'NONE', *, *, #7420, .T. ) ;
#4585 =( NAMED_UNIT ( * ) SI_UNIT ( $, .STERADIAN. ) SOLID_ANGLE_UNIT ( ) );
#4586 = ORIENTED_EDGE ( 'NONE', *, *, #10039, .F. ) ;
#4587 = LINE ( 'NONE', #1426, #2758 ) ;
#4588 = PLANE ( 'NONE',  #1155 ) ;
#4589 = ORIENTED_EDGE ( 'NONE', *, *, #1682, .F. ) ;
#4590 = SURFACE_STYLE_USAGE ( .BOTH. , #10019 ) ;
#4591 = CARTESIAN_POINT ( 'NONE',  ( -1.124999999999999334, 0.04999999999999969746, 3.500000000000001332 ) ) ;
#4592 = ORIENTED_EDGE ( 'NONE', *, *, #7108, .T. ) ;
#4593 = DIRECTION ( 'NONE',  ( 0.000000000000000000, 0.000000000000000000, 1.000000000000000000 ) ) ;
#4594 = CARTESIAN_POINT ( 'NONE',  ( 0.000000000000000000, 0.05000000000000000278, -1.475000000000000089 ) ) ;
#4595 = EDGE_CURVE ( 'NONE', #1250, #9467, #3572, .T. ) ;
#4596 = CARTESIAN_POINT ( 'NONE',  ( 2.950000000000000178, 0.000000000000000000, 2.425000000000000266 ) ) ;
#4597 = CARTESIAN_POINT ( 'NONE',  ( 2.950000000000000178, 0.1999999999999999833, 1.475000000000000533 ) ) ;
#4598 = PRESENTATION_STYLE_ASSIGNMENT (( #340 ) ) ;
#4599 = EDGE_CURVE ( 'NONE', #4889, #6149, #1464, .T. ) ;
#4600 = VERTEX_POINT ( 'NONE', #6796 ) ;
#4601 = CARTESIAN_POINT ( 'NONE',  ( -2.950000000000000178, 0.1999999999999999833, 2.425000000000000266 ) ) ;
#4602 = VERTEX_POINT ( 'NONE', #2108 ) ;
#4603 = CARTESIAN_POINT ( 'NONE',  ( 3.500000000000000444, 0.1999999999999999833, -0.1750000000000002387 ) ) ;
#4604 = DIRECTION ( 'NONE',  ( -0.000000000000000000, 0.000000000000000000, 1.000000000000000000 ) ) ;
#4605 = EDGE_CURVE ( 'NONE', #8851, #1607, #8220, .T. ) ;
#4606 = CARTESIAN_POINT ( 'NONE',  ( 2.950000000000000178, 0.1999999999999999833, 1.124999999999999778 ) ) ;
#4607 = LINE ( 'NONE', #9520, #4129 ) ;
#4608 = DIRECTION ( 'NONE',  ( 1.000000000000000000, -0.000000000000000000, -0.000000000000000000 ) ) ;
#4609 = LINE ( 'NONE', #5733, #4121 ) ;
#4610 = LINE ( 'NONE', #868, #401 ) ;
#4611 = ORIENTED_EDGE ( 'NONE', *, *, #9955, .F. ) ;
#4612 = EDGE_CURVE ( 'NONE', #7988, #9320, #466, .T. ) ;
#4613 = DIRECTION ( 'NONE',  ( 0.000000000000000000, -0.000000000000000000, -1.000000000000000000 ) ) ;
#4614 = ORIENTED_EDGE ( 'NONE', *, *, #5396, .F. ) ;
#4615 = VERTEX_POINT ( 'NONE', #1383 ) ;
#4616 = FACE_OUTER_BOUND ( 'NONE', #2165, .T. ) ;
#4617 = LINE ( 'NONE', #6442, #2158 ) ;
#4618 = CARTESIAN_POINT ( 'NONE',  ( 2.950000000000000178, 0.8264982043070829842, 0.4749999999999997558 ) ) ;
#4619 = CARTESIAN_POINT ( 'NONE',  ( 2.350000000000000089, 0.04999999999999969746, -2.350000000000000089 ) ) ;
#4620 = VERTEX_POINT ( 'NONE', #2940 ) ;
#4621 = ADVANCED_FACE ( 'NONE', ( #4925 ), #2134, .F. ) ;
#4622 = PRESENTATION_LAYER_ASSIGNMENT (  '', '', ( #1130 ) ) ;
#4623 = VERTEX_POINT ( 'NONE', #8426 ) ;
#4624 = CARTESIAN_POINT ( 'NONE',  ( 2.950000000000000178, 0.8264982043070829842, 1.774999999999999689 ) ) ;
#4625 = VECTOR ( 'NONE', #2112, 1000.000000000000000 ) ;
#4626 = CARTESIAN_POINT ( 'NONE',  ( 2.350000000000000089, 0.1999999999999996503, -2.350000000000000089 ) ) ;
#4627 = CARTESIAN_POINT ( 'NONE',  ( -2.125000000000000888, 0.8264982043070834283, -2.950000000000000178 ) ) ;
#4628 = UNCERTAINTY_MEASURE_WITH_UNIT (LENGTH_MEASURE( 1.000000000000000082E-05 ), #2668, 'distance_accuracy_value', 'NONE');
#4629 = VECTOR ( 'NONE', #9875, 1000.000000000000000 ) ;
#4630 = LINE ( 'NONE', #10182, #8766 ) ;
#4631 = DIRECTION ( 'NONE',  ( 0.000000000000000000, -1.000000000000000000, 0.000000000000000000 ) ) ;
#4632 = CARTESIAN_POINT ( 'NONE',  ( 0.000000000000000000, 0.05000000000000000278, -1.774999999999999245 ) ) ;
#4633 = ADVANCED_FACE ( 'NONE', ( #6136 ), #2208, .F. ) ;
#4635 = VECTOR ( 'NONE', #5508, 1000.000000000000000 ) ;
#4634 = DIRECTION ( 'NONE',  ( 0.000000000000000000, 0.000000000000000000, -1.000000000000000000 ) ) ;
#4636 =( NAMED_UNIT ( * ) SI_UNIT ( $, .STERADIAN. ) SOLID_ANGLE_UNIT ( ) );
#4637 = ORIENTED_EDGE ( 'NONE', *, *, #1190, .T. ) ;
#4638 = CARTESIAN_POINT ( 'NONE',  ( 2.350000000000000089, 0.1999999999999996503, 2.350000000000000977 ) ) ;
#4639 = FACE_OUTER_BOUND ( 'NONE', #5288, .T. ) ;
#4640 = MECHANICAL_DESIGN_GEOMETRIC_PRESENTATION_REPRESENTATION (  '', ( #4778 ), #9878 ) ;
#4641 = PLANE ( 'NONE',  #1913 ) ;
#4642 = LINE ( 'NONE', #9571, #1934 ) ;
#4643 = PLANE ( 'NONE',  #3910 ) ;
#4645 = ORIENTED_EDGE ( 'NONE', *, *, #1892, .F. ) ;
#4644 = DIRECTION ( 'NONE',  ( 1.000000000000000000, -0.000000000000000000, 0.000000000000000000 ) ) ;
#4646 = ORIENTED_EDGE ( 'NONE', *, *, #2091, .T. ) ;
#4647 = VECTOR ( 'NONE', #8061, 1000.000000000000000 ) ;
#4648 = LINE ( 'NONE', #171, #9799 ) ;
#4649 = LINE ( 'NONE', #3486, #7825 ) ;
#4650 = ORIENTED_EDGE ( 'NONE', *, *, #4878, .F. ) ;
#4651 = CARTESIAN_POINT ( 'NONE',  ( 2.125000000000000000, 0.000000000000000000, -2.950000000000000178 ) ) ;
#4652 = ORIENTED_EDGE ( 'NONE', *, *, #7967, .F. ) ;
#4653 = AXIS2_PLACEMENT_3D ( 'NONE', #8393, #8464, #9977 ) ;
#4654 = DIRECTION ( 'NONE',  ( -1.000000000000000000, 0.000000000000000000, 0.000000000000000000 ) ) ;
#4655 = VERTEX_POINT ( 'NONE', #6853 ) ;
#4656 = VECTOR ( 'NONE', #4063, 1000.000000000000000 ) ;
#4657 = EDGE_CURVE ( 'NONE', #7297, #6556, #3922, .T. ) ;
#4658 = LINE ( 'NONE', #3977, #6126 ) ;
#4659 = FACE_OUTER_BOUND ( 'NONE', #3338, .T. ) ;
#4660 = PLANE ( 'NONE',  #4902 ) ;
#4661 = CLOSED_SHELL ( 'NONE', ( #5950, #3848, #2632, #10052, #8216, #7551 ) ) ;
#4662 = EDGE_CURVE ( 'NONE', #9947, #5229, #6491, .T. ) ;
#4663 = ORIENTED_EDGE ( 'NONE', *, *, #2431, .F. ) ;
#4664 = DIRECTION ( 'NONE',  ( 1.000000000000000000, -0.000000000000000000, -0.000000000000000000 ) ) ;
#4665 = CARTESIAN_POINT ( 'NONE',  ( 3.250000000000000000, 0.000000000000000000, 0.000000000000000000 ) ) ;
#4666 = ORIENTED_EDGE ( 'NONE', *, *, #7948, .T. ) ;
#4667 = CARTESIAN_POINT ( 'NONE',  ( 3.899999999999999911, 0.2000000000000000111, 0.000000000000000000 ) ) ;
#4668 = CARTESIAN_POINT ( 'NONE',  ( -1.475000000000000977, 0.2000000000000000111, -2.950000000000000178 ) ) ;
#4669 = LINE ( 'NONE', #4696, #969 ) ;
#4670 = EDGE_CURVE ( 'NONE', #3557, #8238, #6377, .T. ) ;
#4671 = EDGE_CURVE ( 'NONE', #3729, #3215, #1226, .T. ) ;
#4672 = CARTESIAN_POINT ( 'NONE',  ( 2.950000000000000178, 0.1999999999999999833, 1.124999999999999778 ) ) ;
#4673 = ORIENTED_EDGE ( 'NONE', *, *, #5383, .F. ) ;
#4674 = CARTESIAN_POINT ( 'NONE',  ( 3.500000000000000444, 0.8000000000000003775, 3.499999999999999556 ) ) ;
#4675 = DIRECTION ( 'NONE',  ( 0.000000000000000000, 0.000000000000000000, -1.000000000000000000 ) ) ;
#4676 = VERTEX_POINT ( 'NONE', #3944 ) ;
#4677 = CARTESIAN_POINT ( 'NONE',  ( 1.475000000000000533, 0.2000000000000000111, 2.950000000000001066 ) ) ;
#4678 = EDGE_CURVE ( 'NONE', #7545, #8924, #3075, .T. ) ;
#4679 = ORIENTED_EDGE ( 'NONE', *, *, #2773, .T. ) ;
#4680 = LINE ( 'NONE', #2801, #3198 ) ;
#4681 = ADVANCED_FACE ( 'NONE', ( #1964 ), #8, .T. ) ;
#4682 = EDGE_CURVE ( 'NONE', #9722, #6011, #4186, .T. ) ;
#4683 = ORIENTED_EDGE ( 'NONE', *, *, #6116, .T. ) ;
#4684 = DIRECTION ( 'NONE',  ( 0.000000000000000000, -1.000000000000000000, 0.000000000000000000 ) ) ;
#4685 = DIRECTION ( 'NONE',  ( 0.000000000000000000, 0.000000000000000000, -1.000000000000000000 ) ) ;
#4686 = CARTESIAN_POINT ( 'NONE',  ( -0.1750000000000002387, 0.2000000000000000111, -3.500000000000000444 ) ) ;
#4687 = ORIENTED_EDGE ( 'NONE', *, *, #509, .F. ) ;
#4688 = ORIENTED_EDGE ( 'NONE', *, *, #6093, .T. ) ;
#4689 = EDGE_CURVE ( 'NONE', #6733, #7112, #104, .T. ) ;
#4690 = ORIENTED_EDGE ( 'NONE', *, *, #8015, .T. ) ;
#4691 = LINE ( 'NONE', #384, #6152 ) ;
#4692 = PLANE ( 'NONE',  #1663 ) ;
#4693 = DIRECTION ( 'NONE',  ( -1.000000000000000000, 0.000000000000000000, 0.000000000000000000 ) ) ;
#4694 = FACE_OUTER_BOUND ( 'NONE', #5665, .T. ) ;
#4695 = ORIENTED_EDGE ( 'NONE', *, *, #9243, .F. ) ;
#4696 = CARTESIAN_POINT ( 'NONE',  ( 2.950000000000000178, 0.1999999999999999833, 2.425000000000000266 ) ) ;
#4697 = ORIENTED_EDGE ( 'NONE', *, *, #2210, .F. ) ;
#4698 = PLANE ( 'NONE',  #5171 ) ;
#4699 = CARTESIAN_POINT ( 'NONE',  ( 2.950000000000000178, 0.8264982043070829842, -2.424999999999999378 ) ) ;
#4700 = CARTESIAN_POINT ( 'NONE',  ( 0.000000000000000000, 0.2000000000000000111, 0.000000000000000000 ) ) ;
#4701 = ORIENTED_EDGE ( 'NONE', *, *, #5919, .F. ) ;
#4702 = CARTESIAN_POINT ( 'NONE',  ( -2.950000000000000178, 0.8264982043070829842, -0.4749999999999993117 ) ) ;
#4703 = DIRECTION ( 'NONE',  ( -1.000000000000000000, 0.000000000000000000, 0.000000000000000000 ) ) ;
#4704 = CARTESIAN_POINT ( 'NONE',  ( 0.000000000000000000, 0.05000000000000000278, -0.8250000000000001776 ) ) ;
#4705 = FACE_OUTER_BOUND ( 'NONE', #4845, .T. ) ;
#4706 = CARTESIAN_POINT ( 'NONE',  ( -3.500000000000000000, 11.49949493661166500, 3.500000000000000444 ) ) ;
#4707 = CARTESIAN_POINT ( 'NONE',  ( -3.500000000000000444, 0.04999999999999969746, -2.424999999999999378 ) ) ;
#4708 = ORIENTED_EDGE ( 'NONE', *, *, #5375, .F. ) ;
#4709 = CARTESIAN_POINT ( 'NONE',  ( -0.1750000000000002387, 0.8264982043070834283, 2.950000000000001066 ) ) ;
#4710 = ORIENTED_EDGE ( 'NONE', *, *, #5851, .T. ) ;
#4711 = CARTESIAN_POINT ( 'NONE',  ( 1.300000000000000044, 0.000000000000000000, 0.000000000000000000 ) ) ;
#4712 = ORIENTED_EDGE ( 'NONE', *, *, #8906, .F. ) ;
#4713 = DIRECTION ( 'NONE',  ( 0.000000000000000000, -1.000000000000000000, 0.000000000000000000 ) ) ;
#4714 = DIRECTION ( 'NONE',  ( 1.000000000000000000, -0.000000000000000000, -0.000000000000000000 ) ) ;
#4715 = LINE ( 'NONE', #4442, #4226 ) ;
#4716 = CARTESIAN_POINT ( 'NONE',  ( 0.4749999999999950928, 0.05000000000000000278, -7.490851373536133477E-16 ) ) ;
#4717 = CARTESIAN_POINT ( 'NONE',  ( 2.350000000000000089, 0.1999999999999996503, -2.350000000000000089 ) ) ;
#4718 = ORIENTED_EDGE ( 'NONE', *, *, #9389, .F. ) ;
#4719 = DIRECTION ( 'NONE',  ( 0.000000000000000000, -0.000000000000000000, -1.000000000000000000 ) ) ;
#4720 = LINE ( 'NONE', #796, #5326 ) ;
#4721 = DIRECTION ( 'NONE',  ( 0.000000000000000000, -0.000000000000000000, 1.000000000000000000 ) ) ;
#4722 = ORIENTED_EDGE ( 'NONE', *, *, #9010, .F. ) ;
#4723 = CARTESIAN_POINT ( 'NONE',  ( 3.500000000000000444, 0.8264982043070829842, -0.8250000000000001776 ) ) ;
#4724 = DIRECTION ( 'NONE',  ( -0.000000000000000000, 0.000000000000000000, 1.000000000000000000 ) ) ;
#4725 = ORIENTED_EDGE ( 'NONE', *, *, #1032, .T. ) ;
#4726 = ADVANCED_FACE ( 'NONE', ( #721 ), #5563, .F. ) ;
#4727 = DIRECTION ( 'NONE',  ( 0.000000000000000000, 0.000000000000000000, -1.000000000000000000 ) ) ;
#4728 = SURFACE_STYLE_FILL_AREA ( #1603 ) ;
#4729 = AXIS2_PLACEMENT_3D ( 'NONE', #6913, #9142, #2920 ) ;
#4730 = LINE ( 'NONE', #7041, #6926 ) ;
#4731 = ORIENTED_EDGE ( 'NONE', *, *, #1182, .T. ) ;
#4732 = PLANE ( 'NONE',  #1988 ) ;
#4733 = CARTESIAN_POINT ( 'NONE',  ( -3.100000000000000977, 0.8000000000000000444, -3.300000000000000711 ) ) ;
#4734 = ADVANCED_FACE ( 'NONE', ( #7252 ), #5591, .F. ) ;
#4735 = CARTESIAN_POINT ( 'NONE',  ( -0.1750000000000010991, 0.000000000000000000, -2.950000000000000178 ) ) ;
#4736 = EDGE_CURVE ( 'NONE', #9193, #9943, #10161, .T. ) ;
#4737 = CARTESIAN_POINT ( 'NONE',  ( 0.000000000000000000, 0.2000000000000000111, 0.000000000000000000 ) ) ;
#4738 = FACE_OUTER_BOUND ( 'NONE', #4101, .T. ) ;
#4739 = EDGE_CURVE ( 'NONE', #2723, #3645, #2209, .T. ) ;
#4740 = DIRECTION ( 'NONE',  ( 0.000000000000000000, 0.000000000000000000, -1.000000000000000000 ) ) ;
#4741 = VECTOR ( 'NONE', #1264, 1000.000000000000000 ) ;
#4742 = LINE ( 'NONE', #7626, #9876 ) ;
#4743 = CARTESIAN_POINT ( 'NONE',  ( 2.950000000000000178, 0.1999999999999999833, -0.8250000000000001776 ) ) ;
#4744 = VECTOR ( 'NONE', #6710, 1000.000000000000000 ) ;
#4745 = ORIENTED_EDGE ( 'NONE', *, *, #9915, .T. ) ;
#4746 = DIRECTION ( 'NONE',  ( 1.000000000000000000, 0.000000000000000000, 0.000000000000000000 ) ) ;
#4747 = CARTESIAN_POINT ( 'NONE',  ( 1.774999999999999689, 0.2000000000000000111, 2.950000000000001066 ) ) ;
#4748 = EDGE_CURVE ( 'NONE', #3213, #8771, #4801, .T. ) ;
#4749 = DIRECTION ( 'NONE',  ( 1.577021341797097215E-15, -0.000000000000000000, 1.000000000000000000 ) ) ;
#4750 = MANIFOLD_SOLID_BREP ( 'Boss-Extrude3[2]', #3824 ) ;
#4751 = CARTESIAN_POINT ( 'NONE',  ( 2.350000000000000089, 0.1999999999999996503, -2.350000000000000089 ) ) ;
#4752 = ORIENTED_EDGE ( 'NONE', *, *, #903, .F. ) ;
#4753 = VERTEX_POINT ( 'NONE', #1564 ) ;
#4754 = AXIS2_PLACEMENT_3D ( 'NONE', #6612, #4299, #8186 ) ;
#4755 = VECTOR ( 'NONE', #2591, 1000.000000000000000 ) ;
#4756 = VECTOR ( 'NONE', #7972, 1000.000000000000000 ) ;
#4757 = DIRECTION ( 'NONE',  ( 0.000000000000000000, -1.000000000000000000, 0.000000000000000000 ) ) ;
#4758 = EDGE_LOOP ( 'NONE', ( #833, #866 ) ) ;
#4759 = FACE_OUTER_BOUND ( 'NONE', #2014, .T. ) ;
#4760 = CARTESIAN_POINT ( 'NONE',  ( -2.125000000000000888, 0.1999999999999999833, -2.950000000000000178 ) ) ;
#4761 = PRESENTATION_STYLE_ASSIGNMENT (( #5779 ) ) ;
#4762 = VECTOR ( 'NONE', #10057, 1000.000000000000000 ) ;
#4763 = AXIS2_PLACEMENT_3D ( 'NONE', #1154, #7480, #6652 ) ;
#4764 = CARTESIAN_POINT ( 'NONE',  ( 1.474999999999999645, 0.1999999999999999833, -3.500000000000000444 ) ) ;
#4765 = DIRECTION ( 'NONE',  ( -1.000000000000000000, 0.000000000000000000, -9.227252531791527858E-17 ) ) ;
#4766 = ORIENTED_EDGE ( 'NONE', *, *, #4605, .F. ) ;
#4767 = LINE ( 'NONE', #3902, #1446 ) ;
#4768 = ORIENTED_EDGE ( 'NONE', *, *, #8145, .F. ) ;
#4769 = DIRECTION ( 'NONE',  ( 1.000000000000000000, 0.000000000000000000, 0.000000000000000000 ) ) ;
#4770 = LINE ( 'NONE', #6053, #6104 ) ;
#4771 = DIRECTION ( 'NONE',  ( 1.000000000000000000, 0.000000000000000000, 0.000000000000000000 ) ) ;
#4772 = CARTESIAN_POINT ( 'NONE',  ( -3.500000000000000444, 0.8264982043070829842, -2.424999999999999378 ) ) ;
#4773 = LINE ( 'NONE', #3559, #2060 ) ;
#4774 = DIRECTION ( 'NONE',  ( 1.000000000000000000, -0.000000000000000000, -1.239088197126290570E-16 ) ) ;
#4775 = EDGE_LOOP ( 'NONE', ( #7624, #4701, #9191, #1745 ) ) ;
#4776 = EDGE_LOOP ( 'NONE', ( #7419, #512, #6370, #8213 ) ) ;
#4777 = CARTESIAN_POINT ( 'NONE',  ( 0.000000000000000000, 0.05000000000000000278, -0.1750000000000002387 ) ) ;
#4778 = STYLED_ITEM ( 'NONE', ( #2235 ), #6235 ) ;
#4779 = VECTOR ( 'NONE', #1938, 1000.000000000000000 ) ;
#4780 = DIRECTION ( 'NONE',  ( 0.000000000000000000, -1.000000000000000000, 0.000000000000000000 ) ) ;
#4781 = LINE ( 'NONE', #8018, #6001 ) ;
#4782 = ORIENTED_EDGE ( 'NONE', *, *, #3963, .F. ) ;
#4783 = ORIENTED_EDGE ( 'NONE', *, *, #3078, .F. ) ;
#4784 = ADVANCED_FACE ( 'NONE', ( #8098 ), #7346, .F. ) ;
#4785 = STYLED_ITEM ( 'NONE', ( #8037 ), #645 ) ;
#4786 = VECTOR ( 'NONE', #7722, 1000.000000000000000 ) ;
#4787 = DIRECTION ( 'NONE',  ( 0.000000000000000000, -1.000000000000000000, 0.000000000000000000 ) ) ;
#4788 = VECTOR ( 'NONE', #6895, 1000.000000000000000 ) ;
#4789 = FILL_AREA_STYLE ('',( #9471 ) ) ;
#4790 = VECTOR ( 'NONE', #1428, 1000.000000000000000 ) ;
#4792 = EDGE_LOOP ( 'NONE', ( #2955, #6754, #5198, #9322 ) ) ;
#4791 = CARTESIAN_POINT ( 'NONE',  ( -0.8249999999999992895, 0.8264982043070834283, 3.500000000000001332 ) ) ;
#4793 = EDGE_CURVE ( 'NONE', #4338, #2941, #5406, .T. ) ;
#4794 = CLOSED_SHELL ( 'NONE', ( #3698, #9663, #6920, #9656, #5201, #5763 ) ) ;
#4795 = LINE ( 'NONE', #5378, #595 ) ;
#4796 = DIRECTION ( 'NONE',  ( 0.000000000000000000, -0.000000000000000000, 1.000000000000000000 ) ) ;
#4797 = DIRECTION ( 'NONE',  ( 1.000000000000000000, 0.000000000000000000, -0.000000000000000000 ) ) ;
#4798 = LINE ( 'NONE', #5710, #8107 ) ;
#4799 = CARTESIAN_POINT ( 'NONE',  ( 3.500000000000000444, 0.05000000000000000278, 3.499999999999999556 ) ) ;
#4800 = EDGE_CURVE ( 'NONE', #8980, #3321, #5655, .T. ) ;
#4801 = LINE ( 'NONE', #4022, #1714 ) ;
#4802 = DIRECTION ( 'NONE',  ( 0.000000000000000000, 1.000000000000000000, 0.000000000000000000 ) ) ;
#4803 = PLANE ( 'NONE',  #367 ) ;
#4804 = DIRECTION ( 'NONE',  ( 0.000000000000000000, 0.000000000000000000, 1.000000000000000000 ) ) ;
#4805 = DIRECTION ( 'NONE',  ( 0.000000000000000000, 0.000000000000000000, -1.000000000000000000 ) ) ;
#4806 = DIRECTION ( 'NONE',  ( 0.000000000000000000, 0.000000000000000000, -1.000000000000000000 ) ) ;
#4807 = ORIENTED_EDGE ( 'NONE', *, *, #6690, .F. ) ;
#4808 = ORIENTED_EDGE ( 'NONE', *, *, #5405, .T. ) ;
#4809 = EDGE_CURVE ( 'NONE', #1220, #2760, #2960, .T. ) ;
#4810 = CARTESIAN_POINT ( 'NONE',  ( 3.500000000000000444, 0.8264982043070829842, -1.774999999999999245 ) ) ;
#4811 = ORIENTED_EDGE ( 'NONE', *, *, #1116, .F. ) ;
#4812 = FACE_OUTER_BOUND ( 'NONE', #5570, .T. ) ;
#4813 = DIRECTION ( 'NONE',  ( -0.000000000000000000, -1.000000000000000000, -0.000000000000000000 ) ) ;
#4814 = VECTOR ( 'NONE', #7579, 1000.000000000000000 ) ;
#4815 = CARTESIAN_POINT ( 'NONE',  ( -1.124999999999999334, 0.1999999999999999833, 2.950000000000001066 ) ) ;
#4816 = ORIENTED_EDGE ( 'NONE', *, *, #6906, .F. ) ;
#4817 = EDGE_CURVE ( 'NONE', #7127, #8983, #4314, .T. ) ;
#4818 = ORIENTED_EDGE ( 'NONE', *, *, #3358, .T. ) ;
#4819 = ORIENTED_EDGE ( 'NONE', *, *, #2210, .T. ) ;
#4820 = LINE ( 'NONE', #6545, #2856 ) ;
#4821 = VERTEX_POINT ( 'NONE', #207 ) ;
#4823 = EDGE_CURVE ( 'NONE', #2629, #1483, #6632, .T. ) ;
#4822 = VECTOR ( 'NONE', #5220, 1000.000000000000000 ) ;
#4824 = PLANE ( 'NONE',  #3450 ) ;
#4825 = AXIS2_PLACEMENT_3D ( 'NONE', #6576, #2679, #1801 ) ;
#4826 = AXIS2_PLACEMENT_3D ( 'NONE', #3811, #4573, #8523 ) ;
#4827 = EDGE_LOOP ( 'NONE', ( #3941, #607, #4401, #10125 ) ) ;
#4828 = ORIENTED_EDGE ( 'NONE', *, *, #2588, .F. ) ;
#4829 = DIRECTION ( 'NONE',  ( -1.000000000000000000, 0.000000000000000000, 0.000000000000000000 ) ) ;
#4830 = ORIENTED_EDGE ( 'NONE', *, *, #1448, .F. ) ;
#4831 = DIRECTION ( 'NONE',  ( 1.000000000000000000, -0.000000000000000000, 0.000000000000000000 ) ) ;
#4832 = FACE_OUTER_BOUND ( 'NONE', #9626, .T. ) ;
#4833 = DIRECTION ( 'NONE',  ( 0.000000000000000000, 1.000000000000000000, 0.000000000000000000 ) ) ;
#4834 = PLANE ( 'NONE',  #9348 ) ;
#4835 = VERTEX_POINT ( 'NONE', #5729 ) ;
#4836 = SURFACE_SIDE_STYLE ('',( #321 ) ) ;
#4837 = DIRECTION ( 'NONE',  ( -1.000000000000000000, 0.000000000000000000, 0.000000000000000000 ) ) ;
#4838 = ADVANCED_FACE ( 'NONE', ( #599 ), #1016, .T. ) ;
#4839 = CARTESIAN_POINT ( 'NONE',  ( -1.124999999999999334, 0.8264982043070834283, 2.950000000000001066 ) ) ;
#4840 = ORIENTED_EDGE ( 'NONE', *, *, #5259, .T. ) ;
#4841 = DIRECTION ( 'NONE',  ( 0.000000000000000000, 0.000000000000000000, 1.000000000000000000 ) ) ;
#4842 = AXIS2_PLACEMENT_3D ( 'NONE', #4220, #8961, #9826 ) ;
#4843 = CARTESIAN_POINT ( 'NONE',  ( -0.1750000000000010991, 0.2000000000000000111, -2.950000000000000178 ) ) ;
#4844 = VECTOR ( 'NONE', #8504, 1000.000000000000000 ) ;
#4845 = EDGE_LOOP ( 'NONE', ( #1346, #7922 ) ) ;
#4846 = CARTESIAN_POINT ( 'NONE',  ( 3.500000000000000444, 0.1999999999999999833, -2.125000000000000000 ) ) ;
#4847 = ORIENTED_EDGE ( 'NONE', *, *, #1962, .T. ) ;
#4848 = CARTESIAN_POINT ( 'NONE',  ( 0.1749999999999998224, 0.8264982043070834283, -3.500000000000000444 ) ) ;
#4849 = CARTESIAN_POINT ( 'NONE',  ( 2.950000000000000178, 0.05000000000000002359, -1.774999999999999245 ) ) ;
#4850 = PLANE ( 'NONE',  #6813 ) ;
#4851 = FACE_OUTER_BOUND ( 'NONE', #6715, .T. ) ;
#4852 = EDGE_LOOP ( 'NONE', ( #5533, #7096, #938, #121 ) ) ;
#4853 = AXIS2_PLACEMENT_3D ( 'NONE', #2990, #4833, #4796 ) ;
#4854 = ORIENTED_EDGE ( 'NONE', *, *, #5532, .F. ) ;
#4855 = EDGE_CURVE ( 'NONE', #2318, #874, #4551, .T. ) ;
#4856 = DIRECTION ( 'NONE',  ( 1.000000000000000000, -0.000000000000000000, -0.000000000000000000 ) ) ;
#4857 = LINE ( 'NONE', #9484, #2774 ) ;
#4858 = FACE_OUTER_BOUND ( 'NONE', #2934, .T. ) ;
#4859 = PLANE ( 'NONE',  #6059 ) ;
#4860 = EDGE_CURVE ( 'NONE', #8809, #1300, #8447, .T. ) ;
#4861 = LINE ( 'NONE', #3207, #3375 ) ;
#4862 = VERTEX_POINT ( 'NONE', #8897 ) ;
#4863 = DIRECTION ( 'NONE',  ( -1.000000000000000000, 0.000000000000000000, 0.000000000000000000 ) ) ;
#4864 = CARTESIAN_POINT ( 'NONE',  ( 0.000000000000000000, 0.2000000000000000111, 0.000000000000000000 ) ) ;
#4865 = EDGE_CURVE ( 'NONE', #797, #8053, #2202, .T. ) ;
#4866 = AXIS2_PLACEMENT_3D ( 'NONE', #5535, #6308, #2516 ) ;
#4867 = ORIENTED_EDGE ( 'NONE', *, *, #5401, .F. ) ;
#4868 = LINE ( 'NONE', #9746, #3380 ) ;
#4869 = VECTOR ( 'NONE', #7960, 1000.000000000000000 ) ;
#4870 = LINE ( 'NONE', #6589, #1919 ) ;
#4871 = DIRECTION ( 'NONE',  ( -1.000000000000000000, 0.000000000000000000, -0.000000000000000000 ) ) ;
#4872 = DIRECTION ( 'NONE',  ( 1.000000000000000000, 0.000000000000000000, 0.000000000000000000 ) ) ;
#4873 = DIRECTION ( 'NONE',  ( 1.000000000000000000, 0.000000000000000000, -1.239088197126291063E-16 ) ) ;
#4874 = EDGE_CURVE ( 'NONE', #4498, #5691, #5164, .T. ) ;
#4875 = VECTOR ( 'NONE', #1763, 1000.000000000000000 ) ;
#4876 = DIRECTION ( 'NONE',  ( 1.000000000000000000, 0.000000000000000000, -0.000000000000000000 ) ) ;
#4877 = DIRECTION ( 'NONE',  ( -0.000000000000000000, -1.000000000000000000, -0.000000000000000000 ) ) ;
#4878 = EDGE_CURVE ( 'NONE', #6219, #9722, #6858, .T. ) ;
#4879 = DIRECTION ( 'NONE',  ( -1.000000000000000000, 0.000000000000000000, 0.000000000000000000 ) ) ;
#4880 = ORIENTED_EDGE ( 'NONE', *, *, #3470, .T. ) ;
#4881 = MANIFOLD_SOLID_BREP ( 'LPattern4[1]', #8433 ) ;
#4882 = VECTOR ( 'NONE', #9984, 1000.000000000000000 ) ;
#4883 = LINE ( 'NONE', #2871, #3525 ) ;
#4884 = ADVANCED_FACE ( 'NONE', ( #7845 ), #5016, .F. ) ;
#4885 = VECTOR ( 'NONE', #4557, 1000.000000000000000 ) ;
#4886 = EDGE_CURVE ( 'NONE', #7137, #8136, #5041, .T. ) ;
#4887 =( GEOMETRIC_REPRESENTATION_CONTEXT ( 3 ) GLOBAL_UNCERTAINTY_ASSIGNED_CONTEXT ( ( #9439 ) ) GLOBAL_UNIT_ASSIGNED_CONTEXT ( ( #6123, #7766, #6905 ) ) REPRESENTATION_CONTEXT ( 'NONE', 'WORKASPACE' ) );
#4888 = EDGE_CURVE ( 'NONE', #8939, #8980, #4059, .T. ) ;
#4889 = VERTEX_POINT ( 'NONE', #3463 ) ;
#4890 = VECTOR ( 'NONE', #7843, 1000.000000000000000 ) ;
#4891 = ADVANCED_FACE ( 'NONE', ( #6368 ), #519, .T. ) ;
#4892 = LINE ( 'NONE', #8604, #5254 ) ;
#4893 = DIRECTION ( 'NONE',  ( 1.000000000000000000, 0.000000000000000000, 0.000000000000000000 ) ) ;
#4894 = VECTOR ( 'NONE', #4296, 1000.000000000000000 ) ;
#4895 = ORIENTED_EDGE ( 'NONE', *, *, #9721, .F. ) ;
#4896 = DIRECTION ( 'NONE',  ( -0.000000000000000000, -1.000000000000000000, -0.000000000000000000 ) ) ;
#4897 = ORIENTED_EDGE ( 'NONE', *, *, #4748, .F. ) ;
#4898 = FACE_OUTER_BOUND ( 'NONE', #9497, .T. ) ;
#4899 = CARTESIAN_POINT ( 'NONE',  ( 2.425000000000000266, 0.2000000000000000111, 2.950000000000001066 ) ) ;
#4900 = LINE ( 'NONE', #1906, #2446 ) ;
#4901 = AXIS2_PLACEMENT_3D ( 'NONE', #5524, #4058, #4740 ) ;
#4902 = AXIS2_PLACEMENT_3D ( 'NONE', #1460, #10147, #6187 ) ;
#4903 = DIRECTION ( 'NONE',  ( -0.000000000000000000, 0.000000000000000000, -1.000000000000000000 ) ) ;
#4904 = VECTOR ( 'NONE', #362, 1000.000000000000000 ) ;
#4905 = EDGE_LOOP ( 'NONE', ( #2595, #193, #8146, #4818 ) ) ;
#4906 = PLANE ( 'NONE',  #4505 ) ;
#4907 = VERTEX_POINT ( 'NONE', #270 ) ;
#4908 = CARTESIAN_POINT ( 'NONE',  ( 4.549999999999999822, 0.2000000000000000111, 0.000000000000000000 ) ) ;
#4909 = DIRECTION ( 'NONE',  ( 0.000000000000000000, -1.000000000000000000, 0.000000000000000000 ) ) ;
#4910 = ORIENTED_EDGE ( 'NONE', *, *, #9389, .T. ) ;
#4911 = LINE ( 'NONE', #3064, #4786 ) ;
#4912 = ORIENTED_EDGE ( 'NONE', *, *, #9849, .F. ) ;
#4913 = DIRECTION ( 'NONE',  ( -1.577021341797097215E-15, 0.000000000000000000, 1.000000000000000000 ) ) ;
#4914 = VECTOR ( 'NONE', #8684, 1000.000000000000000 ) ;
#4915 = CARTESIAN_POINT ( 'NONE',  ( 2.950000000000000178, 0.000000000000000000, -2.125000000000000000 ) ) ;
#4916 = COLOUR_RGB ( '',0.7921568627450980005, 0.8196078431372548767, 0.9333333333333333481 ) ;
#4917 = DIRECTION ( 'NONE',  ( -1.000000000000000000, 0.000000000000000000, -0.000000000000000000 ) ) ;
#4918 = ORIENTED_EDGE ( 'NONE', *, *, #6824, .F. ) ;
#4919 = CARTESIAN_POINT ( 'NONE',  ( -0.1750000000000002387, 0.04999999999999969746, -3.500000000000000444 ) ) ;
#4920 = AXIS2_PLACEMENT_3D ( 'NONE', #7890, #3989, #4238 ) ;
#4921 = DIRECTION ( 'NONE',  ( -1.000000000000000000, 0.000000000000000000, 0.000000000000000000 ) ) ;
#4922 = LINE ( 'NONE', #5445, #4308 ) ;
#4923 = FACE_OUTER_BOUND ( 'NONE', #9353, .T. ) ;
#4924 = SURFACE_SIDE_STYLE ('',( #4012 ) ) ;
#4925 = FACE_OUTER_BOUND ( 'NONE', #6066, .T. ) ;
#4926 = VERTEX_POINT ( 'NONE', #4092 ) ;
#4927 = VERTEX_POINT ( 'NONE', #3704 ) ;
#4928 = CLOSED_SHELL ( 'NONE', ( #2199, #9080, #860, #4423, #3898, #2786 ) ) ;
#4929 = DIRECTION ( 'NONE',  ( 1.000000000000000000, -0.000000000000000000, 0.000000000000000000 ) ) ;
#4930 = VERTEX_POINT ( 'NONE', #5318 ) ;
#4931 = LINE ( 'NONE', #110, #347 ) ;
#4932 = CARTESIAN_POINT ( 'NONE',  ( -0.1750000000000002387, 0.000000000000000000, 2.950000000000001066 ) ) ;
#4933 = EDGE_CURVE ( 'NONE', #4947, #4553, #7243, .T. ) ;
#4934 = ORIENTED_EDGE ( 'NONE', *, *, #10051, .T. ) ;
#4935 = VERTEX_POINT ( 'NONE', #8314 ) ;
#4936 = ORIENTED_EDGE ( 'NONE', *, *, #6580, .F. ) ;
#4937 = EDGE_CURVE ( 'NONE', #3454, #3277, #5644, .T. ) ;
#4938 = ORIENTED_EDGE ( 'NONE', *, *, #1373, .T. ) ;
#4939 = LINE ( 'NONE', #3196, #8975 ) ;
#4940 = DIRECTION ( 'NONE',  ( 0.000000000000000000, 0.000000000000000000, -1.000000000000000000 ) ) ;
#4941 = ORIENTED_EDGE ( 'NONE', *, *, #3496, .F. ) ;
#4942 = ADVANCED_FACE ( 'NONE', ( #6619 ), #7409, .F. ) ;
#4943 = CARTESIAN_POINT ( 'NONE',  ( -2.125000000000000888, 0.1999999999999999833, -2.950000000000000178 ) ) ;
#4944 = DIRECTION ( 'NONE',  ( 0.000000000000000000, 0.000000000000000000, -1.000000000000000000 ) ) ;
#4945 = VECTOR ( 'NONE', #2707, 1000.000000000000000 ) ;
#4946 = EDGE_CURVE ( 'NONE', #6272, #3457, #1459, .T. ) ;
#4947 = VERTEX_POINT ( 'NONE', #4435 ) ;
#4948 = DIRECTION ( 'NONE',  ( -1.577021341797097215E-15, 0.000000000000000000, 1.000000000000000000 ) ) ;
#4949 = ORIENTED_EDGE ( 'NONE', *, *, #7298, .T. ) ;
#4950 = VECTOR ( 'NONE', #14, 1000.000000000000000 ) ;
#4951 = CARTESIAN_POINT ( 'NONE',  ( -1.774999999999999245, 0.000000000000000000, 3.500000000000001332 ) ) ;
#4952 = EDGE_LOOP ( 'NONE', ( #990, #213, #1263, #931 ) ) ;
#4953 = CARTESIAN_POINT ( 'NONE',  ( -0.8250000000000001776, 0.2000000000000000111, -3.500000000000000444 ) ) ;
#4954 = PLANE ( 'NONE',  #4009 ) ;
#4955 = ORIENTED_EDGE ( 'NONE', *, *, #9661, .F. ) ;
#4956 = ORIENTED_EDGE ( 'NONE', *, *, #5902, .F. ) ;
#4957 = CARTESIAN_POINT ( 'NONE',  ( -2.425000000000000266, 0.04999999999999999584, -3.500000000000000444 ) ) ;
#4958 = EDGE_LOOP ( 'NONE', ( #8676, #6119, #1981, #1884 ) ) ;
#4959 = CARTESIAN_POINT ( 'NONE',  ( -3.500000000000000444, 0.1999999999999999833, 2.425000000000000266 ) ) ;
#4960 = AXIS2_PLACEMENT_3D ( 'NONE', #4560, #9362, #730 ) ;
#4961 = PRESENTATION_LAYER_ASSIGNMENT (  '', '', ( #8668 ) ) ;
#4962 = CARTESIAN_POINT ( 'NONE',  ( -3.500000000000000444, 0.8264982043070829842, 2.125000000000000888 ) ) ;
#4963 = CARTESIAN_POINT ( 'NONE',  ( -3.500000000000000444, 0.04999999999999969746, 1.475000000000000533 ) ) ;
#4964 = ORIENTED_EDGE ( 'NONE', *, *, #6649, .T. ) ;
#4965 = SURFACE_SIDE_STYLE ('',( #4399 ) ) ;
#4966 = ORIENTED_EDGE ( 'NONE', *, *, #5672, .T. ) ;
#4967 = FILL_AREA_STYLE ('',( #5651 ) ) ;
#4968 = FACE_OUTER_BOUND ( 'NONE', #1762, .T. ) ;
#4969 = CARTESIAN_POINT ( 'NONE',  ( -2.950000000000000178, 0.8264982043070829842, -2.424999999999999378 ) ) ;
#4970 = ORIENTED_EDGE ( 'NONE', *, *, #1757, .F. ) ;
#4971 = DIRECTION ( 'NONE',  ( 0.000000000000000000, -1.000000000000000000, 0.000000000000000000 ) ) ;
#4972 = CARTESIAN_POINT ( 'NONE',  ( 0.4749999999999997558, 0.2000000000000000111, 2.950000000000001066 ) ) ;
#4973 = EDGE_LOOP ( 'NONE', ( #2701, #9942, #8289, #5905 ) ) ;
#4974 = CARTESIAN_POINT ( 'NONE',  ( 1.774999999999999689, 0.2000000000000000111, 2.950000000000001066 ) ) ;
#4975 = PRESENTATION_LAYER_ASSIGNMENT (  '', '', ( #4778 ) ) ;
#4976 = PLANE ( 'NONE',  #7573 ) ;
#4977 = DIRECTION ( 'NONE',  ( -1.000000000000000000, 0.000000000000000000, 0.000000000000000000 ) ) ;
#4978 = CARTESIAN_POINT ( 'NONE',  ( -2.950000000000000178, 0.1999999999999999833, -2.125000000000000000 ) ) ;
#4979 = LINE ( 'NONE', #2243, #7785 ) ;
#4980 = ORIENTED_EDGE ( 'NONE', *, *, #2228, .T. ) ;
#4981 = EDGE_LOOP ( 'NONE', ( #5348, #7996, #7024, #258 ) ) ;
#4982 = DIRECTION ( 'NONE',  ( 1.000000000000000000, -0.000000000000000000, -0.000000000000000000 ) ) ;
#4983 =( GEOMETRIC_REPRESENTATION_CONTEXT ( 3 ) GLOBAL_UNCERTAINTY_ASSIGNED_CONTEXT ( ( #2039 ) ) GLOBAL_UNIT_ASSIGNED_CONTEXT ( ( #8816, #6415, #1749 ) ) REPRESENTATION_CONTEXT ( 'NONE', 'WORKASPACE' ) );
#4984 = CARTESIAN_POINT ( 'NONE',  ( 1.124999999999998890, 0.000000000000000000, -2.950000000000000178 ) ) ;
#4985 = CARTESIAN_POINT ( 'NONE',  ( 0.8250000000000006217, 0.8264982043070834283, 2.950000000000001066 ) ) ;
#4986 = CARTESIAN_POINT ( 'NONE',  ( -0.1749999999999993783, 0.1999999999999999833, 3.500000000000001332 ) ) ;
#4987 = LINE ( 'NONE', #8599, #677 ) ;
#4988 = LINE ( 'NONE', #7586, #3253 ) ;
#4989 = FACE_OUTER_BOUND ( 'NONE', #8303, .T. ) ;
#4990 = ADVANCED_FACE ( 'NONE', ( #9062 ), #1394, .T. ) ;
#4991 = LINE ( 'NONE', #4425, #9506 ) ;
#4992 = ORIENTED_EDGE ( 'NONE', *, *, #6580, .T. ) ;
#4993 = EDGE_CURVE ( 'NONE', #1368, #9991, #1826, .T. ) ;
#4994 = CARTESIAN_POINT ( 'NONE',  ( 0.8250000000000006217, 0.8264982043070834283, 2.950000000000001066 ) ) ;
#4995 = ADVANCED_FACE ( 'NONE', ( #9688 ), #4260, .T. ) ;
#4996 = EDGE_LOOP ( 'NONE', ( #1347, #3493, #8560, #1211 ) ) ;
#4997 = CARTESIAN_POINT ( 'NONE',  ( -0.1750000000000002387, 0.1999999999999999833, -3.500000000000000444 ) ) ;
#4998 = ORIENTED_EDGE ( 'NONE', *, *, #7699, .T. ) ;
#4999 = PRESENTATION_STYLE_ASSIGNMENT (( #133 ) ) ;
#5000 = EDGE_CURVE ( 'NONE', #735, #611, #5885, .T. ) ;
#5001 = VECTOR ( 'NONE', #954, 1000.000000000000000 ) ;
#5002 = CARTESIAN_POINT ( 'NONE',  ( -2.125000000000000000, 0.2000000000000000111, -3.500000000000000444 ) ) ;
#5003 = LINE ( 'NONE', #3885, #1542 ) ;
#5004 = EDGE_CURVE ( 'NONE', #616, #4623, #6976, .T. ) ;
#5005 = ORIENTED_EDGE ( 'NONE', *, *, #3735, .T. ) ;
#5006 = VECTOR ( 'NONE', #8212, 1000.000000000000000 ) ;
#5007 = DIRECTION ( 'NONE',  ( 0.000000000000000000, -0.000000000000000000, -1.000000000000000000 ) ) ;
#5008 = DIRECTION ( 'NONE',  ( 0.000000000000000000, -0.000000000000000000, 1.000000000000000000 ) ) ;
#5009 = EDGE_CURVE ( 'NONE', #3994, #2143, #7611, .T. ) ;
#5010 = COLOUR_RGB ( '',0.7921568627450980005, 0.8196078431372548767, 0.9333333333333333481 ) ;
#5011 = CARTESIAN_POINT ( 'NONE',  ( -0.1750000000000010991, 0.000000000000000000, -2.950000000000000178 ) ) ;
#5012 =( LENGTH_UNIT ( ) NAMED_UNIT ( * ) SI_UNIT ( .MILLI., .METRE. ) );
#5013 = DIRECTION ( 'NONE',  ( -1.000000000000000000, 0.000000000000000000, 0.000000000000000000 ) ) ;
#5014 = LINE ( 'NONE', #3143, #5855 ) ;
#5015 = EDGE_CURVE ( 'NONE', #263, #1300, #5283, .T. ) ;
#5016 = PLANE ( 'NONE',  #871 ) ;
#5017 = DIRECTION ( 'NONE',  ( -0.000000000000000000, 0.000000000000000000, 1.000000000000000000 ) ) ;
#5018 = ORIENTED_EDGE ( 'NONE', *, *, #7428, .F. ) ;
#5019 = LINE ( 'NONE', #4233, #441 ) ;
#5020 = FILL_AREA_STYLE ('',( #1879 ) ) ;
#5021 = LINE ( 'NONE', #7080, #6342 ) ;
#5022 = EDGE_CURVE ( 'NONE', #8695, #7709, #9430, .T. ) ;
#5023 = LINE ( 'NONE', #5039, #1562 ) ;
#5024 =( GEOMETRIC_REPRESENTATION_CONTEXT ( 3 ) GLOBAL_UNCERTAINTY_ASSIGNED_CONTEXT ( ( #7758 ) ) GLOBAL_UNIT_ASSIGNED_CONTEXT ( ( #6334, #1667, #7100 ) ) REPRESENTATION_CONTEXT ( 'NONE', 'WORKASPACE' ) );
#5025 = PLANE ( 'NONE',  #4920 ) ;
#5026 = ORIENTED_EDGE ( 'NONE', *, *, #5142, .F. ) ;
#5027 = ORIENTED_EDGE ( 'NONE', *, *, #7489, .T. ) ;
#5028 = VECTOR ( 'NONE', #2720, 1000.000000000000000 ) ;
#5029 = ORIENTED_EDGE ( 'NONE', *, *, #3682, .T. ) ;
#5030 = CARTESIAN_POINT ( 'NONE',  ( 1.949999999999999956, 0.000000000000000000, 0.000000000000000000 ) ) ;
#5031 = VECTOR ( 'NONE', #8746, 1000.000000000000000 ) ;
#5032 = CARTESIAN_POINT ( 'NONE',  ( -3.500000000000000444, 0.000000000000000000, 2.425000000000000266 ) ) ;
#5033 = ORIENTED_EDGE ( 'NONE', *, *, #9321, .F. ) ;
#5034 = ORIENTED_EDGE ( 'NONE', *, *, #9170, .T. ) ;
#5035 = FACE_OUTER_BOUND ( 'NONE', #253, .T. ) ;
#5036 = ORIENTED_EDGE ( 'NONE', *, *, #2561, .F. ) ;
#5037 = AXIS2_PLACEMENT_3D ( 'NONE', #9537, #9498, #187 ) ;
#5038 = FACE_OUTER_BOUND ( 'NONE', #5444, .T. ) ;
#5039 = CARTESIAN_POINT ( 'NONE',  ( 0.4749999999999988676, 0.2000000000000000111, -2.950000000000000178 ) ) ;
#5040 = AXIS2_PLACEMENT_3D ( 'NONE', #5245, #7577, #5954 ) ;
#5041 = LINE ( 'NONE', #5793, #3308 ) ;
#5042 = ADVANCED_FACE ( 'NONE', ( #2706 ), #2146, .F. ) ;
#5043 = ORIENTED_EDGE ( 'NONE', *, *, #3353, .F. ) ;
#5044 = CARTESIAN_POINT ( 'NONE',  ( 2.950000000000000178, 0.8264982043070829842, 1.475000000000000533 ) ) ;
#5045 = ORIENTED_EDGE ( 'NONE', *, *, #7081, .F. ) ;
#5046 = FILL_AREA_STYLE_COLOUR ( '', #9828 ) ;
#5047 = CARTESIAN_POINT ( 'NONE',  ( -1.475000000000000089, 0.2000000000000002054, -3.500000000000000444 ) ) ;
#5048 = VERTEX_POINT ( 'NONE', #2919 ) ;
#5049 = ORIENTED_EDGE ( 'NONE', *, *, #166, .F. ) ;
#5050 = ADVANCED_FACE ( 'NONE', ( #3796 ), #9930, .T. ) ;
#5051 = FACE_OUTER_BOUND ( 'NONE', #10185, .T. ) ;
#5052 = CARTESIAN_POINT ( 'NONE',  ( -1.775000000000000133, 0.8264982043070834283, -2.950000000000000178 ) ) ;
#5053 = LINE ( 'NONE', #5109, #476 ) ;
#5054 = CARTESIAN_POINT ( 'NONE',  ( -2.950000000000000178, 0.1999999999999999833, 2.425000000000000266 ) ) ;
#5055 = AXIS2_PLACEMENT_3D ( 'NONE', #507, #2877, #6868 ) ;
#5056 = DIRECTION ( 'NONE',  ( 0.000000000000000000, 0.000000000000000000, 1.000000000000000000 ) ) ;
#5057 = EDGE_CURVE ( 'NONE', #5817, #8550, #8947, .T. ) ;
#5058 = VERTEX_POINT ( 'NONE', #9242 ) ;
#5059 = ORIENTED_EDGE ( 'NONE', *, *, #7320, .F. ) ;
#5060 = VERTEX_POINT ( 'NONE', #9339 ) ;
#5061 =( NAMED_UNIT ( * ) PLANE_ANGLE_UNIT ( ) SI_UNIT ( $, .RADIAN. ) );
#5062 = EDGE_LOOP ( 'NONE', ( #6049, #5914, #7734, #1664 ) ) ;
#5063 = CARTESIAN_POINT ( 'NONE',  ( -0.4749999999999993117, 0.8264982043070834283, 3.500000000000001332 ) ) ;
#5064 = FACE_OUTER_BOUND ( 'NONE', #2258, .T. ) ;
#5065 = EDGE_LOOP ( 'NONE', ( #8332, #3879, #8154, #4536 ) ) ;
#5066 = EDGE_CURVE ( 'NONE', #6886, #9607, #7371, .T. ) ;
#5067 = LINE ( 'NONE', #9887, #4814 ) ;
#5068 = SURFACE_SIDE_STYLE ('',( #5479 ) ) ;
#5069 = VERTEX_POINT ( 'NONE', #7050 ) ;
#5070 = VERTEX_POINT ( 'NONE', #3859 ) ;
#5071 = EDGE_CURVE ( 'NONE', #8491, #4676, #8692, .T. ) ;
#5072 = CARTESIAN_POINT ( 'NONE',  ( -2.125000000000000000, 0.000000000000000000, 2.950000000000001066 ) ) ;
#5073 = CARTESIAN_POINT ( 'NONE',  ( -2.950000000000000178, 0.1999999999999999833, -1.475000000000000089 ) ) ;
#5074 = ORIENTED_EDGE ( 'NONE', *, *, #8329, .F. ) ;
#5075 = EDGE_CURVE ( 'NONE', #5483, #9167, #590, .T. ) ;
#5076 = VECTOR ( 'NONE', #5185, 1000.000000000000000 ) ;
#5077 = ORIENTED_EDGE ( 'NONE', *, *, #4301, .F. ) ;
#5078 = PLANE ( 'NONE',  #5750 ) ;
#5079 = EDGE_CURVE ( 'NONE', #191, #7412, #2457, .T. ) ;
#5080 = ORIENTED_EDGE ( 'NONE', *, *, #6299, .F. ) ;
#5081 = PLANE ( 'NONE',  #3806 ) ;
#5082 = CARTESIAN_POINT ( 'NONE',  ( 0.000000000000000000, 0.2000000000000000111, 0.000000000000000000 ) ) ;
#5084 = EDGE_CURVE ( 'NONE', #3686, #959, #4305, .T. ) ;
#5083 = VECTOR ( 'NONE', #10127, 1000.000000000000000 ) ;
#5085 = ORIENTED_EDGE ( 'NONE', *, *, #4599, .F. ) ;
#5086 = EDGE_CURVE ( 'NONE', #4676, #1297, #3671, .T. ) ;
#5087 = DIRECTION ( 'NONE',  ( 0.000000000000000000, -1.000000000000000000, 0.000000000000000000 ) ) ;
#5088 = CARTESIAN_POINT ( 'NONE',  ( 2.950000000000000178, 0.1999999999999999833, 1.475000000000000533 ) ) ;
#5089 = CARTESIAN_POINT ( 'NONE',  ( 1.774999999999999689, 0.1999999999999999833, 2.950000000000001066 ) ) ;
#5090 = ORIENTED_EDGE ( 'NONE', *, *, #7622, .F. ) ;
#5091 = DIRECTION ( 'NONE',  ( -1.000000000000000000, 0.000000000000000000, 0.000000000000000000 ) ) ;
#5092 = VECTOR ( 'NONE', #6254, 1000.000000000000000 ) ;
#5093 = ORIENTED_EDGE ( 'NONE', *, *, #9112, .T. ) ;
#5094 = DIRECTION ( 'NONE',  ( 1.000000000000000000, 0.000000000000000000, -0.000000000000000000 ) ) ;
#5095 = ADVANCED_FACE ( 'NONE', ( #3916 ), #3148, .T. ) ;
#5096 = ORIENTED_EDGE ( 'NONE', *, *, #5320, .F. ) ;
#5097 = DIRECTION ( 'NONE',  ( -0.000000000000000000, 0.000000000000000000, -1.000000000000000000 ) ) ;
#5098 = AXIS2_PLACEMENT_3D ( 'NONE', #4699, #7802, #3831 ) ;
#5099 = ADVANCED_FACE ( 'NONE', ( #2189 ), #2215, .T. ) ;
#5100 = LINE ( 'NONE', #7522, #6309 ) ;
#5101 = CARTESIAN_POINT ( 'NONE',  ( 0.4749999999999988676, 0.1999999999999999833, -2.950000000000000178 ) ) ;
#5102 = DIRECTION ( 'NONE',  ( 0.000000000000000000, 0.000000000000000000, 1.000000000000000000 ) ) ;
#5103 = EDGE_LOOP ( 'NONE', ( #7597, #1094, #8214, #3822 ) ) ;
#5104 = ORIENTED_EDGE ( 'NONE', *, *, #2694, .F. ) ;
#5105 = DIRECTION ( 'NONE',  ( 1.000000000000000000, 0.000000000000000000, -0.000000000000000000 ) ) ;
#5106 = FACE_OUTER_BOUND ( 'NONE', #97, .T. ) ;
#5107 = ORIENTED_EDGE ( 'NONE', *, *, #6043, .F. ) ;
#5108 = LINE ( 'NONE', #985, #659 ) ;
#5109 = CARTESIAN_POINT ( 'NONE',  ( 3.500000000000000444, 0.8264982043070829842, -1.475000000000000089 ) ) ;
#5110 = CARTESIAN_POINT ( 'NONE',  ( 1.124999999999998890, 0.2000000000000000111, -2.950000000000000178 ) ) ;
#5111 = LINE ( 'NONE', #8368, #8894 ) ;
#5112 = ORIENTED_EDGE ( 'NONE', *, *, #4736, .T. ) ;
#5113 = CARTESIAN_POINT ( 'NONE',  ( 2.950000000000000178, 0.1999999999999999833, 0.8250000000000006217 ) ) ;
#5114 = DIRECTION ( 'NONE',  ( -0.000000000000000000, -1.000000000000000000, -0.000000000000000000 ) ) ;
#5115 = AXIS2_PLACEMENT_3D ( 'NONE', #7422, #1996, #6666 ) ;
#5116 = CARTESIAN_POINT ( 'NONE',  ( 0.8250000000000006217, 0.1999999999999999833, 2.950000000000001066 ) ) ;
#5117 = VERTEX_POINT ( 'NONE', #5478 ) ;
#5118 = ORIENTED_EDGE ( 'NONE', *, *, #2515, .T. ) ;
#5119 = LINE ( 'NONE', #1028, #6815 ) ;
#5120 = DIRECTION ( 'NONE',  ( 0.000000000000000000, 0.000000000000000000, 1.000000000000000000 ) ) ;
#5121 = LINE ( 'NONE', #3432, #54 ) ;
#5122 = CARTESIAN_POINT ( 'NONE',  ( 2.425000000000001155, 0.000000000000000000, 3.500000000000001332 ) ) ;
#5123 = CARTESIAN_POINT ( 'NONE',  ( -0.8250000000000001776, 0.000000000000000000, -3.500000000000000444 ) ) ;
#5124 = VECTOR ( 'NONE', #4190, 1000.000000000000000 ) ;
#5125 = DIRECTION ( 'NONE',  ( 0.000000000000000000, 0.000000000000000000, -1.000000000000000000 ) ) ;
#5126 = ORIENTED_EDGE ( 'NONE', *, *, #9649, .T. ) ;
#5127 = CARTESIAN_POINT ( 'NONE',  ( -2.125000000000000000, 0.2000000000000000111, 2.950000000000001066 ) ) ;
#5128 = LINE ( 'NONE', #9135, #7076 ) ;
#5129 = MECHANICAL_DESIGN_GEOMETRIC_PRESENTATION_REPRESENTATION (  '', ( #7613 ), #8135 ) ;
#5130 = VERTEX_POINT ( 'NONE', #1553 ) ;
#5131 = LINE ( 'NONE', #5073, #9031 ) ;
#5132 = EDGE_CURVE ( 'NONE', #7857, #3812, #7602, .T. ) ;
#5133 = CARTESIAN_POINT ( 'NONE',  ( -2.950000000000000178, 0.8264982043070829842, -2.125000000000000000 ) ) ;
#5134 = LINE ( 'NONE', #7674, #4275 ) ;
#5135 = DIRECTION ( 'NONE',  ( 0.000000000000000000, -0.000000000000000000, 1.000000000000000000 ) ) ;
#5136 = CARTESIAN_POINT ( 'NONE',  ( -0.1750000000000002387, 0.04999999999999999584, 2.950000000000001066 ) ) ;
#5137 = EDGE_CURVE ( 'NONE', #1309, #9378, #3783, .T. ) ;
#5138 = EDGE_LOOP ( 'NONE', ( #2338, #982, #6992, #9076 ) ) ;
#5139 = CARTESIAN_POINT ( 'NONE',  ( 2.600000000000000089, 0.000000000000000000, 0.000000000000000000 ) ) ;
#5140 = CARTESIAN_POINT ( 'NONE',  ( 3.500000000000000444, 0.04999999999999969746, 1.774999999999999689 ) ) ;
#5141 = LINE ( 'NONE', #8974, #4894 ) ;
#5142 = EDGE_CURVE ( 'NONE', #9169, #8253, #2070, .T. ) ;
#5143 = ORIENTED_EDGE ( 'NONE', *, *, #8455, .F. ) ;
#5144 = DIRECTION ( 'NONE',  ( 0.000000000000000000, 0.000000000000000000, -1.000000000000000000 ) ) ;
#5145 = ADVANCED_FACE ( 'NONE', ( #4045 ), #8475, .T. ) ;
#5146 = PLANE ( 'NONE',  #7290 ) ;
#5147 = AXIS2_PLACEMENT_3D ( 'NONE', #5082, #6643, #9001 ) ;
#5148 = ORIENTED_EDGE ( 'NONE', *, *, #10081, .T. ) ;
#5149 = LINE ( 'NONE', #2586, #5989 ) ;
#5150 = DIRECTION ( 'NONE',  ( 0.000000000000000000, 0.000000000000000000, 1.000000000000000000 ) ) ;
#5151 = DIRECTION ( 'NONE',  ( 0.000000000000000000, -1.000000000000000000, 0.000000000000000000 ) ) ;
#5152 = EDGE_CURVE ( 'NONE', #9848, #735, #5509, .T. ) ;
#5153 = ADVANCED_FACE ( 'NONE', ( #8679 ), #6940, .T. ) ;
#5154 = FACE_OUTER_BOUND ( 'NONE', #3368, .T. ) ;
#5155 = VERTEX_POINT ( 'NONE', #6160 ) ;
#5156 = CARTESIAN_POINT ( 'NONE',  ( 0.4749999999999997558, 0.2000000000000000111, -3.500000000000000444 ) ) ;
#5157 = CARTESIAN_POINT ( 'NONE',  ( -0.8250000000000010658, 0.1999999999999999833, -2.950000000000000178 ) ) ;
#5158 = ORIENTED_EDGE ( 'NONE', *, *, #4793, .F. ) ;
#5159 = PLANE ( 'NONE',  #4564 ) ;
#5160 = VERTEX_POINT ( 'NONE', #10119 ) ;
#5161 = LINE ( 'NONE', #5657, #6360 ) ;
#5162 = LINE ( 'NONE', #9327, #2319 ) ;
#5163 = AXIS2_PLACEMENT_3D ( 'NONE', #7884, #116, #7206 ) ;
#5164 = LINE ( 'NONE', #6433, #1954 ) ;
#5165 = ORIENTED_EDGE ( 'NONE', *, *, #2447, .T. ) ;
#5166 = CARTESIAN_POINT ( 'NONE',  ( 0.000000000000000000, 0.05000000000000000278, 0.1750000000000006828 ) ) ;
#5167 = VECTOR ( 'NONE', #8477, 1000.000000000000000 ) ;
#5168 = CARTESIAN_POINT ( 'NONE',  ( -1.774999999999999245, 0.000000000000000000, 2.950000000000001066 ) ) ;
#5169 = LINE ( 'NONE', #7834, #1823 ) ;
#5170 = ORIENTED_EDGE ( 'NONE', *, *, #5654, .F. ) ;
#5171 = AXIS2_PLACEMENT_3D ( 'NONE', #9401, #6288, #10145 ) ;
#5172 = VERTEX_POINT ( 'NONE', #7773 ) ;
#5173 = DIRECTION ( 'NONE',  ( 0.000000000000000000, 0.000000000000000000, -1.000000000000000000 ) ) ;
#5174 = ORIENTED_EDGE ( 'NONE', *, *, #4090, .T. ) ;
#5175 = LINE ( 'NONE', #9555, #3083 ) ;
#5176 = DIRECTION ( 'NONE',  ( 0.000000000000000000, -1.000000000000000000, 0.000000000000000000 ) ) ;
#5177 = DIRECTION ( 'NONE',  ( 1.000000000000000000, -0.000000000000000000, 0.000000000000000000 ) ) ;
#5178 = CARTESIAN_POINT ( 'NONE',  ( -2.950000000000000178, 0.000000000000000000, 2.425000000000000266 ) ) ;
#5179 = SURFACE_STYLE_FILL_AREA ( #613 ) ;
#5180 = CARTESIAN_POINT ( 'NONE',  ( -3.500000000000000444, 0.000000000000000000, -0.8250000000000001776 ) ) ;
#5181 = CARTESIAN_POINT ( 'NONE',  ( -3.500000000000000444, 0.8264982043070829842, 0.4749999999999997558 ) ) ;
#5182 = ORIENTED_EDGE ( 'NONE', *, *, #5265, .T. ) ;
#5183 = ORIENTED_EDGE ( 'NONE', *, *, #6120, .T. ) ;
#5184 = ORIENTED_EDGE ( 'NONE', *, *, #9779, .F. ) ;
#5185 = DIRECTION ( 'NONE',  ( 0.000000000000000000, 0.000000000000000000, -1.000000000000000000 ) ) ;
#5186 = DIRECTION ( 'NONE',  ( 0.000000000000000000, 0.000000000000000000, 1.000000000000000000 ) ) ;
#5187 = PLANE ( 'NONE',  #10124 ) ;
#5188 = EDGE_LOOP ( 'NONE', ( #5907, #6761, #9758, #1096 ) ) ;
#5189 = AXIS2_PLACEMENT_3D ( 'NONE', #10179, #1508, #6963 ) ;
#5190 = CIRCLE ( 'NONE', #3046, 0.1999999999999996503 ) ;
#5191 = EDGE_CURVE ( 'NONE', #4079, #2872, #5764, .T. ) ;
#5192 = PLANE ( 'NONE',  #6290 ) ;
#5193 = ORIENTED_EDGE ( 'NONE', *, *, #1302, .T. ) ;
#5194 = VERTEX_POINT ( 'NONE', #10196 ) ;
#5195 = MANIFOLD_SOLID_BREP ( 'LPattern3[2]', #5455 ) ;
#5196 = ADVANCED_FACE ( 'NONE', ( #10146 ), #7937, .T. ) ;
#5197 = EDGE_CURVE ( 'NONE', #9604, #2025, #7961, .T. ) ;
#5198 = ORIENTED_EDGE ( 'NONE', *, *, #6571, .T. ) ;
#5199 = VECTOR ( 'NONE', #3905, 1000.000000000000000 ) ;
#5200 = CARTESIAN_POINT ( 'NONE',  ( 2.950000000000000178, 0.1999999999999999833, -1.124999999999999334 ) ) ;
#5201 = ADVANCED_FACE ( 'NONE', ( #8559 ), #1727, .F. ) ;
#5202 = EDGE_CURVE ( 'NONE', #956, #9341, #1816, .T. ) ;
#5203 = CARTESIAN_POINT ( 'NONE',  ( -2.125000000000000000, 0.1999999999999999833, 2.950000000000001066 ) ) ;
#5204 = ORIENTED_EDGE ( 'NONE', *, *, #1916, .F. ) ;
#5205 = DIRECTION ( 'NONE',  ( -1.577021341797097215E-15, 0.000000000000000000, 1.000000000000000000 ) ) ;
#5206 = AXIS2_PLACEMENT_3D ( 'NONE', #6106, #529, #3717 ) ;
#5207 = UNCERTAINTY_MEASURE_WITH_UNIT (LENGTH_MEASURE( 1.000000000000000082E-05 ), #5279, 'distance_accuracy_value', 'NONE');
#5208 = ORIENTED_EDGE ( 'NONE', *, *, #4484, .T. ) ;
#5209 = PLANE ( 'NONE',  #205 ) ;
#5210 = DIRECTION ( 'NONE',  ( -1.000000000000000000, 0.000000000000000000, 0.000000000000000000 ) ) ;
#5211 = EDGE_CURVE ( 'NONE', #5776, #6414, #8817, .T. ) ;
#5212 = PLANE ( 'NONE',  #137 ) ;
#5213 = CARTESIAN_POINT ( 'NONE',  ( -3.500000000000000000, 0.05000000000000000278, 3.500000000000000444 ) ) ;
#5214 = ORIENTED_EDGE ( 'NONE', *, *, #7695, .F. ) ;
#5215 = CARTESIAN_POINT ( 'NONE',  ( 0.000000000000000000, 0.000000000000000000, 0.6500000000000000222 ) ) ;
#5216 = CARTESIAN_POINT ( 'NONE',  ( 1.475000000000000533, 0.04999999999999969746, 3.500000000000001332 ) ) ;
#5217 = PLANE ( 'NONE',  #7323 ) ;
#5218 = EDGE_CURVE ( 'NONE', #3060, #1779, #4529, .T. ) ;
#5219 = AXIS2_PLACEMENT_3D ( 'NONE', #7042, #4038, #2350 ) ;
#5220 = DIRECTION ( 'NONE',  ( 1.000000000000000000, -0.000000000000000000, 0.000000000000000000 ) ) ;
#5221 = EDGE_CURVE ( 'NONE', #7389, #3957, #7362, .T. ) ;
#5222 = EDGE_LOOP ( 'NONE', ( #1958, #5170, #6635, #2223 ) ) ;
#5223 = PLANE ( 'NONE',  #7842 ) ;
#5224 = CARTESIAN_POINT ( 'NONE',  ( -2.950000000000000178, 0.1999999999999999833, 1.124999999999999778 ) ) ;
#5225 = EDGE_LOOP ( 'NONE', ( #7837, #6675, #7302, #9827 ) ) ;
#5226 = DIRECTION ( 'NONE',  ( 1.000000000000000000, 0.000000000000000000, -0.000000000000000000 ) ) ;
#5227 = ORIENTED_EDGE ( 'NONE', *, *, #2043, .T. ) ;
#5228 = LINE ( 'NONE', #4674, #3625 ) ;
#5229 = VERTEX_POINT ( 'NONE', #3276 ) ;
#5230 = DIRECTION ( 'NONE',  ( 1.577021341797097215E-15, 0.000000000000000000, 1.000000000000000000 ) ) ;
#5231 = DIRECTION ( 'NONE',  ( 0.000000000000000000, -0.000000000000000000, 1.000000000000000000 ) ) ;
#5232 = ORIENTED_EDGE ( 'NONE', *, *, #2500, .T. ) ;
#5233 = VECTOR ( 'NONE', #3135, 1000.000000000000000 ) ;
#5234 = LINE ( 'NONE', #6581, #6559 ) ;
#5235 = DIRECTION ( 'NONE',  ( 0.000000000000000000, 0.000000000000000000, 1.000000000000000000 ) ) ;
#5236 = LINE ( 'NONE', #8210, #281 ) ;
#5237 = ORIENTED_EDGE ( 'NONE', *, *, #4860, .T. ) ;
#5238 = SURFACE_STYLE_USAGE ( .BOTH. , #8112 ) ;
#5239 = EDGE_LOOP ( 'NONE', ( #6900, #8965, #5637, #7963 ) ) ;
#5240 = ADVANCED_FACE ( 'NONE', ( #7110 ), #7873, .F. ) ;
#5241 = ORIENTED_EDGE ( 'NONE', *, *, #113, .T. ) ;
#5242 = CARTESIAN_POINT ( 'NONE',  ( 3.500000000000000444, 0.000000000000000000, 1.124999999999999778 ) ) ;
#5243 = PRESENTATION_STYLE_ASSIGNMENT (( #395 ) ) ;
#5244 = VECTOR ( 'NONE', #6111, 1000.000000000000000 ) ;
#5245 = CARTESIAN_POINT ( 'NONE',  ( 2.950000000000000178, 0.8264982043070829842, -0.1750000000000002387 ) ) ;
#5246 = VECTOR ( 'NONE', #426, 1000.000000000000000 ) ;
#5247 = AXIS2_PLACEMENT_3D ( 'NONE', #8257, #3581, #9046 ) ;
#5248 = DIRECTION ( 'NONE',  ( 0.000000000000000000, -0.000000000000000000, 1.000000000000000000 ) ) ;
#5249 = ADVANCED_FACE ( 'NONE', ( #3180 ), #2391, .F. ) ;
#5250 = DIRECTION ( 'NONE',  ( 0.000000000000000000, -1.000000000000000000, 0.000000000000000000 ) ) ;
#5251 = ORIENTED_EDGE ( 'NONE', *, *, #2503, .T. ) ;
#5252 = DIRECTION ( 'NONE',  ( 1.000000000000000000, 0.000000000000000000, 0.000000000000000000 ) ) ;
#5253 = CARTESIAN_POINT ( 'NONE',  ( -3.500000000000000444, 0.000000000000000000, 0.4749999999999997558 ) ) ;
#5254 = VECTOR ( 'NONE', #10188, 1000.000000000000000 ) ;
#5255 = VECTOR ( 'NONE', #6127, 1000.000000000000000 ) ;
#5256 = AXIS2_PLACEMENT_3D ( 'NONE', #2506, #3250, #5588 ) ;
#5257 = EDGE_LOOP ( 'NONE', ( #7858, #211, #4376, #2851 ) ) ;
#5258 = LINE ( 'NONE', #7446, #3542 ) ;
#5259 = EDGE_CURVE ( 'NONE', #4531, #1726, #6480, .T. ) ;
#5260 = LINE ( 'NONE', #4791, #1437 ) ;
#5261 = CARTESIAN_POINT ( 'NONE',  ( 0.000000000000000000, 0.05000000000000000278, 1.124999999999999778 ) ) ;
#5262 = PLANE ( 'NONE',  #9375 ) ;
#5263 = FACE_OUTER_BOUND ( 'NONE', #6614, .T. ) ;
#5264 = PLANE ( 'NONE',  #7670 ) ;
#5265 = EDGE_CURVE ( 'NONE', #651, #8584, #9173, .T. ) ;
#5266 = ORIENTED_EDGE ( 'NONE', *, *, #5218, .T. ) ;
#5267 = EDGE_LOOP ( 'NONE', ( #769, #7399, #8275, #2551 ) ) ;
#5268 = VECTOR ( 'NONE', #3331, 1000.000000000000000 ) ;
#5269 = ORIENTED_EDGE ( 'NONE', *, *, #5132, .F. ) ;
#5270 = DIRECTION ( 'NONE',  ( 0.000000000000000000, -0.000000000000000000, 1.000000000000000000 ) ) ;
#5271 = EDGE_CURVE ( 'NONE', #358, #6077, #4781, .T. ) ;
#5272 = VECTOR ( 'NONE', #8610, 1000.000000000000000 ) ;
#5273 = DIRECTION ( 'NONE',  ( 0.000000000000000000, 0.000000000000000000, -1.000000000000000000 ) ) ;
#5274 = PLANE ( 'NONE',  #10148 ) ;
#5275 = AXIS2_PLACEMENT_3D ( 'NONE', #4266, #8130, #5056 ) ;
#5276 = DIRECTION ( 'NONE',  ( 0.000000000000000000, -0.000000000000000000, 1.000000000000000000 ) ) ;
#5277 = VERTEX_POINT ( 'NONE', #5581 ) ;
#5278 = CARTESIAN_POINT ( 'NONE',  ( 1.774999999999995026, 0.05000000000000000278, -2.799212881689840102E-15 ) ) ;
#5279 =( LENGTH_UNIT ( ) NAMED_UNIT ( * ) SI_UNIT ( .MILLI., .METRE. ) );
#5280 = VECTOR ( 'NONE', #1402, 1000.000000000000000 ) ;
#5281 = VECTOR ( 'NONE', #2737, 1000.000000000000000 ) ;
#5282 = PLANE ( 'NONE',  #3721 ) ;
#5283 = LINE ( 'NONE', #303, #3190 ) ;
#5284 = PLANE ( 'NONE',  #522 ) ;
#5285 = CARTESIAN_POINT ( 'NONE',  ( -2.950000000000000178, 0.8264982043070829842, -1.774999999999999245 ) ) ;
#5286 = VERTEX_POINT ( 'NONE', #261 ) ;
#5287 = ORIENTED_EDGE ( 'NONE', *, *, #8535, .T. ) ;
#5288 = EDGE_LOOP ( 'NONE', ( #10103, #2850, #929, #2839 ) ) ;
#5289 = DIRECTION ( 'NONE',  ( -1.000000000000000000, 0.000000000000000000, 0.000000000000000000 ) ) ;
#5290 = PRESENTATION_LAYER_ASSIGNMENT (  '', '', ( #7588 ) ) ;
#5291 = AXIS2_PLACEMENT_3D ( 'NONE', #2762, #5097, #8262 ) ;
#5292 = ORIENTED_EDGE ( 'NONE', *, *, #8072, .F. ) ;
#5293 = FACE_OUTER_BOUND ( 'NONE', #8811, .T. ) ;
#5294 = ADVANCED_FACE ( 'NONE', ( #4659 ), #971, .T. ) ;
#5295 = DIRECTION ( 'NONE',  ( -1.000000000000000000, 0.000000000000000000, 0.000000000000000000 ) ) ;
#5296 = DIRECTION ( 'NONE',  ( -0.000000000000000000, -1.000000000000000000, -0.000000000000000000 ) ) ;
#5298 = ORIENTED_EDGE ( 'NONE', *, *, #6102, .T. ) ;
#5297 = ADVANCED_FACE ( 'NONE', ( #4176 ), #4906, .F. ) ;
#5299 = ORIENTED_EDGE ( 'NONE', *, *, #7095, .T. ) ;
#5300 = VECTOR ( 'NONE', #2921, 1000.000000000000000 ) ;
#5301 = CARTESIAN_POINT ( 'NONE',  ( -2.125000000000000888, 0.8264982043070834283, -2.950000000000000178 ) ) ;
#5302 = VERTEX_POINT ( 'NONE', #9723 ) ;
#5303 = FACE_OUTER_BOUND ( 'NONE', #8466, .T. ) ;
#5304 = PRESENTATION_LAYER_ASSIGNMENT (  '', '', ( #1798 ) ) ;
#5305 = ORIENTED_EDGE ( 'NONE', *, *, #3798, .F. ) ;
#5306 = ORIENTED_EDGE ( 'NONE', *, *, #1036, .T. ) ;
#5307 = ORIENTED_EDGE ( 'NONE', *, *, #1754, .T. ) ;
#5308 = FILL_AREA_STYLE_COLOUR ( '', #1839 ) ;
#5309 = CARTESIAN_POINT ( 'NONE',  ( 3.500000000000000444, 0.1999999999999999833, 0.4749999999999997558 ) ) ;
#5310 = VECTOR ( 'NONE', #10170, 1000.000000000000000 ) ;
#5311 = VERTEX_POINT ( 'NONE', #7369 ) ;
#5312 = DIRECTION ( 'NONE',  ( -0.000000000000000000, -0.000000000000000000, 1.000000000000000000 ) ) ;
#5313 = VECTOR ( 'NONE', #3604, 1000.000000000000000 ) ;
#5314 = VERTEX_POINT ( 'NONE', #2670 ) ;
#5315 = CARTESIAN_POINT ( 'NONE',  ( 2.950000000000000178, 0.05000000000000000278, 0.000000000000000000 ) ) ;
#5316 = MANIFOLD_SOLID_BREP ( 'LPattern3[6]', #243 ) ;
#5317 = AXIS2_PLACEMENT_3D ( 'NONE', #82, #1712, #813 ) ;
#5318 = CARTESIAN_POINT ( 'NONE',  ( 2.950000000000000178, 0.05000000000000002359, 1.774999999999999689 ) ) ;
#5319 = ORIENTED_EDGE ( 'NONE', *, *, #9117, .T. ) ;
#5320 = EDGE_CURVE ( 'NONE', #7386, #6660, #1081, .T. ) ;
#5321 = VECTOR ( 'NONE', #7992, 1000.000000000000000 ) ;
#5322 = CARTESIAN_POINT ( 'NONE',  ( 3.500000000000000444, 0.2000000000000005107, -0.4749999999999997558 ) ) ;
#5323 = ORIENTED_EDGE ( 'NONE', *, *, #8142, .F. ) ;
#5324 = EDGE_CURVE ( 'NONE', #10031, #4927, #3414, .T. ) ;
#5325 = DIRECTION ( 'NONE',  ( 0.000000000000000000, -1.000000000000000000, 0.000000000000000000 ) ) ;
#5327 = EDGE_CURVE ( 'NONE', #4388, #4219, #5023, .T. ) ;
#5326 = VECTOR ( 'NONE', #5510, 1000.000000000000000 ) ;
#5328 = PLANE ( 'NONE',  #617 ) ;
#5329 = VERTEX_POINT ( 'NONE', #8784 ) ;
#5330 = CARTESIAN_POINT ( 'NONE',  ( 3.500000000000000444, 0.1999999999999999833, 1.124999999999999778 ) ) ;
#5331 = ORIENTED_EDGE ( 'NONE', *, *, #2785, .T. ) ;
#5332 = PLANE ( 'NONE',  #5893 ) ;
#5333 = EDGE_CURVE ( 'NONE', #3967, #10056, #196, .T. ) ;
#5334 = VECTOR ( 'NONE', #6061, 1000.000000000000000 ) ;
#5335 = DIRECTION ( 'NONE',  ( 0.000000000000000000, 0.000000000000000000, -1.000000000000000000 ) ) ;
#5336 = ADVANCED_FACE ( 'NONE', ( #2930 ), #2705, .T. ) ;
#5337 = ORIENTED_EDGE ( 'NONE', *, *, #8875, .T. ) ;
#5338 = DIRECTION ( 'NONE',  ( 1.000000000000000000, 0.000000000000000000, -1.239088197126290570E-16 ) ) ;
#5339 = ORIENTED_EDGE ( 'NONE', *, *, #8471, .F. ) ;
#5340 = EDGE_CURVE ( 'NONE', #10162, #705, #8308, .T. ) ;
#5341 = ADVANCED_FACE ( 'NONE', ( #9546 ), #4110, .F. ) ;
#5342 = AXIS2_PLACEMENT_3D ( 'NONE', #4908, #6530, #5007 ) ;
#5343 =( GEOMETRIC_REPRESENTATION_CONTEXT ( 3 ) GLOBAL_UNCERTAINTY_ASSIGNED_CONTEXT ( ( #893 ) ) GLOBAL_UNIT_ASSIGNED_CONTEXT ( ( #7331, #1889, #3407 ) ) REPRESENTATION_CONTEXT ( 'NONE', 'WORKASPACE' ) );
#5344 =( NAMED_UNIT ( * ) SI_UNIT ( $, .STERADIAN. ) SOLID_ANGLE_UNIT ( ) );
#5345 = LINE ( 'NONE', #3644, #1903 ) ;
#5346 = CARTESIAN_POINT ( 'NONE',  ( 1.774999999999999689, 0.2000000000000000111, -3.500000000000000444 ) ) ;
#5347 = FACE_OUTER_BOUND ( 'NONE', #220, .T. ) ;
#5348 = ORIENTED_EDGE ( 'NONE', *, *, #7085, .T. ) ;
#5349 = CARTESIAN_POINT ( 'NONE',  ( 1.124999999999998890, 0.2000000000000000111, -2.950000000000000178 ) ) ;
#5350 = PLANE ( 'NONE',  #2305 ) ;
#5351 = VERTEX_POINT ( 'NONE', #8049 ) ;
#5352 = ORIENTED_EDGE ( 'NONE', *, *, #5580, .F. ) ;
#5353 = VECTOR ( 'NONE', #10017, 1000.000000000000000 ) ;
#5354 = FACE_OUTER_BOUND ( 'NONE', #2709, .T. ) ;
#5355 = LINE ( 'NONE', #7789, #6327 ) ;
#5356 = VECTOR ( 'NONE', #4771, 1000.000000000000000 ) ;
#5357 = DIRECTION ( 'NONE',  ( -0.000000000000000000, 0.000000000000000000, -1.000000000000000000 ) ) ;
#5358 = AXIS2_PLACEMENT_3D ( 'NONE', #1622, #4082, #8681 ) ;
#5359 = DIRECTION ( 'NONE',  ( 0.000000000000000000, -1.000000000000000000, 0.000000000000000000 ) ) ;
#5360 = DIRECTION ( 'NONE',  ( -1.577021341797097215E-15, 0.000000000000000000, 1.000000000000000000 ) ) ;
#5361 = ORIENTED_EDGE ( 'NONE', *, *, #5586, .F. ) ;
#5362 = VECTOR ( 'NONE', #6969, 1000.000000000000000 ) ;
#5363 = VECTOR ( 'NONE', #9187, 1000.000000000000000 ) ;
#5364 = PLANE ( 'NONE',  #3979 ) ;
#5365 = CARTESIAN_POINT ( 'NONE',  ( 0.4750000000000005884, 0.8264982043070834283, 3.500000000000001332 ) ) ;
#5366 = DIRECTION ( 'NONE',  ( 0.000000000000000000, -1.000000000000000000, 0.000000000000000000 ) ) ;
#5367 = VERTEX_POINT ( 'NONE', #198 ) ;
#5368 = CARTESIAN_POINT ( 'NONE',  ( 0.000000000000000000, 0.2000000000000000111, 0.000000000000000000 ) ) ;
#5369 = DIRECTION ( 'NONE',  ( -0.000000000000000000, 0.000000000000000000, -1.000000000000000000 ) ) ;
#5370 = EDGE_CURVE ( 'NONE', #9025, #1980, #8923, .T. ) ;
#5371 = LINE ( 'NONE', #7037, #6214 ) ;
#5372 =( LENGTH_UNIT ( ) NAMED_UNIT ( * ) SI_UNIT ( .MILLI., .METRE. ) );
#5373 = VERTEX_POINT ( 'NONE', #8889 ) ;
#5374 = CARTESIAN_POINT ( 'NONE',  ( 2.950000000000000178, 0.000000000000000000, -0.1750000000000002387 ) ) ;
#5375 = EDGE_CURVE ( 'NONE', #6972, #7330, #8806, .T. ) ;
#5376 = EDGE_LOOP ( 'NONE', ( #5400, #6797, #8312, #6736 ) ) ;
#5377 = FACE_OUTER_BOUND ( 'NONE', #3866, .T. ) ;
#5378 = CARTESIAN_POINT ( 'NONE',  ( 3.500000000000000444, 0.8264982043070829842, -1.475000000000000089 ) ) ;
#5379 = LINE ( 'NONE', #4943, #8193 ) ;
#5380 = DIRECTION ( 'NONE',  ( -1.000000000000000000, 0.000000000000000000, 0.000000000000000000 ) ) ;
#5381 = DIRECTION ( 'NONE',  ( 1.000000000000000000, 0.000000000000000000, -0.000000000000000000 ) ) ;
#5382 = LINE ( 'NONE', #9976, #446 ) ;
#5383 = EDGE_CURVE ( 'NONE', #737, #2870, #3171, .T. ) ;
#5384 = ADVANCED_FACE ( 'NONE', ( #5154 ), #8114, .T. ) ;
#5385 = ORIENTED_EDGE ( 'NONE', *, *, #5718, .T. ) ;
#5386 = ORIENTED_EDGE ( 'NONE', *, *, #9666, .F. ) ;
#5387 = EDGE_CURVE ( 'NONE', #191, #8199, #6729, .T. ) ;
#5388 = CARTESIAN_POINT ( 'NONE',  ( -2.125000000000000000, 0.2000000000000002054, -3.500000000000000444 ) ) ;
#5389 = ORIENTED_EDGE ( 'NONE', *, *, #623, .F. ) ;
#5390 = VECTOR ( 'NONE', #2430, 1000.000000000000000 ) ;
#5391 = DIRECTION ( 'NONE',  ( 0.000000000000000000, 1.000000000000000000, 0.000000000000000000 ) ) ;
#5392 = CARTESIAN_POINT ( 'NONE',  ( -2.425000000000000266, 0.1999999999999999833, -3.500000000000000444 ) ) ;
#5393 = ADVANCED_FACE ( 'NONE', ( #5263 ), #3520, .F. ) ;
#5394 = LINE ( 'NONE', #2238, #1572 ) ;
#5395 = CARTESIAN_POINT ( 'NONE',  ( -3.500000000000000444, 0.8264982043070829842, -2.125000000000000000 ) ) ;
#5396 = EDGE_CURVE ( 'NONE', #577, #4216, #4773, .T. ) ;
#5398 = VECTOR ( 'NONE', #245, 1000.000000000000000 ) ;
#5397 = PLANE ( 'NONE',  #8631 ) ;
#5399 = ORIENTED_EDGE ( 'NONE', *, *, #2640, .T. ) ;
#5400 = ORIENTED_EDGE ( 'NONE', *, *, #7108, .F. ) ;
#5401 = EDGE_CURVE ( 'NONE', #368, #5714, #3665, .T. ) ;
#5402 = VECTOR ( 'NONE', #8167, 1000.000000000000000 ) ;
#5403 = DIRECTION ( 'NONE',  ( -0.000000000000000000, -1.000000000000000000, -0.000000000000000000 ) ) ;
#5404 = AXIS2_PLACEMENT_3D ( 'NONE', #5395, #3066, #6374 ) ;
#5405 = EDGE_CURVE ( 'NONE', #9344, #4046, #9161, .T. ) ;
#5406 = LINE ( 'NONE', #2646, #3318 ) ;
#5407 = ORIENTED_EDGE ( 'NONE', *, *, #1255, .T. ) ;
#5408 = ORIENTED_EDGE ( 'NONE', *, *, #7741, .T. ) ;
#5409 = EDGE_LOOP ( 'NONE', ( #535, #1454, #3462, #9181 ) ) ;
#5410 = DIRECTION ( 'NONE',  ( -0.000000000000000000, -1.000000000000000000, -0.000000000000000000 ) ) ;
#5411 = ORIENTED_EDGE ( 'NONE', *, *, #2645, .T. ) ;
#5412 = DIRECTION ( 'NONE',  ( -1.000000000000000000, 0.000000000000000000, 1.577021341797097215E-15 ) ) ;
#5413 = FACE_OUTER_BOUND ( 'NONE', #2604, .T. ) ;
#5414 = DIRECTION ( 'NONE',  ( 0.000000000000000000, 0.000000000000000000, -1.000000000000000000 ) ) ;
#5415 = LINE ( 'NONE', #2875, #7511 ) ;
#5416 = CARTESIAN_POINT ( 'NONE',  ( 0.000000000000000000, 0.05000000000000000278, 2.125000000000000888 ) ) ;
#5417 = DIRECTION ( 'NONE',  ( 0.000000000000000000, -0.000000000000000000, -1.000000000000000000 ) ) ;
#5418 = PLANE ( 'NONE',  #9423 ) ;
#5419 = DIRECTION ( 'NONE',  ( 0.000000000000000000, 0.000000000000000000, 1.000000000000000000 ) ) ;
#5420 = AXIS2_PLACEMENT_3D ( 'NONE', #1957, #5904, #5804 ) ;
#5421 = ORIENTED_EDGE ( 'NONE', *, *, #3216, .T. ) ;
#5422 = ORIENTED_EDGE ( 'NONE', *, *, #3026, .F. ) ;
#5423 = ORIENTED_EDGE ( 'NONE', *, *, #7241, .T. ) ;
#5424 = LINE ( 'NONE', #9637, #8717 ) ;
#5425 = PLANE ( 'NONE',  #3179 ) ;
#5426 = VECTOR ( 'NONE', #7015, 1000.000000000000000 ) ;
#5427 = DIRECTION ( 'NONE',  ( 1.577021341797097215E-15, 0.000000000000000000, 1.000000000000000000 ) ) ;
#5428 = DIRECTION ( 'NONE',  ( -0.000000000000000000, -0.000000000000000000, 1.000000000000000000 ) ) ;
#5429 = ORIENTED_EDGE ( 'NONE', *, *, #4077, .T. ) ;
#5430 = DIRECTION ( 'NONE',  ( -0.000000000000000000, -1.000000000000000000, -0.000000000000000000 ) ) ;
#5431 = FACE_OUTER_BOUND ( 'NONE', #8898, .T. ) ;
#5432 = AXIS2_PLACEMENT_3D ( 'NONE', #4706, #7055, #2366 ) ;
#5433 = VECTOR ( 'NONE', #6987, 1000.000000000000000 ) ;
#5434 = DIRECTION ( 'NONE',  ( -0.000000000000000000, -1.000000000000000000, -0.000000000000000000 ) ) ;
#5435 = ORIENTED_EDGE ( 'NONE', *, *, #5723, .T. ) ;
#5436 = CARTESIAN_POINT ( 'NONE',  ( 3.500000000000000444, 0.1999999999999999833, 1.774999999999999689 ) ) ;
#5437 = DIRECTION ( 'NONE',  ( 0.000000000000000000, -1.000000000000000000, 0.000000000000000000 ) ) ;
#5438 = ORIENTED_EDGE ( 'NONE', *, *, #3742, .T. ) ;
#5439 = ADVANCED_FACE ( 'NONE', ( #9412 ), #6703, .F. ) ;
#5440 = VECTOR ( 'NONE', #4274, 1000.000000000000000 ) ;
#5441 = DIRECTION ( 'NONE',  ( -0.000000000000000000, -1.000000000000000000, -0.000000000000000000 ) ) ;
#5442 = PLANE ( 'NONE',  #8832 ) ;
#5443 = CARTESIAN_POINT ( 'NONE',  ( -0.8250000000000010658, 0.2000000000000000111, -2.950000000000000178 ) ) ;
#5444 = EDGE_LOOP ( 'NONE', ( #7638, #5880, #4332, #6810 ) ) ;
#5445 = CARTESIAN_POINT ( 'NONE',  ( 3.500000000000000444, 0.8264982043070829842, 1.774999999999999689 ) ) ;
#5446 = ADVANCED_FACE ( 'NONE', ( #6475 ), #6670, .F. ) ;
#5447 = DIRECTION ( 'NONE',  ( -1.000000000000000000, 0.000000000000000000, 0.000000000000000000 ) ) ;
#5448 = EDGE_CURVE ( 'NONE', #9913, #3629, #820, .T. ) ;
#5449 = CARTESIAN_POINT ( 'NONE',  ( 2.950000000000000178, 0.1999999999999999833, 2.125000000000000888 ) ) ;
#5450 = DIRECTION ( 'NONE',  ( 0.000000000000000000, -1.000000000000000000, 0.000000000000000000 ) ) ;
#5451 = VECTOR ( 'NONE', #7011, 1000.000000000000000 ) ;
#5452 = EDGE_CURVE ( 'NONE', #2609, #1088, #561, .T. ) ;
#5453 = ORIENTED_EDGE ( 'NONE', *, *, #1237, .T. ) ;
#5454 = DIRECTION ( 'NONE',  ( 0.000000000000000000, -0.000000000000000000, 1.000000000000000000 ) ) ;
#5455 = CLOSED_SHELL ( 'NONE', ( #6728, #271, #6973, #3032, #2190, #1055 ) ) ;
#5456 = CARTESIAN_POINT ( 'NONE',  ( -2.950000000000000178, 0.8264982043070829842, 0.4749999999999997558 ) ) ;
#5457 = CARTESIAN_POINT ( 'NONE',  ( -2.950000000000000178, 0.05000000000000000278, 0.000000000000000000 ) ) ;
#5458 = EDGE_CURVE ( 'NONE', #7289, #1113, #7094, .T. ) ;
#5459 = CARTESIAN_POINT ( 'NONE',  ( 3.500000000000000444, 0.8264982043070829842, 1.475000000000000533 ) ) ;
#5460 = AXIS2_PLACEMENT_3D ( 'NONE', #7743, #8647, #7056 ) ;
#5461 = EDGE_CURVE ( 'NONE', #5953, #1515, #4649, .T. ) ;
#5462 = LINE ( 'NONE', #7004, #4244 ) ;
#5463 = ORIENTED_EDGE ( 'NONE', *, *, #6950, .T. ) ;
#5464 = ORIENTED_EDGE ( 'NONE', *, *, #3429, .T. ) ;
#5465 = CARTESIAN_POINT ( 'NONE',  ( -3.500000000000000444, 0.000000000000000000, 1.124999999999999778 ) ) ;
#5466 = DIRECTION ( 'NONE',  ( 1.000000000000000000, 0.000000000000000000, 0.000000000000000000 ) ) ;
#5467 = DIRECTION ( 'NONE',  ( 0.000000000000000000, -1.000000000000000000, 0.000000000000000000 ) ) ;
#5468 = LINE ( 'NONE', #287, #787 ) ;
#5469 = FACE_OUTER_BOUND ( 'NONE', #7831, .T. ) ;
#5470 = DIRECTION ( 'NONE',  ( 0.000000000000000000, 0.000000000000000000, 1.000000000000000000 ) ) ;
#5471 = FACE_OUTER_BOUND ( 'NONE', #3725, .T. ) ;
#5472 = ORIENTED_EDGE ( 'NONE', *, *, #8392, .T. ) ;
#5473 = AXIS2_PLACEMENT_3D ( 'NONE', #9126, #2174, #6929 ) ;
#5474 = CARTESIAN_POINT ( 'NONE',  ( 3.500000000000000444, 0.05000000000000000278, 3.499999999999999556 ) ) ;
#5475 = DIRECTION ( 'NONE',  ( -1.577021341797097215E-15, 0.000000000000000000, 1.000000000000000000 ) ) ;
#5476 = ORIENTED_EDGE ( 'NONE', *, *, #2508, .T. ) ;
#5477 = LINE ( 'NONE', #4932, #6325 ) ;
#5478 = CARTESIAN_POINT ( 'NONE',  ( -2.950000000000000178, 0.000000000000000000, -1.475000000000000089 ) ) ;
#5479 = SURFACE_STYLE_FILL_AREA ( #1098 ) ;
#5480 = DIRECTION ( 'NONE',  ( 0.000000000000000000, 1.000000000000000000, 0.000000000000000000 ) ) ;
#5481 = CARTESIAN_POINT ( 'NONE',  ( -1.774999999999999245, 0.000000000000000000, 2.950000000000001066 ) ) ;
#5482 = DIRECTION ( 'NONE',  ( 0.000000000000000000, -1.000000000000000000, 0.000000000000000000 ) ) ;
#5483 = VERTEX_POINT ( 'NONE', #2841 ) ;
#5484 = VECTOR ( 'NONE', #4246, 1000.000000000000000 ) ;
#5485 = CARTESIAN_POINT ( 'NONE',  ( 1.774999999999999689, 0.000000000000000000, 2.950000000000001066 ) ) ;
#5486 = AXIS2_PLACEMENT_3D ( 'NONE', #7658, #4403, #9216 ) ;
#5487 = ADVANCED_FACE ( 'NONE', ( #1325 ), #5078, .F. ) ;
#5488 = CARTESIAN_POINT ( 'NONE',  ( 3.500000000000000444, 0.8264982043070829842, 1.774999999999999689 ) ) ;
#5489 = UNCERTAINTY_MEASURE_WITH_UNIT (LENGTH_MEASURE( 1.000000000000000082E-05 ), #2779, 'distance_accuracy_value', 'NONE');
#5490 =( NAMED_UNIT ( * ) PLANE_ANGLE_UNIT ( ) SI_UNIT ( $, .RADIAN. ) );
#5491 = VERTEX_POINT ( 'NONE', #1935 ) ;
#5492 = VECTOR ( 'NONE', #1086, 1000.000000000000000 ) ;
#5493 = ADVANCED_FACE ( 'NONE', ( #9801 ), #396, .F. ) ;
#5494 = PRESENTATION_LAYER_ASSIGNMENT (  '', '', ( #2684 ) ) ;
#5495 = VECTOR ( 'NONE', #1975, 1000.000000000000000 ) ;
#5496 = FACE_OUTER_BOUND ( 'NONE', #7159, .T. ) ;
#5497 = CARTESIAN_POINT ( 'NONE',  ( -1.474999999999998979, 0.2000000000000005107, 3.500000000000000000 ) ) ;
#5498 = VERTEX_POINT ( 'NONE', #8299 ) ;
#5499 = VERTEX_POINT ( 'NONE', #9093 ) ;
#5500 = AXIS2_PLACEMENT_3D ( 'NONE', #576, #1384, #9196 ) ;
#5501 = CARTESIAN_POINT ( 'NONE',  ( -3.500000000000000444, 0.04999999999999969746, 1.124999999999999778 ) ) ;
#5502 = ORIENTED_EDGE ( 'NONE', *, *, #3558, .F. ) ;
#5503 = LINE ( 'NONE', #8031, #7102 ) ;
#5504 = PLANE ( 'NONE',  #8777 ) ;
#5505 = ORIENTED_EDGE ( 'NONE', *, *, #10174, .F. ) ;
#5506 = EDGE_CURVE ( 'NONE', #6602, #10084, #955, .T. ) ;
#5507 = VECTOR ( 'NONE', #7305, 1000.000000000000000 ) ;
#5508 = DIRECTION ( 'NONE',  ( -0.000000000000000000, -0.000000000000000000, 1.000000000000000000 ) ) ;
#5509 = LINE ( 'NONE', #622, #2322 ) ;
#5510 = DIRECTION ( 'NONE',  ( -0.000000000000000000, -1.000000000000000000, -0.000000000000000000 ) ) ;
#5511 = ORIENTED_EDGE ( 'NONE', *, *, #2224, .T. ) ;
#5512 = DIRECTION ( 'NONE',  ( 9.227252531791527858E-17, 0.000000000000000000, -1.000000000000000000 ) ) ;
#5513 = EDGE_CURVE ( 'NONE', #5937, #7196, #9053, .T. ) ;
#5514 = VERTEX_POINT ( 'NONE', #1215 ) ;
#5515 = CARTESIAN_POINT ( 'NONE',  ( -0.4749999999999993117, 0.000000000000000000, 3.500000000000001332 ) ) ;
#5516 = DIRECTION ( 'NONE',  ( 1.000000000000000000, -0.000000000000000000, -0.000000000000000000 ) ) ;
#5517 = PLANE ( 'NONE',  #6210 ) ;
#5518 = LINE ( 'NONE', #2965, #8810 ) ;
#5519 = CARTESIAN_POINT ( 'NONE',  ( -2.950000000000000178, 0.8264982043070829842, -2.125000000000000000 ) ) ;
#5520 = ORIENTED_EDGE ( 'NONE', *, *, #1813, .T. ) ;
#5521 = DIRECTION ( 'NONE',  ( -1.000000000000000000, 0.000000000000000000, 0.000000000000000000 ) ) ;
#5522 = LINE ( 'NONE', #7601, #3431 ) ;
#5523 = EDGE_CURVE ( 'NONE', #5641, #9317, #7227, .T. ) ;
#5524 = CARTESIAN_POINT ( 'NONE',  ( -2.425000000000000266, 0.2000000000000000111, -2.950000000000000178 ) ) ;
#5525 = VECTOR ( 'NONE', #981, 1000.000000000000000 ) ;
#5526 = EDGE_CURVE ( 'NONE', #7000, #2130, #5636, .T. ) ;
#5527 = CLOSED_SHELL ( 'NONE', ( #13, #4108, #2309, #907, #6620, #631 ) ) ;
#5528 = DIRECTION ( 'NONE',  ( -1.000000000000000000, 0.000000000000000000, 0.000000000000000000 ) ) ;
#5529 = ORIENTED_EDGE ( 'NONE', *, *, #4809, .T. ) ;
#5530 = ORIENTED_EDGE ( 'NONE', *, *, #970, .F. ) ;
#5531 = CARTESIAN_POINT ( 'NONE',  ( 2.424999999999999378, 0.2000000000000000111, -2.950000000000000178 ) ) ;
#5532 = EDGE_CURVE ( 'NONE', #3116, #1465, #5382, .T. ) ;
#5533 = ORIENTED_EDGE ( 'NONE', *, *, #9264, .F. ) ;
#5534 = VECTOR ( 'NONE', #3309, 1000.000000000000000 ) ;
#5535 = CARTESIAN_POINT ( 'NONE',  ( 2.125000000000000888, 0.2000000000000000111, 2.950000000000001066 ) ) ;
#5536 = EDGE_CURVE ( 'NONE', #9488, #2872, #1205, .T. ) ;
#5537 = EDGE_LOOP ( 'NONE', ( #8932, #7228, #555, #3904 ) ) ;
#5538 = ORIENTED_EDGE ( 'NONE', *, *, #355, .F. ) ;
#5539 = CARTESIAN_POINT ( 'NONE',  ( -3.500000000000000444, 0.1999999999999999833, -2.125000000000000000 ) ) ;
#5540 = AXIS2_PLACEMENT_3D ( 'NONE', #5595, #2649, #1738 ) ;
#5541 = AXIS2_PLACEMENT_3D ( 'NONE', #8493, #7039, #6208 ) ;
#5542 = ORIENTED_EDGE ( 'NONE', *, *, #2892, .T. ) ;
#5543 = FACE_OUTER_BOUND ( 'NONE', #9934, .T. ) ;
#5544 = CARTESIAN_POINT ( 'NONE',  ( -2.350000000000000089, 6.846803743153548005, -2.350000000000000533 ) ) ;
#5545 = ORIENTED_EDGE ( 'NONE', *, *, #4800, .F. ) ;
#5546 = CARTESIAN_POINT ( 'NONE',  ( 2.950000000000000178, 0.1999999999999999833, 1.475000000000000533 ) ) ;
#5547 = DIRECTION ( 'NONE',  ( -1.000000000000000000, 0.000000000000000000, 0.000000000000000000 ) ) ;
#5548 = ADVANCED_FACE ( 'NONE', ( #4409 ), #5364, .T. ) ;
#5549 = VERTEX_POINT ( 'NONE', #2874 ) ;
#5550 = VERTEX_POINT ( 'NONE', #6863 ) ;
#5551 = DIRECTION ( 'NONE',  ( 0.000000000000000000, -1.000000000000000000, 0.000000000000000000 ) ) ;
#5552 = ORIENTED_EDGE ( 'NONE', *, *, #6950, .F. ) ;
#5553 =( LENGTH_UNIT ( ) NAMED_UNIT ( * ) SI_UNIT ( .MILLI., .METRE. ) );
#5554 = LINE ( 'NONE', #776, #4950 ) ;
#5555 = DIRECTION ( 'NONE',  ( 0.000000000000000000, 0.000000000000000000, -1.000000000000000000 ) ) ;
#5556 = ORIENTED_EDGE ( 'NONE', *, *, #8142, .T. ) ;
#5557 = CARTESIAN_POINT ( 'NONE',  ( 2.950000000000000178, 0.8264982043070829842, 1.774999999999999689 ) ) ;
#5558 = ADVANCED_FACE ( 'NONE', ( #7714 ), #7666, .F. ) ;
#5559 = CARTESIAN_POINT ( 'NONE',  ( -1.125000000000000222, 0.04999999999999999584, -2.950000000000000178 ) ) ;
#5560 = LINE ( 'NONE', #3529, #6892 ) ;
#5561 = ORIENTED_EDGE ( 'NONE', *, *, #8925, .T. ) ;
#5562 = AXIS2_PLACEMENT_3D ( 'NONE', #5368, #4550, #8400 ) ;
#5563 = PLANE ( 'NONE',  #1396 ) ;
#5564 = DIRECTION ( 'NONE',  ( 0.000000000000000000, -0.000000000000000000, 1.000000000000000000 ) ) ;
#5565 = ORIENTED_EDGE ( 'NONE', *, *, #7878, .F. ) ;
#5566 = CARTESIAN_POINT ( 'NONE',  ( 0.6500000000000000222, 0.2000000000000000111, 0.000000000000000000 ) ) ;
#5567 = DIRECTION ( 'NONE',  ( 0.000000000000000000, 1.000000000000000000, 0.000000000000000000 ) ) ;
#5568 = DIRECTION ( 'NONE',  ( 0.000000000000000000, 0.000000000000000000, 1.000000000000000000 ) ) ;
#5569 = ORIENTED_EDGE ( 'NONE', *, *, #619, .T. ) ;
#5570 = EDGE_LOOP ( 'NONE', ( #6386, #2281, #163, #1283 ) ) ;
#5571 = EDGE_CURVE ( 'NONE', #9133, #4531, #1449, .T. ) ;
#5572 = CARTESIAN_POINT ( 'NONE',  ( 1.475000000000000533, 0.2000000000000000111, 2.950000000000001066 ) ) ;
#5573 = ORIENTED_EDGE ( 'NONE', *, *, #4595, .T. ) ;
#5574 = CARTESIAN_POINT ( 'NONE',  ( -0.4750000000000001443, 0.2000000000000000111, -2.950000000000000178 ) ) ;
#5575 = ORIENTED_EDGE ( 'NONE', *, *, #5375, .T. ) ;
#5576 = EDGE_CURVE ( 'NONE', #5943, #1770, #9293, .T. ) ;
#5577 = DIRECTION ( 'NONE',  ( 1.000000000000000000, -0.000000000000000000, -1.239088197126290570E-16 ) ) ;
#5578 = CARTESIAN_POINT ( 'NONE',  ( -0.1750000000000002387, 0.8264982043070834283, -3.500000000000000444 ) ) ;
#5580 = EDGE_CURVE ( 'NONE', #2064, #4327, #5992, .T. ) ;
#5579 = FACE_OUTER_BOUND ( 'NONE', #6139, .T. ) ;
#5581 = CARTESIAN_POINT ( 'NONE',  ( -0.4750000000000001443, 0.04999999999999999584, -2.950000000000000178 ) ) ;
#5582 = ORIENTED_EDGE ( 'NONE', *, *, #1107, .F. ) ;
#5583 = CARTESIAN_POINT ( 'NONE',  ( 2.950000000000000178, 0.1999999999999999833, -2.424999999999999378 ) ) ;
#5584 = DIRECTION ( 'NONE',  ( 0.000000000000000000, 0.000000000000000000, 1.000000000000000000 ) ) ;
#5585 = CARTESIAN_POINT ( 'NONE',  ( -1.774999999999999245, 0.1999999999999999833, 2.950000000000001066 ) ) ;
#5586 = EDGE_CURVE ( 'NONE', #1183, #865, #6344, .T. ) ;
#5587 = EDGE_LOOP ( 'NONE', ( #1718, #7111, #2822, #2184 ) ) ;
#5588 = DIRECTION ( 'NONE',  ( 1.000000000000000000, 0.000000000000000000, -0.000000000000000000 ) ) ;
#5589 = CARTESIAN_POINT ( 'NONE',  ( 0.1750000000000006828, 0.04999999999999999584, 2.950000000000001066 ) ) ;
#5590 = EDGE_CURVE ( 'NONE', #10055, #4935, #3890, .T. ) ;
#5591 = PLANE ( 'NONE',  #2120 ) ;
#5592 = FACE_OUTER_BOUND ( 'NONE', #7629, .T. ) ;
#5593 = VERTEX_POINT ( 'NONE', #10105 ) ;
#5594 = LINE ( 'NONE', #774, #9753 ) ;
#5595 = CARTESIAN_POINT ( 'NONE',  ( 2.424999999999999378, 0.8264982043070834283, -2.950000000000000178 ) ) ;
#5596 = LINE ( 'NONE', #2879, #4744 ) ;
#5597 =( NAMED_UNIT ( * ) PLANE_ANGLE_UNIT ( ) SI_UNIT ( $, .RADIAN. ) );
#5598 = PLANE ( 'NONE',  #4093 ) ;
#5599 = ADVANCED_FACE ( 'NONE', ( #5496 ), #2382, .F. ) ;
#5600 = EDGE_CURVE ( 'NONE', #6766, #1391, #8298, .T. ) ;
#5601 = CARTESIAN_POINT ( 'NONE',  ( -3.100000000000000977, 0.8000000000000000444, -3.100000000000000977 ) ) ;
#5602 = ORIENTED_EDGE ( 'NONE', *, *, #7378, .T. ) ;
#5603 = ORIENTED_EDGE ( 'NONE', *, *, #2228, .F. ) ;
#5604 = VECTOR ( 'NONE', #8708, 1000.000000000000000 ) ;
#5605 = EDGE_CURVE ( 'NONE', #9156, #5822, #5371, .T. ) ;
#5606 = VECTOR ( 'NONE', #3306, 1000.000000000000000 ) ;
#5607 = LINE ( 'NONE', #697, #6700 ) ;
#5608 = ORIENTED_EDGE ( 'NONE', *, *, #5676, .F. ) ;
#5609 = LINE ( 'NONE', #7644, #8775 ) ;
#5610 = DIRECTION ( 'NONE',  ( 1.000000000000000000, 0.000000000000000000, 0.000000000000000000 ) ) ;
#5611 = CARTESIAN_POINT ( 'NONE',  ( -3.500000000000000444, 0.1999999999999999833, -0.4749999999999993117 ) ) ;
#5612 = LINE ( 'NONE', #4509, #5244 ) ;
#5613 = DIRECTION ( 'NONE',  ( 0.000000000000000000, 0.000000000000000000, 1.000000000000000000 ) ) ;
#5614 = FACE_OUTER_BOUND ( 'NONE', #2461, .T. ) ;
#5615 = AXIS2_PLACEMENT_3D ( 'NONE', #592, #1295, #1363 ) ;
#5616 = AXIS2_PLACEMENT_3D ( 'NONE', #6289, #2357, #7836 ) ;
#5617 = CARTESIAN_POINT ( 'NONE',  ( 3.500000000000000444, 0.8264982043070829842, -2.125000000000000000 ) ) ;
#5618 = ORIENTED_EDGE ( 'NONE', *, *, #3152, .T. ) ;
#5619 = FACE_OUTER_BOUND ( 'NONE', #6320, .T. ) ;
#5620 = CARTESIAN_POINT ( 'NONE',  ( -3.500000000000000444, 0.1999999999999999833, -2.424999999999999378 ) ) ;
#5621 = CARTESIAN_POINT ( 'NONE',  ( 2.424999999999999378, 0.1999999999999999833, -2.950000000000000178 ) ) ;
#5622 = LINE ( 'NONE', #2498, #3170 ) ;
#5623 = CARTESIAN_POINT ( 'NONE',  ( 3.500000000000000444, 0.05000000000000000278, -3.500000000000000444 ) ) ;
#5624 = CARTESIAN_POINT ( 'NONE',  ( 1.475000000000000533, 0.05000000000000000278, 0.000000000000000000 ) ) ;
#5625 = DIRECTION ( 'NONE',  ( -1.000000000000000000, 0.000000000000000000, -1.577021341797097215E-15 ) ) ;
#5626 = LINE ( 'NONE', #3038, #6108 ) ;
#5627 = UNCERTAINTY_MEASURE_WITH_UNIT (LENGTH_MEASURE( 1.000000000000000082E-05 ), #2284, 'distance_accuracy_value', 'NONE');
#5628 = ORIENTED_EDGE ( 'NONE', *, *, #25, .T. ) ;
#5629 = ORIENTED_EDGE ( 'NONE', *, *, #5137, .F. ) ;
#5630 = LINE ( 'NONE', #1670, #4656 ) ;
#5631 = DIRECTION ( 'NONE',  ( -0.000000000000000000, -1.000000000000000000, -0.000000000000000000 ) ) ;
#5632 = AXIS2_PLACEMENT_3D ( 'NONE', #6730, #1206, #2024 ) ;
#5633 = PLANE ( 'NONE',  #179 ) ;
#5634 = LINE ( 'NONE', #1794, #5507 ) ;
#5636 = LINE ( 'NONE', #2938, #9672 ) ;
#5635 = DIRECTION ( 'NONE',  ( 0.000000000000000000, 1.000000000000000000, 0.000000000000000000 ) ) ;
#5637 = ORIENTED_EDGE ( 'NONE', *, *, #2019, .F. ) ;
#5638 = VERTEX_POINT ( 'NONE', #6206 ) ;
#5639 = EDGE_LOOP ( 'NONE', ( #5889, #88, #9470, #1053 ) ) ;
#5640 = LINE ( 'NONE', #5621, #960 ) ;
#5641 = VERTEX_POINT ( 'NONE', #5465 ) ;
#5642 = PRESENTATION_STYLE_ASSIGNMENT (( #9391 ) ) ;
#5643 =( NAMED_UNIT ( * ) SI_UNIT ( $, .STERADIAN. ) SOLID_ANGLE_UNIT ( ) );
#5644 = LINE ( 'NONE', #5820, #1581 ) ;
#5645 =( GEOMETRIC_REPRESENTATION_CONTEXT ( 3 ) GLOBAL_UNCERTAINTY_ASSIGNED_CONTEXT ( ( #7952 ) ) GLOBAL_UNIT_ASSIGNED_CONTEXT ( ( #3245, #8710, #8742 ) ) REPRESENTATION_CONTEXT ( 'NONE', 'WORKASPACE' ) );
#5647 = ORIENTED_EDGE ( 'NONE', *, *, #3942, .T. ) ;
#5646 = CARTESIAN_POINT ( 'NONE',  ( -0.1749999999999993783, 0.1999999999999999833, 3.500000000000001332 ) ) ;
#5648 = EDGE_CURVE ( 'NONE', #5058, #6024, #5626, .T. ) ;
#5649 = ADVANCED_FACE ( 'NONE', ( #434 ), #4824, .F. ) ;
#5650 = PRESENTATION_STYLE_ASSIGNMENT (( #9268 ) ) ;
#5651 = FILL_AREA_STYLE_COLOUR ( '', #9385 ) ;
#5652 = LINE ( 'NONE', #8294, #3189 ) ;
#5653 = DIRECTION ( 'NONE',  ( -0.000000000000000000, -1.000000000000000000, -0.000000000000000000 ) ) ;
#5654 = EDGE_CURVE ( 'NONE', #9838, #8099, #7704, .T. ) ;
#5655 = LINE ( 'NONE', #4810, #9315 ) ;
#5656 = CARTESIAN_POINT ( 'NONE',  ( 0.000000000000000000, 0.2000000000000000111, 0.000000000000000000 ) ) ;
#5657 = CARTESIAN_POINT ( 'NONE',  ( 2.950000000000000178, 0.1999999999999999833, -2.125000000000000000 ) ) ;
#5658 = ADVANCED_FACE ( 'NONE', ( #10018 ), #4133, .F. ) ;
#5659 = DIRECTION ( 'NONE',  ( 0.000000000000000000, 1.000000000000000000, 0.000000000000000000 ) ) ;
#5660 = ORIENTED_EDGE ( 'NONE', *, *, #96, .T. ) ;
#5661 = DIRECTION ( 'NONE',  ( 0.000000000000000000, 1.000000000000000000, 0.000000000000000000 ) ) ;
#5662 = DIRECTION ( 'NONE',  ( 0.000000000000000000, 1.000000000000000000, 0.000000000000000000 ) ) ;
#5663 = ORIENTED_EDGE ( 'NONE', *, *, #2769, .F. ) ;
#5664 = ORIENTED_EDGE ( 'NONE', *, *, #7934, .T. ) ;
#5665 = EDGE_LOOP ( 'NONE', ( #1971, #288, #4262, #3736 ) ) ;
#5666 = EDGE_CURVE ( 'NONE', #7485, #5172, #3286, .T. ) ;
#5667 = ORIENTED_EDGE ( 'NONE', *, *, #3267, .F. ) ;
#5668 = DIRECTION ( 'NONE',  ( 0.000000000000000000, -1.000000000000000000, 0.000000000000000000 ) ) ;
#5669 = VECTOR ( 'NONE', #7881, 1000.000000000000000 ) ;
#5670 = AXIS2_PLACEMENT_3D ( 'NONE', #9798, #9760, #6497 ) ;
#5671 = CARTESIAN_POINT ( 'NONE',  ( 1.124999999999998890, 0.000000000000000000, -2.950000000000000178 ) ) ;
#5672 = EDGE_CURVE ( 'NONE', #4566, #635, #4035, .T. ) ;
#5673 = DIRECTION ( 'NONE',  ( 0.000000000000000000, -1.000000000000000000, 0.000000000000000000 ) ) ;
#5674 = CARTESIAN_POINT ( 'NONE',  ( 2.950000000000000178, 0.1999999999999999833, -1.475000000000000089 ) ) ;
#5675 = ORIENTED_EDGE ( 'NONE', *, *, #6110, .F. ) ;
#5676 = EDGE_CURVE ( 'NONE', #3718, #6229, #9896, .T. ) ;
#5677 = EDGE_LOOP ( 'NONE', ( #2186, #9786, #9490, #5628 ) ) ;
#5678 = EDGE_LOOP ( 'NONE', ( #9425, #1867, #2973, #6311 ) ) ;
#5679 = CARTESIAN_POINT ( 'NONE',  ( 1.124999999999999778, 0.1999999999999999833, 2.950000000000001066 ) ) ;
#5680 = EDGE_LOOP ( 'NONE', ( #7153, #233, #9281, #852 ) ) ;
#5681 = VECTOR ( 'NONE', #553, 1000.000000000000000 ) ;
#5682 = EDGE_LOOP ( 'NONE', ( #1599, #988, #1105, #8821 ) ) ;
#5683 = VECTOR ( 'NONE', #6803, 1000.000000000000000 ) ;
#5684 = AXIS2_PLACEMENT_3D ( 'NONE', #5787, #4940, #8178 ) ;
#5685 = AXIS2_PLACEMENT_3D ( 'NONE', #5030, #4309, #9711 ) ;
#5686 = EDGE_LOOP ( 'NONE', ( #1261, #9480, #3839, #7313 ) ) ;
#5687 =( NAMED_UNIT ( * ) SI_UNIT ( $, .STERADIAN. ) SOLID_ANGLE_UNIT ( ) );
#5688 = DIRECTION ( 'NONE',  ( 0.000000000000000000, 0.000000000000000000, 1.000000000000000000 ) ) ;
#5689 = VECTOR ( 'NONE', #1082, 1000.000000000000000 ) ;
#5690 = CARTESIAN_POINT ( 'NONE',  ( -2.424999999999999378, 0.1999999999999999833, 2.950000000000001066 ) ) ;
#5691 = VERTEX_POINT ( 'NONE', #1715 ) ;
#5692 = CARTESIAN_POINT ( 'NONE',  ( -2.950000000000000178, 0.8264982043070829842, -0.1750000000000002387 ) ) ;
#5693 = DIRECTION ( 'NONE',  ( 0.000000000000000000, -1.000000000000000000, 0.000000000000000000 ) ) ;
#5694 = CARTESIAN_POINT ( 'NONE',  ( 0.000000000000000000, 0.000000000000000000, 3.250000000000000000 ) ) ;
#5695 = VERTEX_POINT ( 'NONE', #6450 ) ;
#5696 = CARTESIAN_POINT ( 'NONE',  ( -0.8249999999999992895, 0.8264982043070834283, 3.500000000000001332 ) ) ;
#5697 = DIRECTION ( 'NONE',  ( -1.000000000000000000, 0.000000000000000000, -0.000000000000000000 ) ) ;
#5698 = VECTOR ( 'NONE', #5295, 1000.000000000000000 ) ;
#5699 = EDGE_LOOP ( 'NONE', ( #9540, #7553, #2736, #1911 ) ) ;
#5700 = UNCERTAINTY_MEASURE_WITH_UNIT (LENGTH_MEASURE( 1.000000000000000082E-05 ), #3726, 'distance_accuracy_value', 'NONE');
#5701 = DIRECTION ( 'NONE',  ( 0.000000000000000000, -1.000000000000000000, 0.000000000000000000 ) ) ;
#5702 = CARTESIAN_POINT ( 'NONE',  ( -2.950000000000000178, 0.8264982043070829842, 1.774999999999999689 ) ) ;
#5703 = FACE_OUTER_BOUND ( 'NONE', #6486, .T. ) ;
#5704 = ORIENTED_EDGE ( 'NONE', *, *, #8446, .T. ) ;
#5705 = ADVANCED_FACE ( 'NONE', ( #5742 ), #9608, .T. ) ;
#5706 = VERTEX_POINT ( 'NONE', #3304 ) ;
#5707 = EDGE_CURVE ( 'NONE', #2529, #1515, #2301, .T. ) ;
#5708 = ORIENTED_EDGE ( 'NONE', *, *, #1676, .T. ) ;
#5709 = CARTESIAN_POINT ( 'NONE',  ( 0.000000000000000000, 0.000000000000000000, 0.000000000000000000 ) ) ;
#5710 = CARTESIAN_POINT ( 'NONE',  ( -2.425000000000000266, 0.1999999999999999833, -2.950000000000000178 ) ) ;
#5711 = CARTESIAN_POINT ( 'NONE',  ( 3.500000000000000444, 0.04999999999999969746, -2.125000000000000000 ) ) ;
#5712 = EDGE_CURVE ( 'NONE', #1641, #4553, #2558, .T. ) ;
#5713 = LINE ( 'NONE', #4723, #2528 ) ;
#5714 = VERTEX_POINT ( 'NONE', #1747 ) ;
#5715 = VERTEX_POINT ( 'NONE', #7187 ) ;
#5716 = DIRECTION ( 'NONE',  ( 1.577021341797097215E-15, -0.000000000000000000, 1.000000000000000000 ) ) ;
#5717 = DIRECTION ( 'NONE',  ( 1.000000000000000000, 0.000000000000000000, 0.000000000000000000 ) ) ;
#5718 = EDGE_CURVE ( 'NONE', #7965, #759, #2052, .T. ) ;
#5719 = ORIENTED_EDGE ( 'NONE', *, *, #2785, .F. ) ;
#5720 = LINE ( 'NONE', #4997, #9636 ) ;
#5721 = VECTOR ( 'NONE', #7679, 1000.000000000000000 ) ;
#5722 = COLOUR_RGB ( '',0.7921568627450980005, 0.8196078431372548767, 0.9333333333333333481 ) ;
#5723 = EDGE_CURVE ( 'NONE', #9993, #4131, #2180, .T. ) ;
#5724 = ORIENTED_EDGE ( 'NONE', *, *, #6218, .T. ) ;
#5725 = CARTESIAN_POINT ( 'NONE',  ( 1.475000000000000089, 0.2000000000000005107, -3.500000000000000000 ) ) ;
#5726 = DIRECTION ( 'NONE',  ( 0.000000000000000000, 0.000000000000000000, -1.000000000000000000 ) ) ;
#5727 = CARTESIAN_POINT ( 'NONE',  ( 2.425000000000000266, 0.04999999999999969746, -3.500000000000000444 ) ) ;
#5728 = EDGE_CURVE ( 'NONE', #8680, #5483, #8794, .T. ) ;
#5729 = CARTESIAN_POINT ( 'NONE',  ( -3.500000000000000444, 0.04999999999999969746, 0.1750000000000006828 ) ) ;
#5730 = LINE ( 'NONE', #6055, #5353 ) ;
#5731 = CARTESIAN_POINT ( 'NONE',  ( -2.425000000000000266, 0.8264982043070834283, -3.500000000000000444 ) ) ;
#5732 = FACE_OUTER_BOUND ( 'NONE', #5896, .T. ) ;
#5733 = CARTESIAN_POINT ( 'NONE',  ( -0.8249999999999992895, 0.2000000000000000111, 3.500000000000001332 ) ) ;
#5734 = LINE ( 'NONE', #4959, #1787 ) ;
#5735 = DIRECTION ( 'NONE',  ( 1.000000000000000000, 0.000000000000000000, 0.000000000000000000 ) ) ;
#5736 = VECTOR ( 'NONE', #9615, 1000.000000000000000 ) ;
#5737 = EDGE_CURVE ( 'NONE', #2406, #1284, #4642, .T. ) ;
#5738 = CARTESIAN_POINT ( 'NONE',  ( 0.000000000000000000, 0.000000000000000000, 0.000000000000000000 ) ) ;
#5739 = EDGE_CURVE ( 'NONE', #5714, #6036, #5866, .T. ) ;
#5740 = VERTEX_POINT ( 'NONE', #4034 ) ;
#5741 = VECTOR ( 'NONE', #8833, 1000.000000000000000 ) ;
#5742 = FACE_OUTER_BOUND ( 'NONE', #7234, .T. ) ;
#5743 = DIRECTION ( 'NONE',  ( -1.577021341797097215E-15, 0.000000000000000000, 1.000000000000000000 ) ) ;
#5744 = CARTESIAN_POINT ( 'NONE',  ( -3.500000000000000000, 0.05000000000000000278, 3.500000000000000444 ) ) ;
#5745 = CARTESIAN_POINT ( 'NONE',  ( 2.350000000000000089, 6.846803743153548005, -2.350000000000000089 ) ) ;
#5746 = ORIENTED_EDGE ( 'NONE', *, *, #650, .F. ) ;
#5747 = VECTOR ( 'NONE', #10062, 1000.000000000000000 ) ;
#5748 = CARTESIAN_POINT ( 'NONE',  ( -2.950000000000000178, 0.000000000000000000, -0.1750000000000002387 ) ) ;
#5749 = FACE_OUTER_BOUND ( 'NONE', #3146, .T. ) ;
#5750 = AXIS2_PLACEMENT_3D ( 'NONE', #5918, #327, #1141 ) ;
#5751 = ORIENTED_EDGE ( 'NONE', *, *, #8218, .T. ) ;
#5752 = EDGE_LOOP ( 'NONE', ( #5323, #9047, #3738, #863 ) ) ;
#5753 = DIRECTION ( 'NONE',  ( 0.000000000000000000, 0.000000000000000000, 1.000000000000000000 ) ) ;
#5754 = CARTESIAN_POINT ( 'NONE',  ( 0.000000000000000000, 0.2000000000000000111, 0.000000000000000000 ) ) ;
#5755 = ADVANCED_FACE ( 'NONE', ( #3536 ), #7969, .T. ) ;
#5756 = CLOSED_SHELL ( 'NONE', ( #5336, #1169, #1890, #9388, #2574, #8264 ) ) ;
#5757 = LINE ( 'NONE', #2231, #78 ) ;
#5758 = DIRECTION ( 'NONE',  ( -1.000000000000000000, 0.000000000000000000, 0.000000000000000000 ) ) ;
#5759 = EDGE_LOOP ( 'NONE', ( #5667, #8461, #9365, #5422 ) ) ;
#5760 = CARTESIAN_POINT ( 'NONE',  ( -1.774999999999999245, 0.2000000000000000111, 3.500000000000001332 ) ) ;
#5761 = CARTESIAN_POINT ( 'NONE',  ( -2.424999999999999378, 0.8264982043070834283, 3.500000000000001332 ) ) ;
#5762 = DIRECTION ( 'NONE',  ( -1.000000000000000000, -0.000000000000000000, -0.000000000000000000 ) ) ;
#5763 = ADVANCED_FACE ( 'NONE', ( #1800 ), #2718, .F. ) ;
#5764 = LINE ( 'NONE', #4627, #4293 ) ;
#5765 = CARTESIAN_POINT ( 'NONE',  ( -2.125000000000000000, 0.8264982043070834283, 2.950000000000001066 ) ) ;
#5766 = VERTEX_POINT ( 'NONE', #2819 ) ;
#5767 = CARTESIAN_POINT ( 'NONE',  ( -1.775000000000000133, 0.2000000000000000111, -2.950000000000000178 ) ) ;
#5768 = LINE ( 'NONE', #9941, #1455 ) ;
#5769 = VERTEX_POINT ( 'NONE', #409 ) ;
#5770 = VECTOR ( 'NONE', #3651, 1000.000000000000000 ) ;
#5771 = PLANE ( 'NONE',  #9100 ) ;
#5772 = ORIENTED_EDGE ( 'NONE', *, *, #7162, .F. ) ;
#5773 = CARTESIAN_POINT ( 'NONE',  ( -0.1750000000000010991, 0.2000000000000000111, -2.950000000000000178 ) ) ;
#5774 = ORIENTED_EDGE ( 'NONE', *, *, #5066, .T. ) ;
#5775 = CARTESIAN_POINT ( 'NONE',  ( -0.8250000000000001776, 0.000000000000000000, 2.950000000000001066 ) ) ;
#5776 = VERTEX_POINT ( 'NONE', #2752 ) ;
#5777 = VECTOR ( 'NONE', #4896, 1000.000000000000000 ) ;
#5778 = CARTESIAN_POINT ( 'NONE',  ( 2.425000000000000266, 0.8264982043070834283, -3.500000000000000444 ) ) ;
#5779 = SURFACE_STYLE_USAGE ( .BOTH. , #4965 ) ;
#5780 = ORIENTED_EDGE ( 'NONE', *, *, #3232, .T. ) ;
#5781 = EDGE_CURVE ( 'NONE', #1284, #10190, #9538, .T. ) ;
#5782 = ORIENTED_EDGE ( 'NONE', *, *, #1369, .T. ) ;
#5783 = ORIENTED_EDGE ( 'NONE', *, *, #3232, .F. ) ;
#5784 =( NAMED_UNIT ( * ) PLANE_ANGLE_UNIT ( ) SI_UNIT ( $, .RADIAN. ) );
#5785 = EDGE_CURVE ( 'NONE', #4930, #7953, #8067, .T. ) ;
#5786 = ORIENTED_EDGE ( 'NONE', *, *, #7019, .T. ) ;
#5787 = CARTESIAN_POINT ( 'NONE',  ( -2.950000000000000178, 0.8264982043070829842, 2.425000000000000266 ) ) ;
#5788 = CARTESIAN_POINT ( 'NONE',  ( 3.500000000000000444, 0.05000000000000000278, 3.499999999999999556 ) ) ;
#5789 = FACE_OUTER_BOUND ( 'NONE', #9581, .T. ) ;
#5790 = CARTESIAN_POINT ( 'NONE',  ( -2.125000000000000888, 0.2000000000000000111, -2.950000000000000178 ) ) ;
#5791 = EDGE_CURVE ( 'NONE', #10055, #3174, #947, .T. ) ;
#5792 = ORIENTED_EDGE ( 'NONE', *, *, #6056, .T. ) ;
#5793 = CARTESIAN_POINT ( 'NONE',  ( -3.500000000000000000, 0.05000000000000000278, 3.500000000000000444 ) ) ;
#5794 = ORIENTED_EDGE ( 'NONE', *, *, #1170, .T. ) ;
#5795 = EDGE_LOOP ( 'NONE', ( #7316, #9851, #2459, #8093 ) ) ;
#5796 = DIRECTION ( 'NONE',  ( 1.000000000000000000, 0.000000000000000000, 9.227252531791526626E-17 ) ) ;
#5797 = VERTEX_POINT ( 'NONE', #9073 ) ;
#5798 = CARTESIAN_POINT ( 'NONE',  ( -3.500000000000000444, 0.1999999999999999833, 1.774999999999999689 ) ) ;
#5799 = FACE_OUTER_BOUND ( 'NONE', #492, .T. ) ;
#5800 = ORIENTED_EDGE ( 'NONE', *, *, #832, .T. ) ;
#5801 = FILL_AREA_STYLE_COLOUR ( '', #6030 ) ;
#5802 = ADVANCED_FACE ( 'NONE', ( #3656 ), #1945, .F. ) ;
#5803 = ORIENTED_EDGE ( 'NONE', *, *, #8317, .F. ) ;
#5804 = DIRECTION ( 'NONE',  ( -1.577021341797097215E-15, 0.000000000000000000, 1.000000000000000000 ) ) ;
#5805 = FACE_OUTER_BOUND ( 'NONE', #3, .T. ) ;
#5806 =( GEOMETRIC_REPRESENTATION_CONTEXT ( 3 ) GLOBAL_UNCERTAINTY_ASSIGNED_CONTEXT ( ( #3360 ) ) GLOBAL_UNIT_ASSIGNED_CONTEXT ( ( #1450, #506, #2239 ) ) REPRESENTATION_CONTEXT ( 'NONE', 'WORKASPACE' ) );
#5807 =( GEOMETRIC_REPRESENTATION_CONTEXT ( 3 ) GLOBAL_UNCERTAINTY_ASSIGNED_CONTEXT ( ( #4130 ) ) GLOBAL_UNIT_ASSIGNED_CONTEXT ( ( #6661, #1888, #8950 ) ) REPRESENTATION_CONTEXT ( 'NONE', 'WORKASPACE' ) );
#5808 = ADVANCED_FACE ( 'NONE', ( #7815 ), #5223, .T. ) ;
#5809 = DIRECTION ( 'NONE',  ( 0.000000000000000000, 0.000000000000000000, -1.000000000000000000 ) ) ;
#5810 = VERTEX_POINT ( 'NONE', #7546 ) ;
#5811 = ORIENTED_EDGE ( 'NONE', *, *, #3478, .F. ) ;
#5812 = VECTOR ( 'NONE', #1203, 1000.000000000000000 ) ;
#5813 = CARTESIAN_POINT ( 'NONE',  ( 2.350000000000000089, 0.1999999999999996503, -2.350000000000000089 ) ) ;
#5814 = ORIENTED_EDGE ( 'NONE', *, *, #5221, .T. ) ;
#5815 = CARTESIAN_POINT ( 'NONE',  ( 3.500000000000000444, 0.1999999999999999833, 1.475000000000000533 ) ) ;
#5816 = FILL_AREA_STYLE ('',( #9030 ) ) ;
#5817 = VERTEX_POINT ( 'NONE', #1225 ) ;
#5818 = MECHANICAL_DESIGN_GEOMETRIC_PRESENTATION_REPRESENTATION (  '', ( #1798 ), #7278 ) ;
#5819 = CARTESIAN_POINT ( 'NONE',  ( -0.8250000000000010658, 0.000000000000000000, -2.950000000000000178 ) ) ;
#5820 = CARTESIAN_POINT ( 'NONE',  ( -0.8250000000000001776, 0.2000000000000000111, 2.950000000000001066 ) ) ;
#5821 = VECTOR ( 'NONE', #275, 1000.000000000000000 ) ;
#5822 = VERTEX_POINT ( 'NONE', #2048 ) ;
#5823 = CARTESIAN_POINT ( 'NONE',  ( 1.124999999999999778, 0.2000000000000000111, -3.500000000000000444 ) ) ;
#5824 = EDGE_LOOP ( 'NONE', ( #6027, #679, #5792, #527 ) ) ;
#5825 = CARTESIAN_POINT ( 'NONE',  ( 0.1749999999999997669, 0.1999999999999999833, -2.950000000000000178 ) ) ;
#5826 = DIRECTION ( 'NONE',  ( 0.000000000000000000, 0.000000000000000000, -1.000000000000000000 ) ) ;
#5827 = LINE ( 'NONE', #2825, #6072 ) ;
#5828 = EDGE_LOOP ( 'NONE', ( #405, #7962, #3958, #9383 ) ) ;
#5829 = SURFACE_STYLE_FILL_AREA ( #9221 ) ;
#5830 = AXIS2_PLACEMENT_3D ( 'NONE', #3694, #9155, #539 ) ;
#5831 = VECTOR ( 'NONE', #510, 1000.000000000000000 ) ;
#5832 = VERTEX_POINT ( 'NONE', #5157 ) ;
#5833 = EDGE_CURVE ( 'NONE', #7643, #5797, #9286, .T. ) ;
#5834 = CARTESIAN_POINT ( 'NONE',  ( 2.125000000000000888, 0.2000000000000002054, 3.500000000000001332 ) ) ;
#5835 = DIRECTION ( 'NONE',  ( 0.000000000000000000, -1.000000000000000000, 0.000000000000000000 ) ) ;
#5836 = CARTESIAN_POINT ( 'NONE',  ( 2.125000000000000000, 0.04999999999999969746, -3.500000000000000444 ) ) ;
#5837 = ORIENTED_EDGE ( 'NONE', *, *, #4937, .F. ) ;
#5838 = DIRECTION ( 'NONE',  ( 1.000000000000000000, 0.000000000000000000, -0.000000000000000000 ) ) ;
#5839 = LINE ( 'NONE', #9356, #5604 ) ;
#5840 = EDGE_CURVE ( 'NONE', #3586, #644, #6595, .T. ) ;
#5841 = LINE ( 'NONE', #8132, #6195 ) ;
#5842 = DIRECTION ( 'NONE',  ( -1.000000000000000000, 0.000000000000000000, 0.000000000000000000 ) ) ;
#5843 = VECTOR ( 'NONE', #350, 1000.000000000000000 ) ;
#5844 = FACE_OUTER_BOUND ( 'NONE', #2820, .T. ) ;
#5845 = EDGE_CURVE ( 'NONE', #6332, #6659, #1198, .T. ) ;
#5846 = DIRECTION ( 'NONE',  ( 0.000000000000000000, 0.000000000000000000, 1.000000000000000000 ) ) ;
#5847 = VERTEX_POINT ( 'NONE', #9806 ) ;
#5848 = LINE ( 'NONE', #8246, #4625 ) ;
#5849 = CARTESIAN_POINT ( 'NONE',  ( 2.350000000000000089, 0.1999999999999996503, 2.350000000000000533 ) ) ;
#5850 = ADVANCED_FACE ( 'NONE', ( #6954 ), #5891, .T. ) ;
#5851 = EDGE_CURVE ( 'NONE', #6782, #7374, #8666, .T. ) ;
#5852 = FACE_OUTER_BOUND ( 'NONE', #6028, .T. ) ;
#5853 = CARTESIAN_POINT ( 'NONE',  ( -2.950000000000000178, 0.1999999999999999833, -2.125000000000000000 ) ) ;
#5854 = CARTESIAN_POINT ( 'NONE',  ( 2.950000000000000178, 0.000000000000000000, -2.125000000000000000 ) ) ;
#5855 = VECTOR ( 'NONE', #1458, 1000.000000000000000 ) ;
#5856 = EDGE_CURVE ( 'NONE', #9059, #5117, #5141, .T. ) ;
#5857 = ADVANCED_FACE ( 'NONE', ( #2436 ), #3531, .T. ) ;
#5858 = CARTESIAN_POINT ( 'NONE',  ( -2.950000000000000178, 0.05000000000000002359, -0.4749999999999993117 ) ) ;
#5859 = ORIENTED_EDGE ( 'NONE', *, *, #7182, .T. ) ;
#5860 = CARTESIAN_POINT ( 'NONE',  ( 0.000000000000000000, 0.2000000000000000111, 0.000000000000000000 ) ) ;
#5861 = VECTOR ( 'NONE', #6363, 1000.000000000000000 ) ;
#5862 = CARTESIAN_POINT ( 'NONE',  ( -2.424999999999999378, 0.8264982043070834283, 2.950000000000001066 ) ) ;
#5863 = VECTOR ( 'NONE', #5177, 1000.000000000000000 ) ;
#5864 = EDGE_CURVE ( 'NONE', #5069, #8771, #685, .T. ) ;
#5866 = LINE ( 'NONE', #8701, #3775 ) ;
#5865 = CARTESIAN_POINT ( 'NONE',  ( 2.950000000000000178, 0.8264982043070829842, 2.425000000000000266 ) ) ;
#5867 = AXIS2_PLACEMENT_3D ( 'NONE', #9818, #7557, #5135 ) ;
#5868 = ORIENTED_EDGE ( 'NONE', *, *, #3747, .F. ) ;
#5869 = DIRECTION ( 'NONE',  ( -0.000000000000000000, -1.000000000000000000, -0.000000000000000000 ) ) ;
#5870 = ORIENTED_EDGE ( 'NONE', *, *, #6365, .F. ) ;
#5871 = VECTOR ( 'NONE', #7210, 1000.000000000000000 ) ;
#5872 = CARTESIAN_POINT ( 'NONE',  ( -3.100000000000000977, 0.8000000000000000444, -3.100000000000000977 ) ) ;
#5873 = FACE_OUTER_BOUND ( 'NONE', #1766, .T. ) ;
#5874 = SURFACE_STYLE_USAGE ( .BOTH. , #5068 ) ;
#5875 = VECTOR ( 'NONE', #3017, 1000.000000000000000 ) ;
#5876 = CARTESIAN_POINT ( 'NONE',  ( 2.350000000000000089, 0.1999999999999996503, -2.350000000000000089 ) ) ;
#5877 = CARTESIAN_POINT ( 'NONE',  ( 0.000000000000000000, 0.2000000000000000111, 0.000000000000000000 ) ) ;
#5878 = ORIENTED_EDGE ( 'NONE', *, *, #715, .T. ) ;
#5879 = ORIENTED_EDGE ( 'NONE', *, *, #10090, .T. ) ;
#5880 = ORIENTED_EDGE ( 'NONE', *, *, #5000, .F. ) ;
#5881 = LINE ( 'NONE', #7558, #8202 ) ;
#5882 = VERTEX_POINT ( 'NONE', #3606 ) ;
#5883 = VECTOR ( 'NONE', #1658, 1000.000000000000000 ) ;
#5884 = CARTESIAN_POINT ( 'NONE',  ( 3.500000000000000444, 0.8264982043070829842, -0.1750000000000002387 ) ) ;
#5885 = LINE ( 'NONE', #6606, #9929 ) ;
#5886 = CARTESIAN_POINT ( 'NONE',  ( -1.774999999999999245, 0.2000000000000000111, 3.500000000000001332 ) ) ;
#5887 = CARTESIAN_POINT ( 'NONE',  ( -0.1750000000000057621, 0.05000000000000000278, -2.759787348145011141E-16 ) ) ;
#5888 = ORIENTED_EDGE ( 'NONE', *, *, #6048, .T. ) ;
#5889 = ORIENTED_EDGE ( 'NONE', *, *, #7513, .T. ) ;
#5890 = VECTOR ( 'NONE', #7121, 1000.000000000000000 ) ;
#5891 = PLANE ( 'NONE',  #2197 ) ;
#5892 = DIRECTION ( 'NONE',  ( -0.000000000000000000, -1.000000000000000000, -0.000000000000000000 ) ) ;
#5893 = AXIS2_PLACEMENT_3D ( 'NONE', #3006, #9252, #563 ) ;
#5894 = PLANE ( 'NONE',  #3499 ) ;
#5895 = EDGE_CURVE ( 'NONE', #8509, #577, #2807, .T. ) ;
#5896 = EDGE_LOOP ( 'NONE', ( #8078, #2083, #7307, #3351 ) ) ;
#5897 = ORIENTED_EDGE ( 'NONE', *, *, #6548, .F. ) ;
#5898 = CARTESIAN_POINT ( 'NONE',  ( 0.1749999999999998224, 0.05000000000000000278, 0.000000000000000000 ) ) ;
#5899 = EDGE_LOOP ( 'NONE', ( #4690, #3770, #1955, #5618 ) ) ;
#5900 = CARTESIAN_POINT ( 'NONE',  ( -0.8250000000000001776, 0.2000000000000000111, -3.500000000000000444 ) ) ;
#5901 = ADVANCED_FACE ( 'NONE', ( #188 ), #5282, .F. ) ;
#5902 = EDGE_CURVE ( 'NONE', #6077, #9817, #1189, .T. ) ;
#5903 = LINE ( 'NONE', #5886, #4196 ) ;
#5904 = DIRECTION ( 'NONE',  ( -1.000000000000000000, 0.000000000000000000, -1.577021341797097215E-15 ) ) ;
#5905 = ORIENTED_EDGE ( 'NONE', *, *, #6173, .F. ) ;
#5907 = ORIENTED_EDGE ( 'NONE', *, *, #1834, .T. ) ;
#5906 = ADVANCED_FACE ( 'NONE', ( #9531 ), #8405, .F. ) ;
#5908 = ORIENTED_EDGE ( 'NONE', *, *, #9584, .F. ) ;
#5909 = EDGE_CURVE ( 'NONE', #10020, #4338, #7457, .T. ) ;
#5910 = CARTESIAN_POINT ( 'NONE',  ( 0.000000000000000000, 0.2000000000000000111, 0.000000000000000000 ) ) ;
#5911 = ORIENTED_EDGE ( 'NONE', *, *, #6369, .F. ) ;
#5912 = FACE_OUTER_BOUND ( 'NONE', #5759, .T. ) ;
#5913 = DIRECTION ( 'NONE',  ( 0.000000000000000000, 1.000000000000000000, 0.000000000000000000 ) ) ;
#5914 = ORIENTED_EDGE ( 'NONE', *, *, #8507, .F. ) ;
#5915 = EDGE_CURVE ( 'NONE', #9294, #5947, #2677, .T. ) ;
#5916 = FACE_OUTER_BOUND ( 'NONE', #6861, .T. ) ;
#5917 = ORIENTED_EDGE ( 'NONE', *, *, #4021, .F. ) ;
#5918 = CARTESIAN_POINT ( 'NONE',  ( 0.000000000000000000, 0.000000000000000000, 0.000000000000000000 ) ) ;
#5919 = EDGE_CURVE ( 'NONE', #7000, #616, #5134, .T. ) ;
#5920 = DIRECTION ( 'NONE',  ( 1.577021341797097215E-15, 0.000000000000000000, 1.000000000000000000 ) ) ;
#5921 = LINE ( 'NONE', #2260, #7152 ) ;
#5922 = DIRECTION ( 'NONE',  ( -1.000000000000000000, 0.000000000000000000, 0.000000000000000000 ) ) ;
#5923 = DIRECTION ( 'NONE',  ( -1.000000000000000000, 0.000000000000000000, -0.000000000000000000 ) ) ;
#5924 = DIRECTION ( 'NONE',  ( 0.000000000000000000, -0.000000000000000000, 1.000000000000000000 ) ) ;
#5926 = EDGE_CURVE ( 'NONE', #5810, #6583, #552, .T. ) ;
#5925 = VECTOR ( 'NONE', #7811, 1000.000000000000000 ) ;
#5927 = AXIS2_PLACEMENT_3D ( 'NONE', #7984, #5662, #8934 ) ;
#5928 = CARTESIAN_POINT ( 'NONE',  ( 2.950000000000000178, 0.8264982043070829842, -1.475000000000000089 ) ) ;
#5929 = ORIENTED_EDGE ( 'NONE', *, *, #89, .T. ) ;
#5930 = EDGE_CURVE ( 'NONE', #8000, #10190, #7345, .T. ) ;
#5931 = VERTEX_POINT ( 'NONE', #8435 ) ;
#5932 = CARTESIAN_POINT ( 'NONE',  ( 0.4749999999999997558, 0.000000000000000000, 2.950000000000001066 ) ) ;
#5933 = CARTESIAN_POINT ( 'NONE',  ( 2.950000000000000178, 0.1999999999999999833, 2.125000000000000888 ) ) ;
#5934 = ORIENTED_EDGE ( 'NONE', *, *, #9061, .F. ) ;
#5935 = DIRECTION ( 'NONE',  ( -1.577021341797097215E-15, 0.000000000000000000, 1.000000000000000000 ) ) ;
#5936 = UNCERTAINTY_MEASURE_WITH_UNIT (LENGTH_MEASURE( 1.000000000000000082E-05 ), #1633, 'distance_accuracy_value', 'NONE');
#5937 = VERTEX_POINT ( 'NONE', #9986 ) ;
#5938 = FILL_AREA_STYLE_COLOUR ( '', #9731 ) ;
#5939 = CARTESIAN_POINT ( 'NONE',  ( 2.425000000000000266, 0.2000000000000000111, -3.500000000000000444 ) ) ;
#5940 = AXIS2_PLACEMENT_3D ( 'NONE', #1644, #1677, #2493 ) ;
#5941 = AXIS2_PLACEMENT_3D ( 'NONE', #5872, #9710, #6623 ) ;
#5942 = PLANE ( 'NONE',  #5632 ) ;
#5943 = VERTEX_POINT ( 'NONE', #9162 ) ;
#5944 = ORIENTED_EDGE ( 'NONE', *, *, #8715, .F. ) ;
#5945 = MANIFOLD_SOLID_BREP ( 'LPattern4[2]', #1887 ) ;
#5946 = SURFACE_SIDE_STYLE ('',( #184 ) ) ;
#5947 = VERTEX_POINT ( 'NONE', #621 ) ;
#5948 = LINE ( 'NONE', #4124, #779 ) ;
#5949 = DIRECTION ( 'NONE',  ( 0.000000000000000000, -0.000000000000000000, 1.000000000000000000 ) ) ;
#5950 = ADVANCED_FACE ( 'NONE', ( #425 ), #9206, .F. ) ;
#5951 = DIRECTION ( 'NONE',  ( 1.000000000000000000, -0.000000000000000000, 0.000000000000000000 ) ) ;
#5952 = LINE ( 'NONE', #10113, #1282 ) ;
#5953 = VERTEX_POINT ( 'NONE', #8474 ) ;
#5954 = DIRECTION ( 'NONE',  ( -1.000000000000000000, 0.000000000000000000, -0.000000000000000000 ) ) ;
#5955 = AXIS2_PLACEMENT_3D ( 'NONE', #9776, #5094, #9841 ) ;
#5956 = PLANE ( 'NONE',  #9603 ) ;
#5957 = ADVANCED_FACE ( 'NONE', ( #935 ), #7651, .T. ) ;
#5958 = ORIENTED_EDGE ( 'NONE', *, *, #8577, .F. ) ;
#5959 = LINE ( 'NONE', #7363, #5972 ) ;
#5960 = DIRECTION ( 'NONE',  ( 1.000000000000000000, 0.000000000000000000, 0.000000000000000000 ) ) ;
#5961 = DIRECTION ( 'NONE',  ( 0.000000000000000000, -0.000000000000000000, 1.000000000000000000 ) ) ;
#5962 = VECTOR ( 'NONE', #9172, 1000.000000000000000 ) ;
#5963 = DIRECTION ( 'NONE',  ( 0.000000000000000000, -0.000000000000000000, 1.000000000000000000 ) ) ;
#5964 = FACE_BOUND ( 'NONE', #6148, .T. ) ;
#5965 = VECTOR ( 'NONE', #9759, 1000.000000000000000 ) ;
#5966 = ORIENTED_EDGE ( 'NONE', *, *, #3689, .F. ) ;
#5967 = ORIENTED_EDGE ( 'NONE', *, *, #505, .T. ) ;
#5968 = ORIENTED_EDGE ( 'NONE', *, *, #6830, .T. ) ;
#5969 = EDGE_LOOP ( 'NONE', ( #8991, #2031, #8536, #9809 ) ) ;
#5970 = VECTOR ( 'NONE', #2244, 1000.000000000000000 ) ;
#5971 = VECTOR ( 'NONE', #8172, 1000.000000000000000 ) ;
#5972 = VECTOR ( 'NONE', #6630, 1000.000000000000000 ) ;
#5973 = EDGE_CURVE ( 'NONE', #2808, #1242, #2170, .T. ) ;
#5974 = VECTOR ( 'NONE', #7902, 1000.000000000000000 ) ;
#5975 = CARTESIAN_POINT ( 'NONE',  ( -2.950000000000000178, 0.05000000000000000278, 0.000000000000000000 ) ) ;
#5976 = CARTESIAN_POINT ( 'NONE',  ( 1.124999999999999778, 0.2000000000000000111, 2.950000000000001066 ) ) ;
#5977 = EDGE_CURVE ( 'NONE', #824, #3060, #8658, .T. ) ;
#5978 = ORIENTED_EDGE ( 'NONE', *, *, #1956, .F. ) ;
#5979 = VECTOR ( 'NONE', #3938, 1000.000000000000000 ) ;
#5980 = VECTOR ( 'NONE', #2739, 1000.000000000000000 ) ;
#5981 = CARTESIAN_POINT ( 'NONE',  ( 0.000000000000000000, 0.2000000000000000111, 0.000000000000000000 ) ) ;
#5982 = VECTOR ( 'NONE', #8250, 1000.000000000000000 ) ;
#5983 = EDGE_CURVE ( 'NONE', #2066, #1912, #3162, .T. ) ;
#5984 = CARTESIAN_POINT ( 'NONE',  ( 0.1750000000000006828, 0.2000000000000000111, 2.950000000000001066 ) ) ;
#5985 = CARTESIAN_POINT ( 'NONE',  ( 2.950000000000000178, 0.8264982043070829842, 0.1750000000000006828 ) ) ;
#5986 = PLANE ( 'NONE',  #5500 ) ;
#5987 =( GEOMETRIC_REPRESENTATION_CONTEXT ( 3 ) GLOBAL_UNCERTAINTY_ASSIGNED_CONTEXT ( ( #132 ) ) GLOBAL_UNIT_ASSIGNED_CONTEXT ( ( #3865, #6261, #4636 ) ) REPRESENTATION_CONTEXT ( 'NONE', 'WORKASPACE' ) );
#5988 = ORIENTED_EDGE ( 'NONE', *, *, #2906, .F. ) ;
#5989 = VECTOR ( 'NONE', #4198, 1000.000000000000000 ) ;
#5990 = CARTESIAN_POINT ( 'NONE',  ( 3.500000000000000444, 0.04999999999999969746, -1.475000000000000089 ) ) ;
#5991 = CARTESIAN_POINT ( 'NONE',  ( 0.1750000000000006828, 0.05000000000000000278, 0.000000000000000000 ) ) ;
#5992 = LINE ( 'NONE', #1612, #8419 ) ;
#5993 = CARTESIAN_POINT ( 'NONE',  ( -2.950000000000000178, 0.1999999999999999833, 0.8250000000000006217 ) ) ;
#5994 = ORIENTED_EDGE ( 'NONE', *, *, #5707, .T. ) ;
#5995 = DIRECTION ( 'NONE',  ( 0.000000000000000000, -0.000000000000000000, -1.000000000000000000 ) ) ;
#5996 = VERTEX_POINT ( 'NONE', #4764 ) ;
#5997 = VECTOR ( 'NONE', #9460, 1000.000000000000000 ) ;
#5998 = COLOUR_RGB ( '',0.7921568627450980005, 0.8196078431372548767, 0.9333333333333333481 ) ;
#5999 = DIRECTION ( 'NONE',  ( 0.000000000000000000, 0.000000000000000000, 1.000000000000000000 ) ) ;
#6000 =( GEOMETRIC_REPRESENTATION_CONTEXT ( 3 ) GLOBAL_UNCERTAINTY_ASSIGNED_CONTEXT ( ( #6994 ) ) GLOBAL_UNIT_ASSIGNED_CONTEXT ( ( #3359, #6537, #8835 ) ) REPRESENTATION_CONTEXT ( 'NONE', 'WORKASPACE' ) );
#6001 = VECTOR ( 'NONE', #5653, 1000.000000000000000 ) ;
#6002 = ADVANCED_FACE ( 'NONE', ( #1058 ), #516, .F. ) ;
#6003 = VERTEX_POINT ( 'NONE', #6159 ) ;
#6004 = LINE ( 'NONE', #2327, #5167 ) ;
#6005 = ORIENTED_EDGE ( 'NONE', *, *, #3926, .T. ) ;
#6006 = ADVANCED_FACE ( 'NONE', ( #10011 ), #8541, .T. ) ;
#6007 = LINE ( 'NONE', #2868, #9069 ) ;
#6008 = CARTESIAN_POINT ( 'NONE',  ( 0.1749999999999998224, 0.2000000000000000111, -2.950000000000000178 ) ) ;
#6010 = VECTOR ( 'NONE', #9595, 1000.000000000000000 ) ;
#6009 = PLANE ( 'NONE',  #1093 ) ;
#6011 = VERTEX_POINT ( 'NONE', #10192 ) ;
#6012 = FILL_AREA_STYLE_COLOUR ( '', #8188 ) ;
#6013 = VERTEX_POINT ( 'NONE', #6184 ) ;
#6014 = VERTEX_POINT ( 'NONE', #7083 ) ;
#6015 = FACE_OUTER_BOUND ( 'NONE', #6357, .T. ) ;
#6016 = SURFACE_SIDE_STYLE ('',( #5179 ) ) ;
#6017 = DIRECTION ( 'NONE',  ( -1.239088197126290570E-16, 0.000000000000000000, -1.000000000000000000 ) ) ;
#6018 = DIRECTION ( 'NONE',  ( 1.000000000000000000, -0.000000000000000000, -0.000000000000000000 ) ) ;
#6019 = VECTOR ( 'NONE', #574, 1000.000000000000000 ) ;
#6020 = CARTESIAN_POINT ( 'NONE',  ( -3.500000000000000444, 0.04999999999999969746, 0.4749999999999997558 ) ) ;
#6021 = CARTESIAN_POINT ( 'NONE',  ( 2.950000000000000178, 0.8264982043070829842, 0.1750000000000006828 ) ) ;
#6022 = PRODUCT_RELATED_PRODUCT_CATEGORY ( 'part', '', ( #8080 ) ) ;
#6023 = ORIENTED_EDGE ( 'NONE', *, *, #9601, .F. ) ;
#6024 = VERTEX_POINT ( 'NONE', #3855 ) ;
#6025 = EDGE_LOOP ( 'NONE', ( #10080, #3703, #1337, #878 ) ) ;
#6026 = PLANE ( 'NONE',  #9336 ) ;
#6027 = ORIENTED_EDGE ( 'NONE', *, *, #757, .F. ) ;
#6028 = EDGE_LOOP ( 'NONE', ( #7549, #3597, #2463, #2355 ) ) ;
#6029 = CARTESIAN_POINT ( 'NONE',  ( -3.500000000000000444, 0.8264982043070829842, -0.8250000000000001776 ) ) ;
#6030 = COLOUR_RGB ( '',0.7921568627450980005, 0.8196078431372548767, 0.9333333333333333481 ) ;
#6031 = DIRECTION ( 'NONE',  ( -1.000000000000000000, 0.000000000000000000, 0.000000000000000000 ) ) ;
#6032 = ORIENTED_EDGE ( 'NONE', *, *, #3470, .F. ) ;
#6033 = CARTESIAN_POINT ( 'NONE',  ( -0.8250000000000001776, 0.2000000000000000111, 2.950000000000001066 ) ) ;
#6034 = LINE ( 'NONE', #10086, #4323 ) ;
#6035 = EDGE_CURVE ( 'NONE', #6834, #484, #6714, .T. ) ;
#6036 = VERTEX_POINT ( 'NONE', #686 ) ;
#6037 = ORIENTED_EDGE ( 'NONE', *, *, #7682, .F. ) ;
#6038 = VERTEX_POINT ( 'NONE', #3830 ) ;
#6039 = EDGE_CURVE ( 'NONE', #5810, #1544, #7211, .T. ) ;
#6040 = ORIENTED_EDGE ( 'NONE', *, *, #9452, .F. ) ;
#6041 = CARTESIAN_POINT ( 'NONE',  ( 2.950000000000000178, 0.8264982043070829842, 1.475000000000000533 ) ) ;
#6042 = VECTOR ( 'NONE', #338, 1000.000000000000000 ) ;
#6043 = EDGE_CURVE ( 'NONE', #735, #6443, #9275, .T. ) ;
#6044 = DIRECTION ( 'NONE',  ( 1.000000000000000000, 0.000000000000000000, -0.000000000000000000 ) ) ;
#6045 = PLANE ( 'NONE',  #5404 ) ;
#6046 = EDGE_LOOP ( 'NONE', ( #10116, #4480, #5556, #7126 ) ) ;
#6047 = CARTESIAN_POINT ( 'NONE',  ( 2.950000000000000178, 0.000000000000000000, -2.424999999999999378 ) ) ;
#6048 = EDGE_CURVE ( 'NONE', #9943, #8809, #811, .T. ) ;
#6049 = ORIENTED_EDGE ( 'NONE', *, *, #10032, .F. ) ;
#6050 = VECTOR ( 'NONE', #7625, 1000.000000000000000 ) ;
#6051 = EDGE_CURVE ( 'NONE', #8199, #8341, #9400, .T. ) ;
#6052 = ADVANCED_FACE ( 'NONE', ( #6337 ), #5442, .T. ) ;
#6053 = CARTESIAN_POINT ( 'NONE',  ( -0.8250000000000010658, 0.2000000000000000111, -2.950000000000000178 ) ) ;
#6054 = EDGE_LOOP ( 'NONE', ( #491, #4637, #9111, #3937 ) ) ;
#6055 = CARTESIAN_POINT ( 'NONE',  ( -0.4750000000000001443, 0.2000000000000000111, -3.500000000000000444 ) ) ;
#6056 = EDGE_CURVE ( 'NONE', #7235, #5641, #9154, .T. ) ;
#6057 = ADVANCED_FACE ( 'NONE', ( #9035 ), #4698, .F. ) ;
#6058 = AXIS2_PLACEMENT_3D ( 'NONE', #5928, #9037, #3500 ) ;
#6059 = AXIS2_PLACEMENT_3D ( 'NONE', #4213, #4076, #4178 ) ;
#6060 = EDGE_LOOP ( 'NONE', ( #6990, #2970, #657, #5803 ) ) ;
#6061 = DIRECTION ( 'NONE',  ( 0.000000000000000000, -1.000000000000000000, 0.000000000000000000 ) ) ;
#6062 = ORIENTED_EDGE ( 'NONE', *, *, #494, .T. ) ;
#6063 = DIRECTION ( 'NONE',  ( -0.000000000000000000, -1.000000000000000000, -0.000000000000000000 ) ) ;
#6064 = CARTESIAN_POINT ( 'NONE',  ( 0.000000000000000000, 0.05000000000000000278, 1.774999999999999689 ) ) ;
#6065 = VECTOR ( 'NONE', #9208, 1000.000000000000000 ) ;
#6066 = EDGE_LOOP ( 'NONE', ( #8797, #9463, #4964, #2096 ) ) ;
#6067 = PLANE ( 'NONE',  #5486 ) ;
#6068 = DIRECTION ( 'NONE',  ( 0.000000000000000000, 0.000000000000000000, -1.000000000000000000 ) ) ;
#6069 = ORIENTED_EDGE ( 'NONE', *, *, #6352, .F. ) ;
#6070 = DIRECTION ( 'NONE',  ( 0.000000000000000000, -0.000000000000000000, 1.000000000000000000 ) ) ;
#6071 = CARTESIAN_POINT ( 'NONE',  ( -3.500000000000000444, 0.000000000000000000, -2.125000000000000000 ) ) ;
#6072 = VECTOR ( 'NONE', #1232, 1000.000000000000000 ) ;
#6073 = LINE ( 'NONE', #10000, #2402 ) ;
#6074 = ORIENTED_EDGE ( 'NONE', *, *, #2242, .T. ) ;
#6075 = CARTESIAN_POINT ( 'NONE',  ( -2.125000000000000888, 0.000000000000000000, -2.950000000000000178 ) ) ;
#6076 = DIRECTION ( 'NONE',  ( 1.000000000000000000, 0.000000000000000000, 0.000000000000000000 ) ) ;
#6077 = VERTEX_POINT ( 'NONE', #2321 ) ;
#6078 = VERTEX_POINT ( 'NONE', #7801 ) ;
#6079 = CARTESIAN_POINT ( 'NONE',  ( -3.500000000000000444, 0.8264982043070829842, 2.425000000000000266 ) ) ;
#6080 = FACE_OUTER_BOUND ( 'NONE', #9384, .T. ) ;
#6081 = LINE ( 'NONE', #8764, #410 ) ;
#6082 = DIRECTION ( 'NONE',  ( 0.000000000000000000, 0.000000000000000000, -1.000000000000000000 ) ) ;
#6083 = LINE ( 'NONE', #8293, #6818 ) ;
#6084 = AXIS2_PLACEMENT_3D ( 'NONE', #5365, #6864, #648 ) ;
#6085 = LINE ( 'NONE', #5481, #4018 ) ;
#6086 = EDGE_CURVE ( 'NONE', #10168, #6361, #5014, .T. ) ;
#6087 = CARTESIAN_POINT ( 'NONE',  ( 3.500000000000000444, 0.04999999999999969746, -0.1750000000000002387 ) ) ;
#6088 = VERTEX_POINT ( 'NONE', #727 ) ;
#6089 = DIRECTION ( 'NONE',  ( 1.000000000000000000, -0.000000000000000000, 0.000000000000000000 ) ) ;
#6090 = LINE ( 'NONE', #580, #1184 ) ;
#6091 = CARTESIAN_POINT ( 'NONE',  ( -2.950000000000000178, 0.1999999999999999833, -0.8250000000000001776 ) ) ;
#6092 = DIRECTION ( 'NONE',  ( 0.000000000000000000, -1.000000000000000000, 0.000000000000000000 ) ) ;
#6093 = EDGE_CURVE ( 'NONE', #9684, #10055, #301, .T. ) ;
#6094 = CARTESIAN_POINT ( 'NONE',  ( 1.124999999999999778, 0.1999999999999999833, 2.950000000000001066 ) ) ;
#6095 = DIRECTION ( 'NONE',  ( 0.000000000000000000, 0.000000000000000000, 1.000000000000000000 ) ) ;
#6096 = EDGE_CURVE ( 'NONE', #2268, #9573, #8913, .T. ) ;
#6097 = ADVANCED_FACE ( 'NONE', ( #5614 ), #3048, .T. ) ;
#6098 = AXIS2_PLACEMENT_3D ( 'NONE', #1365, #6845, #520 ) ;
#6099 = ORIENTED_EDGE ( 'NONE', *, *, #980, .T. ) ;
#6100 = LINE ( 'NONE', #3838, #1673 ) ;
#6101 = EDGE_LOOP ( 'NONE', ( #10139, #4065, #846, #1585 ) ) ;
#6102 = EDGE_CURVE ( 'NONE', #1808, #7636, #8411, .T. ) ;
#6103 = CARTESIAN_POINT ( 'NONE',  ( -2.950000000000000178, 0.1999999999999999833, 1.774999999999999689 ) ) ;
#6104 = VECTOR ( 'NONE', #6286, 1000.000000000000000 ) ;
#6105 = SURFACE_SIDE_STYLE ('',( #5829 ) ) ;
#6106 = CARTESIAN_POINT ( 'NONE',  ( 0.000000000000000000, 0.2000000000000000111, 0.000000000000000000 ) ) ;
#6107 = ADVANCED_FACE ( 'NONE', ( #9782 ), #3350, .F. ) ;
#6108 = VECTOR ( 'NONE', #7216, 1000.000000000000000 ) ;
#6109 = CARTESIAN_POINT ( 'NONE',  ( 2.424999999999999378, 0.000000000000000000, -2.950000000000000178 ) ) ;
#6110 = EDGE_CURVE ( 'NONE', #2205, #9193, #3528, .T. ) ;
#6112 = ORIENTED_EDGE ( 'NONE', *, *, #7798, .T. ) ;
#6111 = DIRECTION ( 'NONE',  ( 1.000000000000000000, -0.000000000000000000, 0.000000000000000000 ) ) ;
#6113 = ORIENTED_EDGE ( 'NONE', *, *, #9791, .F. ) ;
#6114 = VECTOR ( 'NONE', #2513, 1000.000000000000000 ) ;
#6115 = VECTOR ( 'NONE', #3562, 1000.000000000000000 ) ;
#6116 = EDGE_CURVE ( 'NONE', #1966, #5351, #4395, .T. ) ;
#6117 = VECTOR ( 'NONE', #10023, 1000.000000000000000 ) ;
#6118 = DIRECTION ( 'NONE',  ( 1.000000000000000000, -0.000000000000000000, 0.000000000000000000 ) ) ;
#6119 = ORIENTED_EDGE ( 'NONE', *, *, #3111, .F. ) ;
#6120 = EDGE_CURVE ( 'NONE', #6169, #1220, #8292, .T. ) ;
#6121 = CARTESIAN_POINT ( 'NONE',  ( -2.424999999999999378, 0.000000000000000000, 3.500000000000001332 ) ) ;
#6122 = ORIENTED_EDGE ( 'NONE', *, *, #4490, .F. ) ;
#6123 =( LENGTH_UNIT ( ) NAMED_UNIT ( * ) SI_UNIT ( .MILLI., .METRE. ) );
#6124 = EDGE_LOOP ( 'NONE', ( #884, #5352, #6840, #7255 ) ) ;
#6125 = LINE ( 'NONE', #8327, #7236 ) ;
#6126 = VECTOR ( 'NONE', #5447, 1000.000000000000000 ) ;
#6127 = DIRECTION ( 'NONE',  ( -1.000000000000000000, 0.000000000000000000, 0.000000000000000000 ) ) ;
#6128 = DIRECTION ( 'NONE',  ( -1.000000000000000000, 0.000000000000000000, -1.577021341797097215E-15 ) ) ;
#6129 = DIRECTION ( 'NONE',  ( -0.000000000000000000, -1.000000000000000000, -0.000000000000000000 ) ) ;
#6130 = ORIENTED_EDGE ( 'NONE', *, *, #8267, .F. ) ;
#6131 = VERTEX_POINT ( 'NONE', #968 ) ;
#6132 = DIRECTION ( 'NONE',  ( 1.000000000000000000, 0.000000000000000000, -0.000000000000000000 ) ) ;
#6133 = CARTESIAN_POINT ( 'NONE',  ( 0.4750000000000005884, 0.000000000000000000, 3.500000000000001332 ) ) ;
#6134 = AXIS2_PLACEMENT_3D ( 'NONE', #6033, #9892, #548 ) ;
#6135 = VECTOR ( 'NONE', #4515, 1000.000000000000000 ) ;
#6136 = FACE_OUTER_BOUND ( 'NONE', #3841, .T. ) ;
#6137 = CARTESIAN_POINT ( 'NONE',  ( 3.500000000000000444, 0.04999999999999969746, 2.125000000000000888 ) ) ;
#6138 = CARTESIAN_POINT ( 'NONE',  ( 1.774999999999998801, 0.2000000000000000111, -2.950000000000000178 ) ) ;
#6139 = EDGE_LOOP ( 'NONE', ( #7151, #8416, #1487, #3173 ) ) ;
#6140 = ORIENTED_EDGE ( 'NONE', *, *, #4278, .T. ) ;
#6141 = CARTESIAN_POINT ( 'NONE',  ( -3.500000000000000444, 0.8264982043070829842, 0.8250000000000006217 ) ) ;
#6142 = FACE_OUTER_BOUND ( 'NONE', #2935, .T. ) ;
#6143 = PLANE ( 'NONE',  #4271 ) ;
#6144 = LINE ( 'NONE', #3088, #1855 ) ;
#6145 = EDGE_LOOP ( 'NONE', ( #3790, #6410, #8423, #3575 ) ) ;
#6146 = DIRECTION ( 'NONE',  ( -0.000000000000000000, -1.000000000000000000, -0.000000000000000000 ) ) ;
#6147 = CARTESIAN_POINT ( 'NONE',  ( 3.500000000000000444, 11.49949493661166500, -3.500000000000000444 ) ) ;
#6148 = EDGE_LOOP ( 'NONE', ( #1358, #34, #4111, #9507 ) ) ;
#6149 = VERTEX_POINT ( 'NONE', #8678 ) ;
#6150 = CARTESIAN_POINT ( 'NONE',  ( 3.500000000000000444, 0.000000000000000000, 2.425000000000000266 ) ) ;
#6151 = ADVANCED_FACE ( 'NONE', ( #2042 ), #2567, .F. ) ;
#6152 = VECTOR ( 'NONE', #2727, 1000.000000000000000 ) ;
#6153 = CARTESIAN_POINT ( 'NONE',  ( 2.950000000000000178, 0.05000000000000002359, -1.124999999999999334 ) ) ;
#6154 = ORIENTED_EDGE ( 'NONE', *, *, #8785, .F. ) ;
#6155 = CARTESIAN_POINT ( 'NONE',  ( -2.950000000000000178, 0.8264982043070829842, 1.124999999999999778 ) ) ;
#6156 = LINE ( 'NONE', #4978, #7645 ) ;
#6157 = ADVANCED_FACE ( 'NONE', ( #4142 ), #9509, .F. ) ;
#6158 = EDGE_LOOP ( 'NONE', ( #2966, #6241, #4819, #5126 ) ) ;
#6159 = CARTESIAN_POINT ( 'NONE',  ( 2.125000000000000000, 0.2000000000000000111, -2.950000000000000178 ) ) ;
#6160 = CARTESIAN_POINT ( 'NONE',  ( -2.950000000000000178, 0.05000000000000002359, 2.125000000000000888 ) ) ;
#6161 = ORIENTED_EDGE ( 'NONE', *, *, #3791, .F. ) ;
#6162 = PLANE ( 'NONE',  #5927 ) ;
#6163 = EDGE_CURVE ( 'NONE', #7615, #9488, #8062, .T. ) ;
#6164 = CARTESIAN_POINT ( 'NONE',  ( 1.774999999999999689, 0.8264982043070834283, 2.950000000000001066 ) ) ;
#6165 = LINE ( 'NONE', #8552, #8731 ) ;
#6166 = SURFACE_SIDE_STYLE ('',( #7461 ) ) ;
#6167 = ORIENTED_EDGE ( 'NONE', *, *, #7563, .T. ) ;
#6168 = EDGE_CURVE ( 'NONE', #7953, #3957, #1788, .T. ) ;
#6169 = VERTEX_POINT ( 'NONE', #4006 ) ;
#6170 = FILL_AREA_STYLE_COLOUR ( '', #5722 ) ;
#6171 = DIRECTION ( 'NONE',  ( -1.000000000000000000, 0.000000000000000000, 0.000000000000000000 ) ) ;
#6173 = EDGE_CURVE ( 'NONE', #9057, #2487, #2290, .T. ) ;
#6172 = SURFACE_STYLE_FILL_AREA ( #2022 ) ;
#6174 = DIRECTION ( 'NONE',  ( -1.000000000000000000, 0.000000000000000000, 0.000000000000000000 ) ) ;
#6175 = EDGE_LOOP ( 'NONE', ( #4998, #8362, #2393, #6181 ) ) ;
#6176 = DIRECTION ( 'NONE',  ( 1.000000000000000000, -0.000000000000000000, 0.000000000000000000 ) ) ;
#6177 = VECTOR ( 'NONE', #2719, 1000.000000000000000 ) ;
#6178 = PLANE ( 'NONE',  #1849 ) ;
#6179 = VERTEX_POINT ( 'NONE', #9477 ) ;
#6180 = CARTESIAN_POINT ( 'NONE',  ( -2.950000000000000178, 0.8264982043070829842, -1.124999999999999334 ) ) ;
#6181 = ORIENTED_EDGE ( 'NONE', *, *, #7630, .T. ) ;
#6182 = AXIS2_PLACEMENT_3D ( 'NONE', #8079, #4971, #9724 ) ;
#6183 = AXIS2_PLACEMENT_3D ( 'NONE', #9418, #7813, #3987 ) ;
#6184 = CARTESIAN_POINT ( 'NONE',  ( -2.950000000000000178, 0.05000000000000002359, 0.1750000000000006828 ) ) ;
#6185 = VECTOR ( 'NONE', #7742, 1000.000000000000000 ) ;
#6186 = ORIENTED_EDGE ( 'NONE', *, *, #1819, .T. ) ;
#6187 = DIRECTION ( 'NONE',  ( 0.000000000000000000, -0.000000000000000000, -1.000000000000000000 ) ) ;
#6188 = VECTOR ( 'NONE', #5701, 1000.000000000000000 ) ;
#6189 = ORIENTED_EDGE ( 'NONE', *, *, #9783, .F. ) ;
#6190 = CARTESIAN_POINT ( 'NONE',  ( 0.4750000000000005884, 0.1999999999999999833, 3.500000000000001332 ) ) ;
#6191 = CARTESIAN_POINT ( 'NONE',  ( 2.950000000000000178, 0.000000000000000000, 1.774999999999999689 ) ) ;
#6192 = ORIENTED_EDGE ( 'NONE', *, *, #5383, .T. ) ;
#6193 = ORIENTED_EDGE ( 'NONE', *, *, #3880, .T. ) ;
#6194 = LINE ( 'NONE', #8266, #9873 ) ;
#6195 = VECTOR ( 'NONE', #3366, 1000.000000000000000 ) ;
#6196 = LINE ( 'NONE', #1340, #2658 ) ;
#6197 = LINE ( 'NONE', #8830, #9014 ) ;
#6198 = AXIS2_PLACEMENT_3D ( 'NONE', #7816, #6991, #2232 ) ;
#6199 = DIRECTION ( 'NONE',  ( 0.000000000000000000, -0.000000000000000000, -1.000000000000000000 ) ) ;
#6200 = ADVANCED_FACE ( 'NONE', ( #6457 ), #4834, .T. ) ;
#6201 = DIRECTION ( 'NONE',  ( -0.000000000000000000, -1.000000000000000000, -0.000000000000000000 ) ) ;
#6202 = ORIENTED_EDGE ( 'NONE', *, *, #3429, .F. ) ;
#6203 = ORIENTED_EDGE ( 'NONE', *, *, #8922, .F. ) ;
#6204 = LINE ( 'NONE', #9119, #3149 ) ;
#6205 = VECTOR ( 'NONE', #4044, 1000.000000000000000 ) ;
#6206 = CARTESIAN_POINT ( 'NONE',  ( -1.774999999999999245, 0.2000000000000000111, 2.950000000000001066 ) ) ;
#6207 = DIRECTION ( 'NONE',  ( 1.000000000000000000, 0.000000000000000000, 0.000000000000000000 ) ) ;
#6208 = DIRECTION ( 'NONE',  ( 1.000000000000000000, 0.000000000000000000, 0.000000000000000000 ) ) ;
#6209 = ORIENTED_EDGE ( 'NONE', *, *, #2306, .T. ) ;
#6210 = AXIS2_PLACEMENT_3D ( 'NONE', #7089, #4703, #4804 ) ;
#6211 = CARTESIAN_POINT ( 'NONE',  ( 3.500000000000000444, 0.8264982043070829842, -2.424999999999999378 ) ) ;
#6212 = LINE ( 'NONE', #9823, #5484 ) ;
#6213 = EDGE_CURVE ( 'NONE', #5351, #7430, #2549, .T. ) ;
#6214 = VECTOR ( 'NONE', #5434, 1000.000000000000000 ) ;
#6215 = CARTESIAN_POINT ( 'NONE',  ( -3.500000000000000444, 0.000000000000000000, 1.124999999999999778 ) ) ;
#6216 = EDGE_LOOP ( 'NONE', ( #6999, #9911, #5421, #5929 ) ) ;
#6217 = DIRECTION ( 'NONE',  ( 0.000000000000000000, -1.000000000000000000, 0.000000000000000000 ) ) ;
#6218 = EDGE_CURVE ( 'NONE', #3957, #6230, #7578, .T. ) ;
#6219 = VERTEX_POINT ( 'NONE', #3274 ) ;
#6220 = FACE_OUTER_BOUND ( 'NONE', #199, .T. ) ;
#6221 = PLANE ( 'NONE',  #4491 ) ;
#6222 = DIRECTION ( 'NONE',  ( 1.000000000000000000, 0.000000000000000000, 0.000000000000000000 ) ) ;
#6223 = PLANE ( 'NONE',  #2888 ) ;
#6224 = VECTOR ( 'NONE', #794, 1000.000000000000000 ) ;
#6225 = DIRECTION ( 'NONE',  ( -1.000000000000000000, 0.000000000000000000, 0.000000000000000000 ) ) ;
#6226 = CARTESIAN_POINT ( 'NONE',  ( 0.000000000000000000, 0.2000000000000000111, 0.000000000000000000 ) ) ;
#6227 = VECTOR ( 'NONE', #4144, 1000.000000000000000 ) ;
#6228 = EDGE_CURVE ( 'NONE', #5766, #6646, #9374, .T. ) ;
#6229 = VERTEX_POINT ( 'NONE', #9545 ) ;
#6230 = VERTEX_POINT ( 'NONE', #1620 ) ;
#6231 = VERTEX_POINT ( 'NONE', #138 ) ;
#6232 = LINE ( 'NONE', #4125, #6114 ) ;
#6233 = DIRECTION ( 'NONE',  ( 0.000000000000000000, -1.000000000000000000, 0.000000000000000000 ) ) ;
#6234 = EDGE_CURVE ( 'NONE', #10, #2268, #6552, .T. ) ;
#6235 = MANIFOLD_SOLID_BREP ( 'LPattern3[3]', #4440 ) ;
#6236 = VECTOR ( 'NONE', #2425, 1000.000000000000000 ) ;
#6237 = EDGE_LOOP ( 'NONE', ( #9087, #5464, #8082, #7876 ) ) ;
#6238 = ORIENTED_EDGE ( 'NONE', *, *, #1557, .T. ) ;
#6239 = ORIENTED_EDGE ( 'NONE', *, *, #2163, .T. ) ;
#6240 = EDGE_CURVE ( 'NONE', #8149, #642, #4421, .T. ) ;
#6241 = ORIENTED_EDGE ( 'NONE', *, *, #6500, .F. ) ;
#6242 = DIRECTION ( 'NONE',  ( 0.000000000000000000, -0.000000000000000000, 1.000000000000000000 ) ) ;
#6243 = FACE_OUTER_BOUND ( 'NONE', #6216, .T. ) ;
#6244 = EDGE_CURVE ( 'NONE', #9817, #502, #3767, .T. ) ;
#6245 = DIRECTION ( 'NONE',  ( 0.000000000000000000, 0.000000000000000000, 1.000000000000000000 ) ) ;
#6246 = VECTOR ( 'NONE', #7058, 1000.000000000000000 ) ;
#6247 = MANIFOLD_SOLID_BREP ( 'LPattern4[12]', #8702 ) ;
#6248 = EDGE_LOOP ( 'NONE', ( #2415, #6349, #8115, #7040 ) ) ;
#6249 = ADVANCED_FACE ( 'NONE', ( #2863 ), #2002, .F. ) ;
#6250 = ORIENTED_EDGE ( 'NONE', *, *, #4217, .T. ) ;
#6251 = ORIENTED_EDGE ( 'NONE', *, *, #845, .T. ) ;
#6252 = DIRECTION ( 'NONE',  ( -1.000000000000000000, 0.000000000000000000, 0.000000000000000000 ) ) ;
#6253 = LINE ( 'NONE', #6283, #1711 ) ;
#6254 = DIRECTION ( 'NONE',  ( -0.000000000000000000, -1.000000000000000000, -0.000000000000000000 ) ) ;
#6255 = DIRECTION ( 'NONE',  ( 1.000000000000000000, 0.000000000000000000, 0.000000000000000000 ) ) ;
#6256 = VECTOR ( 'NONE', #9918, 1000.000000000000000 ) ;
#6257 = DIRECTION ( 'NONE',  ( 0.000000000000000000, -0.000000000000000000, -1.000000000000000000 ) ) ;
#6258 = ADVANCED_FACE ( 'NONE', ( #5431 ), #9153, .T. ) ;
#6259 = CARTESIAN_POINT ( 'NONE',  ( 3.500000000000000444, 0.05000000000000000278, -3.500000000000000444 ) ) ;
#6260 = DIRECTION ( 'NONE',  ( 0.000000000000000000, -1.000000000000000000, 0.000000000000000000 ) ) ;
#6261 =( NAMED_UNIT ( * ) PLANE_ANGLE_UNIT ( ) SI_UNIT ( $, .RADIAN. ) );
#6262 = VERTEX_POINT ( 'NONE', #1180 ) ;
#6263 = ORIENTED_EDGE ( 'NONE', *, *, #4689, .T. ) ;
#6264 = VERTEX_POINT ( 'NONE', #5140 ) ;
#6265 = VERTEX_POINT ( 'NONE', #2771 ) ;
#6266 = ORIENTED_EDGE ( 'NONE', *, *, #853, .F. ) ;
#6267 = DIRECTION ( 'NONE',  ( -0.000000000000000000, -1.000000000000000000, -0.000000000000000000 ) ) ;
#6268 = LINE ( 'NONE', #6492, #8120 ) ;
#6269 = DIRECTION ( 'NONE',  ( -1.000000000000000000, 0.000000000000000000, 0.000000000000000000 ) ) ;
#6270 = DIRECTION ( 'NONE',  ( -1.000000000000000000, 0.000000000000000000, 1.577021341797097215E-15 ) ) ;
#6271 = DIRECTION ( 'NONE',  ( 1.000000000000000000, 0.000000000000000000, 0.000000000000000000 ) ) ;
#6272 = VERTEX_POINT ( 'NONE', #2873 ) ;
#6273 = CLOSED_SHELL ( 'NONE', ( #2981, #6723, #7697, #3650 ) ) ;
#6274 = CARTESIAN_POINT ( 'NONE',  ( -2.125000000000000888, 0.000000000000000000, -2.950000000000000178 ) ) ;
#6275 = LINE ( 'NONE', #7723, #7397 ) ;
#6276 = ORIENTED_EDGE ( 'NONE', *, *, #7637, .F. ) ;
#6277 = LINE ( 'NONE', #8799, #9468 ) ;
#6278 = DIRECTION ( 'NONE',  ( 1.000000000000000000, -0.000000000000000000, 0.000000000000000000 ) ) ;
#6279 = CARTESIAN_POINT ( 'NONE',  ( -1.775000000000000133, 0.2000000000000000111, -2.950000000000000178 ) ) ;
#6280 = VERTEX_POINT ( 'NONE', #8239 ) ;
#6281 = ORIENTED_EDGE ( 'NONE', *, *, #9965, .F. ) ;
#6282 = DIRECTION ( 'NONE',  ( 0.000000000000000000, 0.000000000000000000, -1.000000000000000000 ) ) ;
#6283 = CARTESIAN_POINT ( 'NONE',  ( 1.125000000000000666, 0.2000000000000000111, 3.500000000000001332 ) ) ;
#6284 = CARTESIAN_POINT ( 'NONE',  ( -2.950000000000000178, 0.1999999999999999833, -0.4749999999999993117 ) ) ;
#6285 = ORIENTED_EDGE ( 'NONE', *, *, #9584, .T. ) ;
#6286 = DIRECTION ( 'NONE',  ( 1.000000000000000000, -0.000000000000000000, -0.000000000000000000 ) ) ;
#6287 = LINE ( 'NONE', #2963, #3357 ) ;
#6288 = DIRECTION ( 'NONE',  ( 0.000000000000000000, -0.000000000000000000, 1.000000000000000000 ) ) ;
#6289 = CARTESIAN_POINT ( 'NONE',  ( -3.500000000000000444, 0.8264982043070829842, -1.475000000000000089 ) ) ;
#6290 = AXIS2_PLACEMENT_3D ( 'NONE', #6753, #2859, #1159 ) ;
#6291 = ORIENTED_EDGE ( 'NONE', *, *, #5785, .F. ) ;
#6292 = DIRECTION ( 'NONE',  ( 0.000000000000000000, -1.000000000000000000, 0.000000000000000000 ) ) ;
#6293 = EDGE_CURVE ( 'NONE', #1990, #5641, #2109, .T. ) ;
#6294 = EDGE_LOOP ( 'NONE', ( #7861, #9919, #7266, #479 ) ) ;
#6295 = DIRECTION ( 'NONE',  ( -1.000000000000000000, 0.000000000000000000, 0.000000000000000000 ) ) ;
#6296 = CARTESIAN_POINT ( 'NONE',  ( -3.500000000000000000, 0.05000000000000000278, 3.500000000000000444 ) ) ;
#6297 = DIRECTION ( 'NONE',  ( -0.000000000000000000, -1.000000000000000000, -0.000000000000000000 ) ) ;
#6298 = VECTOR ( 'NONE', #7676, 1000.000000000000000 ) ;
#6299 = EDGE_CURVE ( 'NONE', #1231, #8729, #8596, .T. ) ;
#6300 = ORIENTED_EDGE ( 'NONE', *, *, #9452, .T. ) ;
#6301 = CARTESIAN_POINT ( 'NONE',  ( 2.950000000000000178, 0.000000000000000000, -0.1750000000000002387 ) ) ;
#6302 = CARTESIAN_POINT ( 'NONE',  ( -2.125000000000000888, 0.2000000000000000111, -2.950000000000000178 ) ) ;
#6303 = ORIENTED_EDGE ( 'NONE', *, *, #6819, .T. ) ;
#6304 = DIRECTION ( 'NONE',  ( -1.000000000000000000, 0.000000000000000000, 0.000000000000000000 ) ) ;
#6305 = ADVANCED_FACE ( 'NONE', ( #748 ), #5209, .T. ) ;
#6306 = EDGE_CURVE ( 'NONE', #8315, #8022, #9843, .T. ) ;
#6307 =( LENGTH_UNIT ( ) NAMED_UNIT ( * ) SI_UNIT ( .MILLI., .METRE. ) );
#6308 = DIRECTION ( 'NONE',  ( 1.000000000000000000, 0.000000000000000000, -0.000000000000000000 ) ) ;
#6309 = VECTOR ( 'NONE', #6031, 1000.000000000000000 ) ;
#6310 = LINE ( 'NONE', #9397, #2893 ) ;
#6311 = ORIENTED_EDGE ( 'NONE', *, *, #9253, .F. ) ;
#6312 = EDGE_LOOP ( 'NONE', ( #3630, #3240, #7067, #2680 ) ) ;
#6313 = CARTESIAN_POINT ( 'NONE',  ( 2.125000000000000000, 0.2000000000000000111, -2.950000000000000178 ) ) ;
#6314 = ORIENTED_EDGE ( 'NONE', *, *, #1379, .T. ) ;
#6315 = DIRECTION ( 'NONE',  ( -0.000000000000000000, -1.000000000000000000, -0.000000000000000000 ) ) ;
#6316 = VECTOR ( 'NONE', #2124, 1000.000000000000000 ) ;
#6317 = DIRECTION ( 'NONE',  ( -1.000000000000000000, 0.000000000000000000, 0.000000000000000000 ) ) ;
#6318 = CARTESIAN_POINT ( 'NONE',  ( 3.500000000000000444, 0.8264982043070829842, -0.8250000000000001776 ) ) ;
#6319 = VECTOR ( 'NONE', #578, 1000.000000000000000 ) ;
#6320 = EDGE_LOOP ( 'NONE', ( #8918, #3110, #9329, #8100 ) ) ;
#6321 = AXIS2_PLACEMENT_3D ( 'NONE', #9113, #4504, #2056 ) ;
#6322 = CARTESIAN_POINT ( 'NONE',  ( 2.425000000000000266, 0.000000000000000000, 2.950000000000001066 ) ) ;
#6323 = ORIENTED_EDGE ( 'NONE', *, *, #4518, .F. ) ;
#6324 = ORIENTED_EDGE ( 'NONE', *, *, #8340, .T. ) ;
#6325 = VECTOR ( 'NONE', #6483, 1000.000000000000000 ) ;
#6326 = LINE ( 'NONE', #3233, #4869 ) ;
#6327 = VECTOR ( 'NONE', #8566, 1000.000000000000000 ) ;
#6328 = DIRECTION ( 'NONE',  ( 0.000000000000000000, 0.000000000000000000, 1.000000000000000000 ) ) ;
#6329 = CARTESIAN_POINT ( 'NONE',  ( -2.950000000000000178, 0.8264982043070829842, -1.124999999999999334 ) ) ;
#6330 = CARTESIAN_POINT ( 'NONE',  ( 3.500000000000000444, 0.8264982043070829842, -0.4749999999999993117 ) ) ;
#6331 = CARTESIAN_POINT ( 'NONE',  ( -2.950000000000000178, 0.8264982043070829842, 1.774999999999999689 ) ) ;
#6332 = VERTEX_POINT ( 'NONE', #3474 ) ;
#6333 = VECTOR ( 'NONE', #371, 1000.000000000000000 ) ;
#6334 =( LENGTH_UNIT ( ) NAMED_UNIT ( * ) SI_UNIT ( .MILLI., .METRE. ) );
#6335 = VECTOR ( 'NONE', #8780, 1000.000000000000000 ) ;
#6336 = DIRECTION ( 'NONE',  ( -0.000000000000000000, -1.000000000000000000, -0.000000000000000000 ) ) ;
#6337 = FACE_OUTER_BOUND ( 'NONE', #5677, .T. ) ;
#6338 = DIRECTION ( 'NONE',  ( 1.000000000000000000, -0.000000000000000000, 0.000000000000000000 ) ) ;
#6339 = CARTESIAN_POINT ( 'NONE',  ( 3.500000000000000444, 0.2000000000000005107, -1.774999999999999689 ) ) ;
#6340 = ORIENTED_EDGE ( 'NONE', *, *, #4886, .T. ) ;
#6341 = LINE ( 'NONE', #7912, #2176 ) ;
#6342 = VECTOR ( 'NONE', #2460, 1000.000000000000000 ) ;
#6343 = DIRECTION ( 'NONE',  ( -1.000000000000000000, 0.000000000000000000, -0.000000000000000000 ) ) ;
#6344 = LINE ( 'NONE', #750, #9789 ) ;
#6345 = DIRECTION ( 'NONE',  ( 1.000000000000000000, -0.000000000000000000, -0.000000000000000000 ) ) ;
#6346 =( LENGTH_UNIT ( ) NAMED_UNIT ( * ) SI_UNIT ( .MILLI., .METRE. ) );
#6347 = ORIENTED_EDGE ( 'NONE', *, *, #1095, .T. ) ;
#6348 = DIRECTION ( 'NONE',  ( 0.000000000000000000, -0.000000000000000000, -1.000000000000000000 ) ) ;
#6349 = ORIENTED_EDGE ( 'NONE', *, *, #2890, .T. ) ;
#6350 = VECTOR ( 'NONE', #10166, 1000.000000000000000 ) ;
#6351 = CARTESIAN_POINT ( 'NONE',  ( 3.500000000000000444, 0.2000000000000005107, 0.1750000000000006828 ) ) ;
#6352 = EDGE_CURVE ( 'NONE', #9667, #2751, #3466, .T. ) ;
#6353 = ADVANCED_FACE ( 'NONE', ( #6524 ), #2692, .T. ) ;
#6354 = FACE_OUTER_BOUND ( 'NONE', #2221, .T. ) ;
#6355 = ORIENTED_EDGE ( 'NONE', *, *, #7817, .F. ) ;
#6356 = EDGE_CURVE ( 'NONE', #5931, #9488, #1740, .T. ) ;
#6357 = EDGE_LOOP ( 'NONE', ( #5299, #2491, #1968, #10150 ) ) ;
#6358 = CARTESIAN_POINT ( 'NONE',  ( -0.1750000000000010991, 0.2000000000000000111, -2.950000000000000178 ) ) ;
#6359 = ADVANCED_FACE ( 'NONE', ( #2619 ), #6067, .F. ) ;
#6360 = VECTOR ( 'NONE', #837, 1000.000000000000000 ) ;
#6361 = VERTEX_POINT ( 'NONE', #3437 ) ;
#6362 = DIRECTION ( 'NONE',  ( -0.000000000000000000, 0.000000000000000000, 1.000000000000000000 ) ) ;
#6363 = DIRECTION ( 'NONE',  ( -0.000000000000000000, -1.000000000000000000, -0.000000000000000000 ) ) ;
#6364 = LINE ( 'NONE', #6259, #4914 ) ;
#6365 = EDGE_CURVE ( 'NONE', #6414, #3852, #2360, .T. ) ;
#6366 =( NAMED_UNIT ( * ) SI_UNIT ( $, .STERADIAN. ) SOLID_ANGLE_UNIT ( ) );
#6367 = MANIFOLD_SOLID_BREP ( 'LPattern3[5]', #8751 ) ;
#6368 = FACE_OUTER_BOUND ( 'NONE', #4973, .T. ) ;
#6369 = EDGE_CURVE ( 'NONE', #3886, #7235, #8010, .T. ) ;
#6370 = ORIENTED_EDGE ( 'NONE', *, *, #2975, .F. ) ;
#6371 = CARTESIAN_POINT ( 'NONE',  ( 2.950000000000000178, 0.8264982043070829842, 1.774999999999999689 ) ) ;
#6372 = ORIENTED_EDGE ( 'NONE', *, *, #5211, .T. ) ;
#6373 = ORIENTED_EDGE ( 'NONE', *, *, #1969, .F. ) ;
#6374 = DIRECTION ( 'NONE',  ( 0.000000000000000000, 0.000000000000000000, -1.000000000000000000 ) ) ;
#6375 = EDGE_CURVE ( 'NONE', #4620, #5947, #1863, .T. ) ;
#6376 = VECTOR ( 'NONE', #5114, 1000.000000000000000 ) ;
#6377 = LINE ( 'NONE', #7048, #2333 ) ;
#6378 = ORIENTED_EDGE ( 'NONE', *, *, #710, .F. ) ;
#6379 = EDGE_CURVE ( 'NONE', #5714, #9510, #3833, .T. ) ;
#6380 = DIRECTION ( 'NONE',  ( 1.577021341797097215E-15, 0.000000000000000000, 1.000000000000000000 ) ) ;
#6381 = ORIENTED_EDGE ( 'NONE', *, *, #641, .T. ) ;
#6382 = ORIENTED_EDGE ( 'NONE', *, *, #285, .F. ) ;
#6383 = ORIENTED_EDGE ( 'NONE', *, *, #9072, .T. ) ;
#6384 = AXIS2_PLACEMENT_3D ( 'NONE', #210, #8871, #4917 ) ;
#6385 = STYLED_ITEM ( 'NONE', ( #3755 ), #2278 ) ;
#6386 = ORIENTED_EDGE ( 'NONE', *, *, #7241, .F. ) ;
#6387 = VECTOR ( 'NONE', #765, 1000.000000000000000 ) ;
#6388 = FILL_AREA_STYLE_COLOUR ( '', #3397 ) ;
#6390 = LINE ( 'NONE', #8862, #3705 ) ;
#6389 = CARTESIAN_POINT ( 'NONE',  ( 1.475000000000000533, 0.2000000000000002054, 3.500000000000001332 ) ) ;
#6391 = ORIENTED_EDGE ( 'NONE', *, *, #3282, .F. ) ;
#6392 = DIRECTION ( 'NONE',  ( 0.000000000000000000, 0.000000000000000000, -1.000000000000000000 ) ) ;
#6393 = EDGE_LOOP ( 'NONE', ( #3960, #2878, #6791, #1479 ) ) ;
#6394 = LINE ( 'NONE', #1054, #4569 ) ;
#6395 = CARTESIAN_POINT ( 'NONE',  ( 0.4749999999999988676, 0.04999999999999999584, -2.950000000000000178 ) ) ;
#6396 = CLOSED_SHELL ( 'NONE', ( #7957, #801, #9761, #218, #2142, #8020 ) ) ;
#6397 = CARTESIAN_POINT ( 'NONE',  ( 2.950000000000000178, 0.1999999999999999833, 0.4749999999999997558 ) ) ;
#6398 = CARTESIAN_POINT ( 'NONE',  ( 0.8250000000000006217, 0.04999999999999999584, 2.950000000000001066 ) ) ;
#6399 = LINE ( 'NONE', #4195, #129 ) ;
#6400 = AXIS2_PLACEMENT_3D ( 'NONE', #9790, #3598, #5105 ) ;
#6401 = DIRECTION ( 'NONE',  ( -0.000000000000000000, -1.000000000000000000, -0.000000000000000000 ) ) ;
#6402 = EDGE_LOOP ( 'NONE', ( #8056, #2869, #4138, #9871 ) ) ;
#6403 = VERTEX_POINT ( 'NONE', #3128 ) ;
#6404 =( NAMED_UNIT ( * ) PLANE_ANGLE_UNIT ( ) SI_UNIT ( $, .RADIAN. ) );
#6405 = ORIENTED_EDGE ( 'NONE', *, *, #7298, .F. ) ;
#6406 = DIRECTION ( 'NONE',  ( 0.000000000000000000, 0.000000000000000000, -1.000000000000000000 ) ) ;
#6407 = ADVANCED_FACE ( 'NONE', ( #3217 ), #3876, .T. ) ;
#6408 = LINE ( 'NONE', #4846, #2365 ) ;
#6409 = CARTESIAN_POINT ( 'NONE',  ( -2.125000000000000888, 0.2000000000000000111, -2.950000000000000178 ) ) ;
#6410 = ORIENTED_EDGE ( 'NONE', *, *, #1486, .F. ) ;
#6411 = EDGE_CURVE ( 'NONE', #8952, #5277, #6275, .T. ) ;
#6412 = DIRECTION ( 'NONE',  ( -1.577021341797097215E-15, 0.000000000000000000, 1.000000000000000000 ) ) ;
#6413 = LINE ( 'NONE', #6041, #1619 ) ;
#6414 = VERTEX_POINT ( 'NONE', #6955 ) ;
#6415 =( NAMED_UNIT ( * ) PLANE_ANGLE_UNIT ( ) SI_UNIT ( $, .RADIAN. ) );
#6416 =( NAMED_UNIT ( * ) PLANE_ANGLE_UNIT ( ) SI_UNIT ( $, .RADIAN. ) );
#6417 = ORIENTED_EDGE ( 'NONE', *, *, #9844, .F. ) ;
#6418 = EDGE_CURVE ( 'NONE', #6024, #5695, #3345, .T. ) ;
#6419 = DIRECTION ( 'NONE',  ( 0.000000000000000000, 0.000000000000000000, 1.000000000000000000 ) ) ;
#6420 = CARTESIAN_POINT ( 'NONE',  ( -3.500000000000000444, 0.000000000000000000, -1.475000000000000089 ) ) ;
#6422 = EDGE_CURVE ( 'NONE', #122, #7330, #7014, .T. ) ;
#6421 = VECTOR ( 'NONE', #5892, 1000.000000000000000 ) ;
#6423 = PRESENTATION_LAYER_ASSIGNMENT (  '', '', ( #3480 ) ) ;
#6424 = ORIENTED_EDGE ( 'NONE', *, *, #5909, .T. ) ;
#6425 = CARTESIAN_POINT ( 'NONE',  ( -0.4749999999999993117, 0.000000000000000000, 2.950000000000001066 ) ) ;
#6426 = DIRECTION ( 'NONE',  ( 0.000000000000000000, 0.000000000000000000, -1.000000000000000000 ) ) ;
#6427 = EDGE_CURVE ( 'NONE', #3554, #8712, #5554, .T. ) ;
#6428 = ORIENTED_EDGE ( 'NONE', *, *, #8800, .F. ) ;
#6429 = CARTESIAN_POINT ( 'NONE',  ( -1.475000000000000089, 0.2000000000000000111, -3.500000000000000444 ) ) ;
#6430 = DIRECTION ( 'NONE',  ( -0.000000000000000000, -1.000000000000000000, -0.000000000000000000 ) ) ;
#6431 = DIRECTION ( 'NONE',  ( -0.000000000000000000, -1.000000000000000000, -0.000000000000000000 ) ) ;
#6432 = EDGE_CURVE ( 'NONE', #3301, #2589, #3600, .T. ) ;
#6433 = CARTESIAN_POINT ( 'NONE',  ( 2.950000000000000178, 0.000000000000000000, -0.8250000000000001776 ) ) ;
#6434 = LINE ( 'NONE', #1796, #9519 ) ;
#6435 = ORIENTED_EDGE ( 'NONE', *, *, #970, .T. ) ;
#6436 = FACE_OUTER_BOUND ( 'NONE', #9296, .T. ) ;
#6437 = DIRECTION ( 'NONE',  ( -0.000000000000000000, -1.000000000000000000, -0.000000000000000000 ) ) ;
#6438 = PRESENTATION_STYLE_ASSIGNMENT (( #3307 ) ) ;
#6439 = EDGE_LOOP ( 'NONE', ( #2894, #3815, #7282, #3943 ) ) ;
#6440 = DIRECTION ( 'NONE',  ( 0.000000000000000000, 0.000000000000000000, -1.000000000000000000 ) ) ;
#6441 = EDGE_CURVE ( 'NONE', #759, #5776, #5921, .T. ) ;
#6442 = CARTESIAN_POINT ( 'NONE',  ( 1.475000000000000533, 0.1999999999999999833, 2.950000000000001066 ) ) ;
#6443 = VERTEX_POINT ( 'NONE', #7782 ) ;
#6444 = LINE ( 'NONE', #7414, #6455 ) ;
#6445 = EDGE_CURVE ( 'NONE', #4935, #4753, #8855, .T. ) ;
#6446 = LINE ( 'NONE', #3846, #8517 ) ;
#6447 = LINE ( 'NONE', #1204, #3383 ) ;
#6448 = LINE ( 'NONE', #3154, #656 ) ;
#6449 = ORIENTED_EDGE ( 'NONE', *, *, #2761, .F. ) ;
#6450 = CARTESIAN_POINT ( 'NONE',  ( 0.4750000000000005884, 0.04999999999999969746, 3.500000000000001332 ) ) ;
#6451 = ORIENTED_EDGE ( 'NONE', *, *, #2033, .F. ) ;
#6452 = SURFACE_STYLE_FILL_AREA ( #3853 ) ;
#6453 = VECTOR ( 'NONE', #2903, 1000.000000000000000 ) ;
#6454 = DIRECTION ( 'NONE',  ( 1.577021341797097215E-15, 0.000000000000000000, 1.000000000000000000 ) ) ;
#6455 = VECTOR ( 'NONE', #4188, 1000.000000000000000 ) ;
#6456 = ADVANCED_FACE ( 'NONE', ( #10076 ), #7065, .T. ) ;
#6457 = FACE_OUTER_BOUND ( 'NONE', #5537, .T. ) ;
#6458 =( GEOMETRIC_REPRESENTATION_CONTEXT ( 3 ) GLOBAL_UNCERTAINTY_ASSIGNED_CONTEXT ( ( #8815 ) ) GLOBAL_UNIT_ASSIGNED_CONTEXT ( ( #8282, #2115, #1331 ) ) REPRESENTATION_CONTEXT ( 'NONE', 'WORKASPACE' ) );
#6459 = ORIENTED_EDGE ( 'NONE', *, *, #1158, .T. ) ;
#6460 = FACE_OUTER_BOUND ( 'NONE', #5899, .T. ) ;
#6461 = PLANE ( 'NONE',  #3759 ) ;
#6462 = ADVANCED_FACE ( 'NONE', ( #9597 ), #4643, .F. ) ;
#6463 = FILL_AREA_STYLE ('',( #8863 ) ) ;
#6464 = LINE ( 'NONE', #898, #809 ) ;
#6465 = DIRECTION ( 'NONE',  ( -1.000000000000000000, 0.000000000000000000, 1.239088197126290817E-16 ) ) ;
#6466 = VECTOR ( 'NONE', #3638, 1000.000000000000000 ) ;
#6467 = DIRECTION ( 'NONE',  ( 1.000000000000000000, -0.000000000000000000, 0.000000000000000000 ) ) ;
#6468 = ORIENTED_EDGE ( 'NONE', *, *, #4161, .T. ) ;
#6469 = DIRECTION ( 'NONE',  ( 0.000000000000000000, 0.000000000000000000, 1.000000000000000000 ) ) ;
#6470 = EDGE_LOOP ( 'NONE', ( #9038, #3917, #3955, #4718 ) ) ;
#6471 = LINE ( 'NONE', #2220, #4159 ) ;
#6472 = CARTESIAN_POINT ( 'NONE',  ( -3.500000000000000444, 0.1999999999999999833, 2.125000000000000888 ) ) ;
#6473 = VECTOR ( 'NONE', #8021, 1000.000000000000000 ) ;
#6475 = FACE_OUTER_BOUND ( 'NONE', #10194, .T. ) ;
#6474 = CARTESIAN_POINT ( 'NONE',  ( 1.124999999999998890, 0.04999999999999999584, -2.950000000000000178 ) ) ;
#6476 = ORIENTED_EDGE ( 'NONE', *, *, #4678, .T. ) ;
#6477 = VERTEX_POINT ( 'NONE', #10074 ) ;
#6478 = ORIENTED_EDGE ( 'NONE', *, *, #6056, .F. ) ;
#6479 = CARTESIAN_POINT ( 'NONE',  ( 3.500000000000000444, 0.1999999999999999833, 2.125000000000000888 ) ) ;
#6480 = LINE ( 'NONE', #9441, #5031 ) ;
#6481 = DIRECTION ( 'NONE',  ( -0.000000000000000000, -1.000000000000000000, -0.000000000000000000 ) ) ;
#6482 = MECHANICAL_DESIGN_GEOMETRIC_PRESENTATION_REPRESENTATION (  '', ( #6686 ), #5645 ) ;
#6483 = DIRECTION ( 'NONE',  ( -1.000000000000000000, 0.000000000000000000, 0.000000000000000000 ) ) ;
#6484 = EDGE_LOOP ( 'NONE', ( #7005, #7460, #1852, #1072 ) ) ;
#6485 = EDGE_CURVE ( 'NONE', #8734, #7235, #1, .T. ) ;
#6486 = EDGE_LOOP ( 'NONE', ( #3895, #8637, #8497, #3379 ) ) ;
#6487 = ORIENTED_EDGE ( 'NONE', *, *, #5672, .F. ) ;
#6488 = LINE ( 'NONE', #3829, #9687 ) ;
#6489 = DIRECTION ( 'NONE',  ( -1.000000000000000000, 0.000000000000000000, -0.000000000000000000 ) ) ;
#6490 = EDGE_CURVE ( 'NONE', #6011, #2329, #4206, .T. ) ;
#6491 = LINE ( 'NONE', #496, #9566 ) ;
#6492 = CARTESIAN_POINT ( 'NONE',  ( 1.125000000000000666, 0.000000000000000000, 3.500000000000001332 ) ) ;
#6493 = CARTESIAN_POINT ( 'NONE',  ( -2.124999999999999112, 0.2000000000000000111, 3.500000000000001332 ) ) ;
#6494 = CARTESIAN_POINT ( 'NONE',  ( -3.500000000000000444, 0.8264982043070829842, -0.1750000000000002387 ) ) ;
#6495 = ORIENTED_EDGE ( 'NONE', *, *, #7182, .F. ) ;
#6496 = CARTESIAN_POINT ( 'NONE',  ( -1.125000000000000222, 0.2000000000000000111, -3.500000000000000444 ) ) ;
#6497 = DIRECTION ( 'NONE',  ( 0.000000000000000000, -0.000000000000000000, 1.000000000000000000 ) ) ;
#6498 = ORIENTED_EDGE ( 'NONE', *, *, #7688, .F. ) ;
#6499 = ORIENTED_EDGE ( 'NONE', *, *, #6888, .F. ) ;
#6500 = EDGE_CURVE ( 'NONE', #8571, #9534, #2346, .T. ) ;
#6501 = DIRECTION ( 'NONE',  ( 0.000000000000000000, 0.000000000000000000, 1.000000000000000000 ) ) ;
#6502 = ORIENTED_EDGE ( 'NONE', *, *, #987, .F. ) ;
#6503 = LINE ( 'NONE', #1148, #9935 ) ;
#6504 = PRESENTATION_LAYER_ASSIGNMENT (  '', '', ( #4424 ) ) ;
#6505 = CARTESIAN_POINT ( 'NONE',  ( -2.950000000000000178, 0.1999999999999999833, 2.425000000000000266 ) ) ;
#6506 = PRESENTATION_STYLE_ASSIGNMENT (( #9095 ) ) ;
#6507 = CARTESIAN_POINT ( 'NONE',  ( 2.950000000000000178, 0.1999999999999999833, 1.124999999999999778 ) ) ;
#6508 = ORIENTED_EDGE ( 'NONE', *, *, #1190, .F. ) ;
#6509 = EDGE_LOOP ( 'NONE', ( #9586, #2775, #9008, #5027 ) ) ;
#6510 = EDGE_LOOP ( 'NONE', ( #2441, #2150, #3261, #1872 ) ) ;
#6511 = FILL_AREA_STYLE ('',( #1020 ) ) ;
#6512 = ORIENTED_EDGE ( 'NONE', *, *, #4017, .F. ) ;
#6513 = FACE_OUTER_BOUND ( 'NONE', #1174, .T. ) ;
#6514 = ORIENTED_EDGE ( 'NONE', *, *, #3152, .F. ) ;
#6515 = ADVANCED_FACE ( 'NONE', ( #7521 ), #744, .T. ) ;
#6516 = LINE ( 'NONE', #4085, #348 ) ;
#6517 = PLANE ( 'NONE',  #5685 ) ;
#6518 = ORIENTED_EDGE ( 'NONE', *, *, #4549, .F. ) ;
#6520 = VERTEX_POINT ( 'NONE', #4606 ) ;
#6519 = ADVANCED_FACE ( 'NONE', ( #3946 ), #8909, .T. ) ;
#6521 = APPLICATION_PROTOCOL_DEFINITION ( 'draft international standard', 'automotive_design', 1998, #8006 ) ;
#6522 = DIRECTION ( 'NONE',  ( -0.000000000000000000, 0.000000000000000000, 1.000000000000000000 ) ) ;
#6523 = FILL_AREA_STYLE ('',( #6388 ) ) ;
#6524 = FACE_OUTER_BOUND ( 'NONE', #6124, .T. ) ;
#6525 = CARTESIAN_POINT ( 'NONE',  ( 1.774999999999999689, 0.2000000000000000111, 2.950000000000001066 ) ) ;
#6526 = VERTEX_POINT ( 'NONE', #640 ) ;
#6527 = LINE ( 'NONE', #3029, #4581 ) ;
#6528 = ORIENTED_EDGE ( 'NONE', *, *, #8196, .F. ) ;
#6529 = CARTESIAN_POINT ( 'NONE',  ( -3.500000000000000444, 0.8264982043070829842, -0.8250000000000001776 ) ) ;
#6530 = DIRECTION ( 'NONE',  ( 0.000000000000000000, -1.000000000000000000, 0.000000000000000000 ) ) ;
#6531 = CARTESIAN_POINT ( 'NONE',  ( -1.775000000000000577, 0.2000000000000005107, -3.499999999999999556 ) ) ;
#6532 = ORIENTED_EDGE ( 'NONE', *, *, #7691, .F. ) ;
#6533 = DIRECTION ( 'NONE',  ( 1.000000000000000000, 0.000000000000000000, -0.000000000000000000 ) ) ;
#6534 =( GEOMETRIC_REPRESENTATION_CONTEXT ( 3 ) GLOBAL_UNCERTAINTY_ASSIGNED_CONTEXT ( ( #2298 ) ) GLOBAL_UNIT_ASSIGNED_CONTEXT ( ( #5372, #2183, #5344 ) ) REPRESENTATION_CONTEXT ( 'NONE', 'WORKASPACE' ) );
#6535 = CARTESIAN_POINT ( 'NONE',  ( 3.500000000000000444, 0.05000000000000000278, -3.500000000000000444 ) ) ;
#6536 = PRESENTATION_STYLE_ASSIGNMENT (( #7492 ) ) ;
#6537 =( NAMED_UNIT ( * ) PLANE_ANGLE_UNIT ( ) SI_UNIT ( $, .RADIAN. ) );
#6538 = DIRECTION ( 'NONE',  ( 0.000000000000000000, -1.000000000000000000, 0.000000000000000000 ) ) ;
#6539 = ORIENTED_EDGE ( 'NONE', *, *, #7563, .F. ) ;
#6540 = DIRECTION ( 'NONE',  ( 1.000000000000000000, 0.000000000000000000, 0.000000000000000000 ) ) ;
#6541 = CARTESIAN_POINT ( 'NONE',  ( -3.500000000000000444, 0.000000000000000000, 0.4749999999999997558 ) ) ;
#6542 = DIRECTION ( 'NONE',  ( 0.000000000000000000, -0.000000000000000000, -1.000000000000000000 ) ) ;
#6543 = VECTOR ( 'NONE', #3931, 1000.000000000000000 ) ;
#6544 = EDGE_LOOP ( 'NONE', ( #4783, #7493, #6281, #4807 ) ) ;
#6545 = CARTESIAN_POINT ( 'NONE',  ( 3.500000000000000444, 0.05000000000000000278, 3.499999999999999556 ) ) ;
#6546 = AXIS2_PLACEMENT_3D ( 'NONE', #1668, #9561, #1739 ) ;
#6547 = ORIENTED_EDGE ( 'NONE', *, *, #8440, .T. ) ;
#6548 = EDGE_CURVE ( 'NONE', #40, #7803, #5424, .T. ) ;
#6549 = CARTESIAN_POINT ( 'NONE',  ( 2.425000000000000266, 0.000000000000000000, 2.950000000000001066 ) ) ;
#6550 = DIRECTION ( 'NONE',  ( 1.000000000000000000, 0.000000000000000000, 0.000000000000000000 ) ) ;
#6551 = MANIFOLD_SOLID_BREP ( 'LPattern4[8]', #4928 ) ;
#6552 = LINE ( 'NONE', #7980, #2247 ) ;
#6553 = PLANE ( 'NONE',  #1191 ) ;
#6554 = EDGE_CURVE ( 'NONE', #3254, #9719, #1246, .T. ) ;
#6555 = COLOUR_RGB ( '',0.7921568627450980005, 0.8196078431372548767, 0.9333333333333333481 ) ;
#6556 = VERTEX_POINT ( 'NONE', #8880 ) ;
#6557 = EDGE_CURVE ( 'NONE', #6003, #8000, #9331, .T. ) ;
#6558 = DIRECTION ( 'NONE',  ( 0.000000000000000000, 1.000000000000000000, 0.000000000000000000 ) ) ;
#6559 = VECTOR ( 'NONE', #5091, 1000.000000000000000 ) ;
#6560 = VECTOR ( 'NONE', #460, 1000.000000000000000 ) ;
#6561 = DIRECTION ( 'NONE',  ( -0.000000000000000000, -0.000000000000000000, 1.000000000000000000 ) ) ;
#6562 = ADVANCED_FACE ( 'NONE', ( #614 ), #5025, .F. ) ;
#6563 = DIRECTION ( 'NONE',  ( -0.000000000000000000, -1.000000000000000000, -0.000000000000000000 ) ) ;
#6564 = PRESENTATION_LAYER_ASSIGNMENT (  '', '', ( #8652 ) ) ;
#6565 = VECTOR ( 'NONE', #2814, 1000.000000000000000 ) ;
#6566 = UNCERTAINTY_MEASURE_WITH_UNIT (LENGTH_MEASURE( 1.000000000000000082E-05 ), #2686, 'distance_accuracy_value', 'NONE');
#6567 = CLOSED_SHELL ( 'NONE', ( #5249, #7404, #8720, #1163, #6359, #3177 ) ) ;
#6568 = DIRECTION ( 'NONE',  ( 0.000000000000000000, 1.000000000000000000, 0.000000000000000000 ) ) ;
#6569 =( NAMED_UNIT ( * ) PLANE_ANGLE_UNIT ( ) SI_UNIT ( $, .RADIAN. ) );
#6570 = DIRECTION ( 'NONE',  ( -1.000000000000000000, 0.000000000000000000, 0.000000000000000000 ) ) ;
#6571 = EDGE_CURVE ( 'NONE', #8000, #2406, #3095, .T. ) ;
#6572 = ADVANCED_FACE ( 'NONE', ( #6513 ), #3435, .F. ) ;
#6573 = ORIENTED_EDGE ( 'NONE', *, *, #9927, .T. ) ;
#6574 = ORIENTED_EDGE ( 'NONE', *, *, #2447, .F. ) ;
#6575 = FACE_OUTER_BOUND ( 'NONE', #1517, .T. ) ;
#6576 = CARTESIAN_POINT ( 'NONE',  ( 0.000000000000000000, 0.2000000000000000111, 0.000000000000000000 ) ) ;
#6577 = LINE ( 'NONE', #7818, #8901 ) ;
#6578 = DIRECTION ( 'NONE',  ( 0.000000000000000000, -1.000000000000000000, 0.000000000000000000 ) ) ;
#6579 = DIRECTION ( 'NONE',  ( 1.000000000000000000, 0.000000000000000000, 0.000000000000000000 ) ) ;
#6580 = EDGE_CURVE ( 'NONE', #6262, #2130, #4939, .T. ) ;
#6581 = CARTESIAN_POINT ( 'NONE',  ( -0.8249999999999992895, 0.1999999999999999833, 3.500000000000001332 ) ) ;
#6582 = MECHANICAL_DESIGN_GEOMETRIC_PRESENTATION_REPRESENTATION (  '', ( #250 ), #992 ) ;
#6583 = VERTEX_POINT ( 'NONE', #4957 ) ;
#6584 = DIRECTION ( 'NONE',  ( 0.000000000000000000, -0.000000000000000000, 1.000000000000000000 ) ) ;
#6585 = LINE ( 'NONE', #9921, #2166 ) ;
#6586 = ORIENTED_EDGE ( 'NONE', *, *, #10044, .F. ) ;
#6587 = VECTOR ( 'NONE', #9579, 1000.000000000000000 ) ;
#6588 = CARTESIAN_POINT ( 'NONE',  ( -0.8250000000000001776, 0.04999999999999999584, 2.950000000000001066 ) ) ;
#6589 = CARTESIAN_POINT ( 'NONE',  ( 2.950000000000000178, 0.1999999999999999833, -0.1750000000000002387 ) ) ;
#6590 = CARTESIAN_POINT ( 'NONE',  ( 2.950000000000000178, 0.000000000000000000, 2.425000000000000266 ) ) ;
#6591 = ORIENTED_EDGE ( 'NONE', *, *, #3101, .F. ) ;
#6592 = VECTOR ( 'NONE', #6297, 1000.000000000000000 ) ;
#6593 = CARTESIAN_POINT ( 'NONE',  ( -3.500000000000000000, 0.05000000000000000278, 3.500000000000000444 ) ) ;
#6594 = AXIS2_PLACEMENT_3D ( 'NONE', #834, #2534, #7168 ) ;
#6595 = LINE ( 'NONE', #2855, #6466 ) ;
#6596 = DIRECTION ( 'NONE',  ( -1.000000000000000000, 0.000000000000000000, -9.227252531791527858E-17 ) ) ;
#6597 = ORIENTED_EDGE ( 'NONE', *, *, #1703, .F. ) ;
#6598 = CARTESIAN_POINT ( 'NONE',  ( -1.125000000000000222, 0.000000000000000000, -3.500000000000000444 ) ) ;
#6599 = PLANE ( 'NONE',  #3403 ) ;
#6600 = ORIENTED_EDGE ( 'NONE', *, *, #4530, .T. ) ;
#6601 = LINE ( 'NONE', #3988, #7599 ) ;
#6602 = VERTEX_POINT ( 'NONE', #7354 ) ;
#6603 = DIRECTION ( 'NONE',  ( 0.000000000000000000, -1.000000000000000000, 0.000000000000000000 ) ) ;
#6604 = PLANE ( 'NONE',  #5147 ) ;
#6605 = FACE_OUTER_BOUND ( 'NONE', #4025, .T. ) ;
#6606 = CARTESIAN_POINT ( 'NONE',  ( 2.950000000000000178, 0.8264982043070829842, 1.124999999999999778 ) ) ;
#6607 = VERTEX_POINT ( 'NONE', #3473 ) ;
#6608 = DIRECTION ( 'NONE',  ( 1.000000000000000000, 0.000000000000000000, 0.000000000000000000 ) ) ;
#6609 = ORIENTED_EDGE ( 'NONE', *, *, #3926, .F. ) ;
#6610 = PLANE ( 'NONE',  #9866 ) ;
#6611 = PRESENTATION_LAYER_ASSIGNMENT (  '', '', ( #4333 ) ) ;
#6612 = CARTESIAN_POINT ( 'NONE',  ( 0.1750000000000006828, 0.2000000000000000111, 2.950000000000001066 ) ) ;
#6613 = LINE ( 'NONE', #7942, #3428 ) ;
#6614 = EDGE_LOOP ( 'NONE', ( #31, #3538, #461, #6428 ) ) ;
#6615 = EDGE_CURVE ( 'NONE', #5483, #7706, #485, .T. ) ;
#6616 = VECTOR ( 'NONE', #6328, 1000.000000000000000 ) ;
#6617 = DIRECTION ( 'NONE',  ( -0.000000000000000000, -1.000000000000000000, -0.000000000000000000 ) ) ;
#6618 = DIRECTION ( 'NONE',  ( 1.577021341797097018E-15, 0.000000000000000000, -1.000000000000000000 ) ) ;
#6619 = FACE_OUTER_BOUND ( 'NONE', #8774, .T. ) ;
#6620 = ADVANCED_FACE ( 'NONE', ( #4447 ), #5771, .F. ) ;
#6621 = EDGE_CURVE ( 'NONE', #7757, #7580, #4820, .T. ) ;
#6622 = ORIENTED_EDGE ( 'NONE', *, *, #1249, .F. ) ;
#6623 = DIRECTION ( 'NONE',  ( 0.000000000000000000, 0.000000000000000000, 1.000000000000000000 ) ) ;
#6624 = LINE ( 'NONE', #6191, #4544 ) ;
#6625 = ADVANCED_FACE ( 'NONE', ( #2102 ), #8659, .F. ) ;
#6626 = LINE ( 'NONE', #1221, #10045 ) ;
#6627 = EDGE_CURVE ( 'NONE', #3289, #1998, #6889, .T. ) ;
#6628 = CARTESIAN_POINT ( 'NONE',  ( -2.950000000000000178, 0.8264982043070829842, -0.1750000000000002387 ) ) ;
#6629 = AXIS2_PLACEMENT_3D ( 'NONE', #4737, #6260, #4 ) ;
#6630 = DIRECTION ( 'NONE',  ( 0.000000000000000000, 0.000000000000000000, 1.000000000000000000 ) ) ;
#6632 = LINE ( 'NONE', #7379, #339 ) ;
#6631 = DIRECTION ( 'NONE',  ( 1.000000000000000000, 0.000000000000000000, 0.000000000000000000 ) ) ;
#6633 = EDGE_CURVE ( 'NONE', #1544, #8924, #6394, .T. ) ;
#6634 = VERTEX_POINT ( 'NONE', #7326 ) ;
#6635 = ORIENTED_EDGE ( 'NONE', *, *, #2234, .T. ) ;
#6636 = DIRECTION ( 'NONE',  ( 0.000000000000000000, -0.000000000000000000, 1.000000000000000000 ) ) ;
#6637 = EDGE_CURVE ( 'NONE', #2837, #4207, #4330, .T. ) ;
#6638 = ORIENTED_EDGE ( 'NONE', *, *, #3496, .T. ) ;
#6639 = LINE ( 'NONE', #8752, #1972 ) ;
#6640 = DIRECTION ( 'NONE',  ( -0.000000000000000000, 0.000000000000000000, -1.000000000000000000 ) ) ;
#6641 = CARTESIAN_POINT ( 'NONE',  ( -2.950000000000000178, 0.8264982043070829842, -2.424999999999999378 ) ) ;
#6642 = LINE ( 'NONE', #3384, #4945 ) ;
#6643 = DIRECTION ( 'NONE',  ( 0.000000000000000000, -1.000000000000000000, 0.000000000000000000 ) ) ;
#6644 = EDGE_CURVE ( 'NONE', #6477, #8996, #8001, .T. ) ;
#6645 = EDGE_LOOP ( 'NONE', ( #4666, #7367, #331, #5879 ) ) ;
#6646 = VERTEX_POINT ( 'NONE', #8226 ) ;
#6647 = ORIENTED_EDGE ( 'NONE', *, *, #221, .T. ) ;
#6648 = CARTESIAN_POINT ( 'NONE',  ( -3.100000000000000977, 0.6999999999999999556, -3.100000000000000977 ) ) ;
#6649 = EDGE_CURVE ( 'NONE', #3215, #1088, #356, .T. ) ;
#6650 = CARTESIAN_POINT ( 'NONE',  ( 2.424999999999995381, 0.05000000000000000278, -3.824276753857953134E-15 ) ) ;
#6651 = VECTOR ( 'NONE', #1885, 1000.000000000000000 ) ;
#6652 = DIRECTION ( 'NONE',  ( 0.000000000000000000, 0.000000000000000000, -1.000000000000000000 ) ) ;
#6653 = ORIENTED_EDGE ( 'NONE', *, *, #702, .T. ) ;
#6654 = CARTESIAN_POINT ( 'NONE',  ( -0.8250000000000010658, 0.2000000000000000111, -2.950000000000000178 ) ) ;
#6655 = FACE_OUTER_BOUND ( 'NONE', #9422, .T. ) ;
#6656 = CARTESIAN_POINT ( 'NONE',  ( 1.475000000000000533, 0.1999999999999999833, 2.950000000000001066 ) ) ;
#6657 = ORIENTED_EDGE ( 'NONE', *, *, #4412, .T. ) ;
#6658 = CARTESIAN_POINT ( 'NONE',  ( -3.100000000000000977, 0.8000000000000000444, -3.100000000000000977 ) ) ;
#6659 = VERTEX_POINT ( 'NONE', #9814 ) ;
#6660 = VERTEX_POINT ( 'NONE', #8981 ) ;
#6661 =( LENGTH_UNIT ( ) NAMED_UNIT ( * ) SI_UNIT ( .MILLI., .METRE. ) );
#6662 = VECTOR ( 'NONE', #634, 1000.000000000000000 ) ;
#6663 = CARTESIAN_POINT ( 'NONE',  ( -2.950000000000000178, 0.1999999999999999833, -0.1750000000000002387 ) ) ;
#6664 = AXIS2_PLACEMENT_3D ( 'NONE', #9990, #8374, #5995 ) ;
#6665 = AXIS2_PLACEMENT_3D ( 'NONE', #8449, #5325, #7717 ) ;
#6666 = DIRECTION ( 'NONE',  ( -1.000000000000000000, 0.000000000000000000, -0.000000000000000000 ) ) ;
#6667 = ORIENTED_EDGE ( 'NONE', *, *, #2413, .F. ) ;
#6668 = DIRECTION ( 'NONE',  ( 0.000000000000000000, 1.000000000000000000, 0.000000000000000000 ) ) ;
#6669 = VERTEX_POINT ( 'NONE', #5900 ) ;
#6670 = PLANE ( 'NONE',  #6400 ) ;
#6671 = CLOSED_SHELL ( 'NONE', ( #7610, #6057, #6867, #1722, #9859, #8163 ) ) ;
#6672 = CARTESIAN_POINT ( 'NONE',  ( -1.774999999999999245, 0.2000000000000000111, 2.950000000000001066 ) ) ;
#6673 = ADVANCED_FACE ( 'NONE', ( #5912 ), #1953, .T. ) ;
#6674 = DIRECTION ( 'NONE',  ( 1.000000000000000000, -0.000000000000000000, -1.239088197126290570E-16 ) ) ;
#6675 = ORIENTED_EDGE ( 'NONE', *, *, #7438, .T. ) ;
#6676 = ADVANCED_FACE ( 'NONE', ( #8846 ), #4370, .T. ) ;
#6677 = DIRECTION ( 'NONE',  ( 0.000000000000000000, -0.000000000000000000, 1.000000000000000000 ) ) ;
#6678 = ORIENTED_EDGE ( 'NONE', *, *, #2769, .T. ) ;
#6679 = CARTESIAN_POINT ( 'NONE',  ( -3.500000000000000444, 0.000000000000000000, -0.8250000000000001776 ) ) ;
#6680 = EDGE_LOOP ( 'NONE', ( #8857, #7809, #10181, #6988 ) ) ;
#6681 = CARTESIAN_POINT ( 'NONE',  ( 2.950000000000000178, 0.1999999999999999833, -2.125000000000000000 ) ) ;
#6682 = LINE ( 'NONE', #3978, #8754 ) ;
#6683 = EDGE_LOOP ( 'NONE', ( #3580, #2107, #848, #9995 ) ) ;
#6684 = UNCERTAINTY_MEASURE_WITH_UNIT (LENGTH_MEASURE( 1.000000000000000082E-05 ), #1018, 'distance_accuracy_value', 'NONE');
#6685 = VECTOR ( 'NONE', #5631, 1000.000000000000000 ) ;
#6686 = STYLED_ITEM ( 'NONE', ( #2310 ), #8365 ) ;
#6687 = VECTOR ( 'NONE', #2984, 1000.000000000000000 ) ;
#6688 = DIRECTION ( 'NONE',  ( 0.000000000000000000, 0.000000000000000000, -1.000000000000000000 ) ) ;
#6689 = EDGE_LOOP ( 'NONE', ( #1567, #5917, #897, #4687 ) ) ;
#6690 = EDGE_CURVE ( 'NONE', #2781, #1452, #7749, .T. ) ;
#6691 = CARTESIAN_POINT ( 'NONE',  ( 2.950000000000000178, 0.000000000000000000, 2.125000000000000888 ) ) ;
#6692 = PLANE ( 'NONE',  #3047 ) ;
#6693 = DIRECTION ( 'NONE',  ( -1.577021341797097215E-15, 0.000000000000000000, 1.000000000000000000 ) ) ;
#6694 = DIRECTION ( 'NONE',  ( 0.000000000000000000, -1.000000000000000000, 0.000000000000000000 ) ) ;
#6695 = ORIENTED_EDGE ( 'NONE', *, *, #2834, .T. ) ;
#6696 = LINE ( 'NONE', #6590, #182 ) ;
#6697 = EDGE_CURVE ( 'NONE', #5776, #7649, #2490, .T. ) ;
#6698 = LINE ( 'NONE', #1640, #9767 ) ;
#6699 = CARTESIAN_POINT ( 'NONE',  ( -2.950000000000000178, 0.1999999999999999833, 2.125000000000000888 ) ) ;
#6700 = VECTOR ( 'NONE', #9312, 1000.000000000000000 ) ;
#6701 = DIRECTION ( 'NONE',  ( -0.000000000000000000, -1.000000000000000000, -0.000000000000000000 ) ) ;
#6702 = EDGE_CURVE ( 'NONE', #3041, #5715, #4691, .T. ) ;
#6703 = PLANE ( 'NONE',  #1527 ) ;
#6704 = ORIENTED_EDGE ( 'NONE', *, *, #8145, .T. ) ;
#6705 = LINE ( 'NONE', #5991, #7340 ) ;
#6706 = DIRECTION ( 'NONE',  ( 0.000000000000000000, 0.000000000000000000, 1.000000000000000000 ) ) ;
#6707 = CARTESIAN_POINT ( 'NONE',  ( -3.500000000000000444, 0.04999999999999969746, 0.8250000000000006217 ) ) ;
#6708 = MECHANICAL_DESIGN_GEOMETRIC_PRESENTATION_REPRESENTATION (  '', ( #4424 ), #5987 ) ;
#6709 = VECTOR ( 'NONE', #7596, 1000.000000000000000 ) ;
#6710 = DIRECTION ( 'NONE',  ( -0.000000000000000000, 0.000000000000000000, -1.000000000000000000 ) ) ;
#6711 = LINE ( 'NONE', #6313, #423 ) ;
#6712 = FILL_AREA_STYLE ('',( #5046 ) ) ;
#6713 = CARTESIAN_POINT ( 'NONE',  ( -3.100000000000000977, 0.6999999999999999556, -3.100000000000000977 ) ) ;
#6714 = LINE ( 'NONE', #7047, #3406 ) ;
#6715 = EDGE_LOOP ( 'NONE', ( #10167, #1632, #9641, #2344 ) ) ;
#6716 = CARTESIAN_POINT ( 'NONE',  ( -1.475000000000000089, 0.8264982043070834283, 2.950000000000001066 ) ) ;
#6717 = VECTOR ( 'NONE', #4863, 1000.000000000000000 ) ;
#6719 = VECTOR ( 'NONE', #17, 1000.000000000000000 ) ;
#6718 = DIRECTION ( 'NONE',  ( 0.000000000000000000, 0.000000000000000000, -1.000000000000000000 ) ) ;
#6720 = AXIS2_PLACEMENT_3D ( 'NONE', #9628, #9560, #8028 ) ;
#6721 = AXIS2_PLACEMENT_3D ( 'NONE', #5456, #849, #2336 ) ;
#6722 = ORIENTED_EDGE ( 'NONE', *, *, #1323, .T. ) ;
#6723 = ADVANCED_FACE ( 'NONE', ( #126 ), #8236, .T. ) ;
#6724 = ORIENTED_EDGE ( 'NONE', *, *, #2556, .T. ) ;
#6725 = LINE ( 'NONE', #9009, #815 ) ;
#6726 = DIRECTION ( 'NONE',  ( -1.000000000000000000, 0.000000000000000000, -0.000000000000000000 ) ) ;
#6727 = COLOUR_RGB ( '',0.7921568627450980005, 0.8196078431372548767, 0.9333333333333333481 ) ;
#6728 = ADVANCED_FACE ( 'NONE', ( #1984 ), #5418, .T. ) ;
#6729 = LINE ( 'NONE', #9749, #7475 ) ;
#6730 = CARTESIAN_POINT ( 'NONE',  ( -2.125000000000000000, 0.8264982043070834283, -3.500000000000000444 ) ) ;
#6731 = ORIENTED_EDGE ( 'NONE', *, *, #4301, .T. ) ;
#6733 = VERTEX_POINT ( 'NONE', #1199 ) ;
#6732 = CARTESIAN_POINT ( 'NONE',  ( 0.000000000000000000, 0.2000000000000000111, 0.000000000000000000 ) ) ;
#6734 = ORIENTED_EDGE ( 'NONE', *, *, #7556, .F. ) ;
#6735 = LINE ( 'NONE', #1657, #5390 ) ;
#6736 = ORIENTED_EDGE ( 'NONE', *, *, #6240, .F. ) ;
#6737 =( NAMED_UNIT ( * ) SI_UNIT ( $, .STERADIAN. ) SOLID_ANGLE_UNIT ( ) );
#6738 = LINE ( 'NONE', #5585, #9678 ) ;
#6739 = DIRECTION ( 'NONE',  ( 1.000000000000000000, 0.000000000000000000, -0.000000000000000000 ) ) ;
#6740 = VECTOR ( 'NONE', #10149, 1000.000000000000000 ) ;
#6741 = DIRECTION ( 'NONE',  ( -1.000000000000000000, 0.000000000000000000, -0.000000000000000000 ) ) ;
#6742 = CARTESIAN_POINT ( 'NONE',  ( 2.425000000000000266, 0.000000000000000000, -3.500000000000000444 ) ) ;
#6743 = ORIENTED_EDGE ( 'NONE', *, *, #715, .F. ) ;
#6744 = ORIENTED_EDGE ( 'NONE', *, *, #57, .T. ) ;
#6745 = DIRECTION ( 'NONE',  ( -0.000000000000000000, -0.000000000000000000, 1.000000000000000000 ) ) ;
#6746 = EDGE_LOOP ( 'NONE', ( #9816, #1596, #9437, #5389 ) ) ;
#6747 = LINE ( 'NONE', #8330, #7844 ) ;
#6748 = CARTESIAN_POINT ( 'NONE',  ( 2.950000000000000178, 0.8264982043070829842, 2.425000000000000266 ) ) ;
#6749 = DIRECTION ( 'NONE',  ( -0.000000000000000000, -1.000000000000000000, -0.000000000000000000 ) ) ;
#6750 = ORIENTED_EDGE ( 'NONE', *, *, #8087, .F. ) ;
#6751 = EDGE_CURVE ( 'NONE', #9341, #7297, #9837, .T. ) ;
#6752 = ORIENTED_EDGE ( 'NONE', *, *, #4341, .T. ) ;
#6753 = CARTESIAN_POINT ( 'NONE',  ( -2.350000000000000089, 6.846803743153548005, -2.350000000000000533 ) ) ;
#6754 = ORIENTED_EDGE ( 'NONE', *, *, #5930, .F. ) ;
#6755 = LINE ( 'NONE', #5778, #5777 ) ;
#6756 = EDGE_CURVE ( 'NONE', #1139, #642, #3591, .T. ) ;
#6757 = FILL_AREA_STYLE_COLOUR ( '', #5998 ) ;
#6758 = FACE_OUTER_BOUND ( 'NONE', #2570, .T. ) ;
#6759 = DIRECTION ( 'NONE',  ( -0.000000000000000000, 0.000000000000000000, -1.000000000000000000 ) ) ;
#6760 = ORIENTED_EDGE ( 'NONE', *, *, #494, .F. ) ;
#6761 = ORIENTED_EDGE ( 'NONE', *, *, #7170, .T. ) ;
#6762 = ORIENTED_EDGE ( 'NONE', *, *, #2561, .T. ) ;
#6763 = EDGE_CURVE ( 'NONE', #3611, #6272, #2971, .T. ) ;
#6764 = VECTOR ( 'NONE', #9013, 1000.000000000000000 ) ;
#6765 = DIRECTION ( 'NONE',  ( 1.000000000000000000, -0.000000000000000000, -1.239088197126290570E-16 ) ) ;
#6766 = VERTEX_POINT ( 'NONE', #5322 ) ;
#6767 = EDGE_CURVE ( 'NONE', #2066, #8197, #6876, .T. ) ;
#6768 = VECTOR ( 'NONE', #8789, 1000.000000000000000 ) ;
#6769 = VERTEX_POINT ( 'NONE', #3707 ) ;
#6770 = EDGE_CURVE ( 'NONE', #6264, #4930, #8457, .T. ) ;
#6771 = ADVANCED_FACE ( 'NONE', ( #8227 ), #8442, .T. ) ;
#6772 = CARTESIAN_POINT ( 'NONE',  ( 2.125000000000000888, 0.2000000000000000111, 2.950000000000001066 ) ) ;
#6773 = EDGE_LOOP ( 'NONE', ( #346, #5944, #6573, #8926 ) ) ;
#6774 = DIRECTION ( 'NONE',  ( -0.000000000000000000, 0.000000000000000000, -1.000000000000000000 ) ) ;
#6775 = EDGE_CURVE ( 'NONE', #1998, #737, #1474, .T. ) ;
#6776 = ADVANCED_FACE ( 'NONE', ( #5413 ), #10061, .F. ) ;
#6777 = DIRECTION ( 'NONE',  ( 0.000000000000000000, 1.000000000000000000, 0.000000000000000000 ) ) ;
#6778 = ORIENTED_EDGE ( 'NONE', *, *, #567, .T. ) ;
#6779 = EDGE_CURVE ( 'NONE', #2439, #7439, #7390, .T. ) ;
#6780 = CARTESIAN_POINT ( 'NONE',  ( 2.950000000000000178, 0.8264982043070829842, -2.424999999999999378 ) ) ;
#6781 = DIRECTION ( 'NONE',  ( -0.000000000000000000, -0.000000000000000000, 1.000000000000000000 ) ) ;
#6782 = VERTEX_POINT ( 'NONE', #6133 ) ;
#6783 = DIRECTION ( 'NONE',  ( -0.000000000000000000, -1.000000000000000000, -0.000000000000000000 ) ) ;
#6784 = DIRECTION ( 'NONE',  ( 0.000000000000000000, 0.000000000000000000, -1.000000000000000000 ) ) ;
#6785 = ORIENTED_EDGE ( 'NONE', *, *, #8721, .F. ) ;
#6786 = CARTESIAN_POINT ( 'NONE',  ( 4.549999999999999822, 0.000000000000000000, 0.000000000000000000 ) ) ;
#6787 = CLOSED_SHELL ( 'NONE', ( #9285, #4321, #4276, #6914, #6572, #4174 ) ) ;
#6788 = CARTESIAN_POINT ( 'NONE',  ( 1.124999999999999778, 0.04999999999999999584, 2.950000000000001066 ) ) ;
#6789 = AXIS2_PLACEMENT_3D ( 'NONE', #7467, #6636, #6739 ) ;
#6790 = FACE_OUTER_BOUND ( 'NONE', #6854, .T. ) ;
#6791 = ORIENTED_EDGE ( 'NONE', *, *, #2438, .T. ) ;
#6792 = CARTESIAN_POINT ( 'NONE',  ( -3.500000000000000000, 0.8000000000000003775, 3.500000000000000444 ) ) ;
#6793 = ORIENTED_EDGE ( 'NONE', *, *, #964, .F. ) ;
#6794 =( NAMED_UNIT ( * ) SI_UNIT ( $, .STERADIAN. ) SOLID_ANGLE_UNIT ( ) );
#6795 = FACE_OUTER_BOUND ( 'NONE', #6248, .T. ) ;
#6796 = CARTESIAN_POINT ( 'NONE',  ( -3.500000000000000444, 0.1999999999999999833, -1.475000000000000089 ) ) ;
#6797 = ORIENTED_EDGE ( 'NONE', *, *, #817, .T. ) ;
#6798 = CARTESIAN_POINT ( 'NONE',  ( 3.500000000000000444, 0.1999999999999999833, 1.774999999999999689 ) ) ;
#6799 = DIRECTION ( 'NONE',  ( -1.000000000000000000, 0.000000000000000000, 0.000000000000000000 ) ) ;
#6800 = AXIS2_PLACEMENT_3D ( 'NONE', #3390, #9624, #4876 ) ;
#6801 = CARTESIAN_POINT ( 'NONE',  ( 0.000000000000000000, 0.2000000000000000111, 0.000000000000000000 ) ) ;
#6802 = LINE ( 'NONE', #8778, #2799 ) ;
#6803 = DIRECTION ( 'NONE',  ( -1.000000000000000000, 0.000000000000000000, 0.000000000000000000 ) ) ;
#6804 = CARTESIAN_POINT ( 'NONE',  ( -2.425000000000000266, 0.2000000000000000111, -3.500000000000000444 ) ) ;
#6805 = VECTOR ( 'NONE', #5935, 1000.000000000000000 ) ;
#6806 = SURFACE_STYLE_USAGE ( .BOTH. , #2013 ) ;
#6807 = VECTOR ( 'NONE', #9147, 1000.000000000000000 ) ;
#6808 = DIRECTION ( 'NONE',  ( 1.000000000000000000, 0.000000000000000000, -0.000000000000000000 ) ) ;
#6809 = FACE_OUTER_BOUND ( 'NONE', #5795, .T. ) ;
#6810 = ORIENTED_EDGE ( 'NONE', *, *, #1512, .T. ) ;
#6811 = CARTESIAN_POINT ( 'NONE',  ( 2.950000000000000178, 0.1999999999999999833, -1.475000000000000089 ) ) ;
#6812 = ADVANCED_FACE ( 'NONE', ( #7142 ), #3222, .T. ) ;
#6813 = AXIS2_PLACEMENT_3D ( 'NONE', #8033, #5635, #2448 ) ;
#6814 = ORIENTED_EDGE ( 'NONE', *, *, #7513, .F. ) ;
#6815 = VECTOR ( 'NONE', #3374, 1000.000000000000000 ) ;
#6816 = CARTESIAN_POINT ( 'NONE',  ( -2.950000000000000178, 0.000000000000000000, 0.8250000000000006217 ) ) ;
#6817 = LINE ( 'NONE', #5459, #2026 ) ;
#6818 = VECTOR ( 'NONE', #4476, 1000.000000000000000 ) ;
#6819 = EDGE_CURVE ( 'NONE', #3289, #9320, #983, .T. ) ;
#6820 = CARTESIAN_POINT ( 'NONE',  ( -3.500000000000000444, 0.04999999999999969746, 2.425000000000000266 ) ) ;
#6821 = DIRECTION ( 'NONE',  ( -1.000000000000000000, 0.000000000000000000, -0.000000000000000000 ) ) ;
#6822 = ADVANCED_FACE ( 'NONE', ( #3206 ), #2330, .T. ) ;
#6823 = DIRECTION ( 'NONE',  ( 0.000000000000000000, 0.000000000000000000, -1.000000000000000000 ) ) ;
#6824 = EDGE_CURVE ( 'NONE', #2233, #2760, #7633, .T. ) ;
#6825 = ORIENTED_EDGE ( 'NONE', *, *, #8317, .T. ) ;
#6826 = LINE ( 'NONE', #9158, #3035 ) ;
#6827 = FILL_AREA_STYLE_COLOUR ( '', #9646 ) ;
#6828 = LINE ( 'NONE', #6525, #7215 ) ;
#6829 = VECTOR ( 'NONE', #8823, 1000.000000000000000 ) ;
#6830 = EDGE_CURVE ( 'NONE', #9143, #5069, #867, .T. ) ;
#6831 = CARTESIAN_POINT ( 'NONE',  ( 2.950000000000000178, 0.1999999999999999833, 2.425000000000000266 ) ) ;
#6832 = CARTESIAN_POINT ( 'NONE',  ( -2.950000000000000178, 0.000000000000000000, -0.8250000000000001776 ) ) ;
#6833 = CARTESIAN_POINT ( 'NONE',  ( 0.1749999999999998224, 0.000000000000000000, -2.950000000000000178 ) ) ;
#6834 = VERTEX_POINT ( 'NONE', #732 ) ;
#6835 = LINE ( 'NONE', #2996, #3896 ) ;
#6836 = CARTESIAN_POINT ( 'NONE',  ( 1.774999999999999689, 0.8264982043070834283, 2.950000000000001066 ) ) ;
#6837 = DIRECTION ( 'NONE',  ( -0.000000000000000000, -1.000000000000000000, -0.000000000000000000 ) ) ;
#6838 = VECTOR ( 'NONE', #7572, 1000.000000000000000 ) ;
#6839 = VECTOR ( 'NONE', #1035, 1000.000000000000000 ) ;
#6840 = ORIENTED_EDGE ( 'NONE', *, *, #1448, .T. ) ;
#6841 = DIRECTION ( 'NONE',  ( 1.000000000000000000, 0.000000000000000000, -0.000000000000000000 ) ) ;
#6842 = ORIENTED_EDGE ( 'NONE', *, *, #1563, .T. ) ;
#6843 = LINE ( 'NONE', #10130, #10025 ) ;
#6844 = VECTOR ( 'NONE', #8243, 1000.000000000000000 ) ;
#6845 = DIRECTION ( 'NONE',  ( 0.000000000000000000, 1.000000000000000000, 0.000000000000000000 ) ) ;
#6846 = DIRECTION ( 'NONE',  ( 0.000000000000000000, -1.000000000000000000, 0.000000000000000000 ) ) ;
#6847 = AXIS2_PLACEMENT_3D ( 'NONE', #2116, #8438, #8937 ) ;
#6848 = CARTESIAN_POINT ( 'NONE',  ( 3.500000000000000444, 0.8264982043070829842, 0.4749999999999997558 ) ) ;
#6849 = ORIENTED_EDGE ( 'NONE', *, *, #6411, .F. ) ;
#6850 = ORIENTED_EDGE ( 'NONE', *, *, #9594, .T. ) ;
#6851 = PLANE ( 'NONE',  #1397 ) ;
#6852 = VECTOR ( 'NONE', #3099, 1000.000000000000000 ) ;
#6853 = CARTESIAN_POINT ( 'NONE',  ( 1.774999999999998801, 0.1999999999999999833, -2.950000000000000178 ) ) ;
#6854 = EDGE_LOOP ( 'NONE', ( #8831, #5602, #1367, #1462 ) ) ;
#6855 = PLANE ( 'NONE',  #2371 ) ;
#6856 = FACE_OUTER_BOUND ( 'NONE', #9403, .T. ) ;
#6857 = CARTESIAN_POINT ( 'NONE',  ( 0.000000000000000000, 0.2000000000000000111, 0.000000000000000000 ) ) ;
#6858 = LINE ( 'NONE', #9694, #5398 ) ;
#6859 = ORIENTED_EDGE ( 'NONE', *, *, #1850, .T. ) ;
#6860 = MECHANICAL_DESIGN_GEOMETRIC_PRESENTATION_REPRESENTATION (  '', ( #4451 ), #6534 ) ;
#6861 = EDGE_LOOP ( 'NONE', ( #5967, #7733, #7847, #6600 ) ) ;
#6862 = VECTOR ( 'NONE', #7806, 1000.000000000000000 ) ;
#6863 = CARTESIAN_POINT ( 'NONE',  ( -2.950000000000000178, 0.05000000000000002359, -0.8250000000000001776 ) ) ;
#6864 = DIRECTION ( 'NONE',  ( 0.000000000000000000, 0.000000000000000000, -1.000000000000000000 ) ) ;
#6865 = LINE ( 'NONE', #5744, #7621 ) ;
#6866 = DIRECTION ( 'NONE',  ( 0.000000000000000000, 0.000000000000000000, -1.000000000000000000 ) ) ;
#6867 = ADVANCED_FACE ( 'NONE', ( #4812 ), #3901, .F. ) ;
#6868 = DIRECTION ( 'NONE',  ( 0.000000000000000000, -0.000000000000000000, 1.000000000000000000 ) ) ;
#6869 = VECTOR ( 'NONE', #1399, 1000.000000000000000 ) ;
#6870 = CARTESIAN_POINT ( 'NONE',  ( 2.950000000000000178, 0.000000000000000000, 0.1750000000000006828 ) ) ;
#6871 =( GEOMETRIC_REPRESENTATION_CONTEXT ( 3 ) GLOBAL_UNCERTAINTY_ASSIGNED_CONTEXT ( ( #8694 ) ) GLOBAL_UNIT_ASSIGNED_CONTEXT ( ( #6346, #8776, #5643 ) ) REPRESENTATION_CONTEXT ( 'NONE', 'WORKASPACE' ) );
#6873 = VERTEX_POINT ( 'NONE', #7776 ) ;
#6872 = ADVANCED_FACE ( 'NONE', ( #5543 ), #9485, .F. ) ;
#6874 = ORIENTED_EDGE ( 'NONE', *, *, #5840, .T. ) ;
#6875 = CARTESIAN_POINT ( 'NONE',  ( -2.950000000000000178, 0.000000000000000000, -1.774999999999999245 ) ) ;
#6876 = LINE ( 'NONE', #8376, #9455 ) ;
#6877 = CARTESIAN_POINT ( 'NONE',  ( 1.774999999999999689, 0.2000000000000000111, 2.950000000000001066 ) ) ;
#6878 = STYLED_ITEM ( 'NONE', ( #4761 ), #8489 ) ;
#6879 = CARTESIAN_POINT ( 'NONE',  ( 1.475000000000000533, 0.2000000000000000111, 2.950000000000001066 ) ) ;
#6880 = LINE ( 'NONE', #2361, #2352 ) ;
#6881 = EDGE_CURVE ( 'NONE', #5996, #2318, #1360, .T. ) ;
#6882 = CARTESIAN_POINT ( 'NONE',  ( 2.950000000000000178, 0.8264982043070829842, -0.8250000000000001776 ) ) ;
#6883 = CARTESIAN_POINT ( 'NONE',  ( -3.500000000000000444, 0.1999999999999999833, -0.8250000000000001776 ) ) ;
#6884 = CARTESIAN_POINT ( 'NONE',  ( 2.950000000000000178, 0.8264982043070829842, 0.4749999999999997558 ) ) ;
#6885 = ORIENTED_EDGE ( 'NONE', *, *, #7019, .F. ) ;
#6886 = VERTEX_POINT ( 'NONE', #9409 ) ;
#6887 = ORIENTED_EDGE ( 'NONE', *, *, #9852, .T. ) ;
#6888 = EDGE_CURVE ( 'NONE', #2478, #4935, #1234, .T. ) ;
#6889 = LINE ( 'NONE', #4205, #738 ) ;
#6890 = ORIENTED_EDGE ( 'NONE', *, *, #7162, .T. ) ;
#6891 = PLANE ( 'NONE',  #586 ) ;
#6892 = VECTOR ( 'NONE', #5250, 1000.000000000000000 ) ;
#6893 = PLANE ( 'NONE',  #2320 ) ;
#6894 = EDGE_CURVE ( 'NONE', #9143, #8865, #2213, .T. ) ;
#6895 = DIRECTION ( 'NONE',  ( -1.000000000000000000, 0.000000000000000000, 0.000000000000000000 ) ) ;
#6896 = VERTEX_POINT ( 'NONE', #804 ) ;
#6897 = ORIENTED_EDGE ( 'NONE', *, *, #5405, .F. ) ;
#6898 = CARTESIAN_POINT ( 'NONE',  ( 0.000000000000000000, 0.05000000000000000278, 0.8250000000000006217 ) ) ;
#6899 = EDGE_CURVE ( 'NONE', #705, #8099, #7261, .T. ) ;
#6900 = ORIENTED_EDGE ( 'NONE', *, *, #1899, .F. ) ;
#6901 = VECTOR ( 'NONE', #3426, 1000.000000000000000 ) ;
#6902 = EDGE_CURVE ( 'NONE', #1808, #4386, #5175, .T. ) ;
#6903 = EDGE_LOOP ( 'NONE', ( #8380, #256, #1480, #8039 ) ) ;
#6904 = SURFACE_SIDE_STYLE ('',( #2137 ) ) ;
#6905 =( NAMED_UNIT ( * ) SI_UNIT ( $, .STERADIAN. ) SOLID_ANGLE_UNIT ( ) );
#6906 = EDGE_CURVE ( 'NONE', #1833, #5638, #6993, .T. ) ;
#6907 = FACE_OUTER_BOUND ( 'NONE', #6510, .T. ) ;
#6908 = AXIS2_PLACEMENT_3D ( 'NONE', #8757, #9489, #5564 ) ;
#6909 = ORIENTED_EDGE ( 'NONE', *, *, #244, .F. ) ;
#6910 = CARTESIAN_POINT ( 'NONE',  ( 2.424999999999999378, 0.2000000000000000111, -2.950000000000000178 ) ) ;
#6911 = ORIENTED_EDGE ( 'NONE', *, *, #379, .F. ) ;
#6912 = DIRECTION ( 'NONE',  ( 0.000000000000000000, 0.000000000000000000, -1.000000000000000000 ) ) ;
#6913 = CARTESIAN_POINT ( 'NONE',  ( 3.250000000000000000, 0.000000000000000000, 0.000000000000000000 ) ) ;
#6914 = ADVANCED_FACE ( 'NONE', ( #5064 ), #9591, .F. ) ;
#6915 = EDGE_LOOP ( 'NONE', ( #8586, #9739, #8959, #4287 ) ) ;
#6916 = CARTESIAN_POINT ( 'NONE',  ( 2.424999999999999378, 0.1999999999999999833, -2.950000000000000178 ) ) ;
#6917 = VERTEX_POINT ( 'NONE', #5760 ) ;
#6918 = PLANE ( 'NONE',  #6183 ) ;
#6919 = MECHANICAL_DESIGN_GEOMETRIC_PRESENTATION_REPRESENTATION (  '', ( #7986 ), #8689 ) ;
#6920 = ADVANCED_FACE ( 'NONE', ( #9207 ), #3284, .F. ) ;
#6921 = DIRECTION ( 'NONE',  ( -1.000000000000000000, 0.000000000000000000, 0.000000000000000000 ) ) ;
#6922 = FACE_OUTER_BOUND ( 'NONE', #3847, .T. ) ;
#6923 = EDGE_LOOP ( 'NONE', ( #7380, #1774, #8667, #2304 ) ) ;
#6924 = PLANE ( 'NONE',  #2691 ) ;
#6925 = COLOUR_RGB ( '',0.7921568627450980005, 0.8196078431372548767, 0.9333333333333333481 ) ;
#6926 = VECTOR ( 'NONE', #4829, 1000.000000000000000 ) ;
#6927 = VERTEX_POINT ( 'NONE', #7239 ) ;
#6928 = DIRECTION ( 'NONE',  ( 0.000000000000000000, -1.000000000000000000, 0.000000000000000000 ) ) ;
#6929 = DIRECTION ( 'NONE',  ( -1.000000000000000000, 0.000000000000000000, 0.000000000000000000 ) ) ;
#6930 = ORIENTED_EDGE ( 'NONE', *, *, #9426, .F. ) ;
#6931 = LINE ( 'NONE', #8470, #2666 ) ;
#6932 = DIRECTION ( 'NONE',  ( 0.000000000000000000, 0.000000000000000000, -1.000000000000000000 ) ) ;
#6933 = AXIS2_PLACEMENT_3D ( 'NONE', #8613, #4769, #802 ) ;
#6934 = SURFACE_STYLE_USAGE ( .BOTH. , #4516 ) ;
#6935 = FACE_OUTER_BOUND ( 'NONE', #2335, .T. ) ;
#6936 = EDGE_CURVE ( 'NONE', #5499, #756, #1111, .T. ) ;
#6937 = EDGE_LOOP ( 'NONE', ( #9714, #3909, #6383, #6731 ) ) ;
#6938 = LINE ( 'NONE', #3424, #10006 ) ;
#6939 = CARTESIAN_POINT ( 'NONE',  ( 2.950000000000000178, 0.8264982043070829842, -0.4749999999999993117 ) ) ;
#6940 = PLANE ( 'NONE',  #2058 ) ;
#6941 = EDGE_CURVE ( 'NONE', #4342, #5491, #4074, .T. ) ;
#6942 = LINE ( 'NONE', #8421, #4141 ) ;
#6943 = DIRECTION ( 'NONE',  ( 1.000000000000000000, 0.000000000000000000, 0.000000000000000000 ) ) ;
#6945 = VECTOR ( 'NONE', #7705, 1000.000000000000000 ) ;
#6944 = CARTESIAN_POINT ( 'NONE',  ( 1.124999999999998890, 0.000000000000000000, -2.950000000000000178 ) ) ;
#6946 = DIRECTION ( 'NONE',  ( -1.000000000000000000, 0.000000000000000000, 0.000000000000000000 ) ) ;
#6947 = EDGE_CURVE ( 'NONE', #3187, #8571, #7737, .T. ) ;
#6948 = ORIENTED_EDGE ( 'NONE', *, *, #3695, .F. ) ;
#6949 = VECTOR ( 'NONE', #242, 1000.000000000000000 ) ;
#6950 = EDGE_CURVE ( 'NONE', #4615, #9702, #10058, .T. ) ;
#6951 = CARTESIAN_POINT ( 'NONE',  ( -0.4749999999999993117, 0.2000000000000000111, 3.500000000000001332 ) ) ;
#6952 = LINE ( 'NONE', #3311, #2805 ) ;
#6953 = DIRECTION ( 'NONE',  ( 0.000000000000000000, 0.000000000000000000, 1.000000000000000000 ) ) ;
#6954 = FACE_OUTER_BOUND ( 'NONE', #8759, .T. ) ;
#6955 = CARTESIAN_POINT ( 'NONE',  ( -1.475000000000000977, 0.04999999999999999584, -2.950000000000000178 ) ) ;
#6956 = EDGE_CURVE ( 'NONE', #279, #8809, #6639, .T. ) ;
#6958 = ORIENTED_EDGE ( 'NONE', *, *, #6427, .T. ) ;
#6957 = DIRECTION ( 'NONE',  ( -1.000000000000000000, 0.000000000000000000, 0.000000000000000000 ) ) ;
#6959 = ORIENTED_EDGE ( 'NONE', *, *, #8800, .T. ) ;
#6960 = LINE ( 'NONE', #6654, #2308 ) ;
#6961 = LINE ( 'NONE', #2747, #8804 ) ;
#6962 = EDGE_CURVE ( 'NONE', #8618, #4907, #4931, .T. ) ;
#6963 = DIRECTION ( 'NONE',  ( -1.000000000000000000, 0.000000000000000000, 0.000000000000000000 ) ) ;
#6964 = VECTOR ( 'NONE', #6596, 1000.000000000000000 ) ;
#6965 = ORIENTED_EDGE ( 'NONE', *, *, #1824, .F. ) ;
#6966 = EDGE_CURVE ( 'NONE', #7112, #9534, #2842, .T. ) ;
#6967 = DIRECTION ( 'NONE',  ( -1.000000000000000000, 0.000000000000000000, 0.000000000000000000 ) ) ;
#6968 = ORIENTED_EDGE ( 'NONE', *, *, #5712, .F. ) ;
#6969 = DIRECTION ( 'NONE',  ( 0.000000000000000000, 0.000000000000000000, 1.000000000000000000 ) ) ;
#6970 = ORIENTED_EDGE ( 'NONE', *, *, #5930, .T. ) ;
#6971 = VECTOR ( 'NONE', #973, 1000.000000000000000 ) ;
#6972 = VERTEX_POINT ( 'NONE', #3565 ) ;
#6973 = ADVANCED_FACE ( 'NONE', ( #6142 ), #8024, .F. ) ;
#6974 = VECTOR ( 'NONE', #7807, 1000.000000000000000 ) ;
#6975 = DIRECTION ( 'NONE',  ( 0.000000000000000000, 0.000000000000000000, -1.000000000000000000 ) ) ;
#6976 = LINE ( 'NONE', #1332, #328 ) ;
#6977 = DIRECTION ( 'NONE',  ( -0.000000000000000000, -0.000000000000000000, 1.000000000000000000 ) ) ;
#6978 = ORIENTED_EDGE ( 'NONE', *, *, #7306, .F. ) ;
#6979 = CARTESIAN_POINT ( 'NONE',  ( 0.4749999999999997558, 0.000000000000000000, -3.500000000000000444 ) ) ;
#6980 = VECTOR ( 'NONE', #2394, 1000.000000000000000 ) ;
#6981 = DIRECTION ( 'NONE',  ( -1.000000000000000000, -0.000000000000000000, -0.000000000000000000 ) ) ;
#6982 = CARTESIAN_POINT ( 'NONE',  ( 1.124999999999998890, 0.2000000000000000111, -2.950000000000000178 ) ) ;
#6983 = CARTESIAN_POINT ( 'NONE',  ( 3.500000000000000444, 0.8264982043070829842, -0.1750000000000002387 ) ) ;
#6984 =( GEOMETRIC_REPRESENTATION_CONTEXT ( 3 ) GLOBAL_UNCERTAINTY_ASSIGNED_CONTEXT ( ( #9255 ) ) GLOBAL_UNIT_ASSIGNED_CONTEXT ( ( #8155, #3533, #8221 ) ) REPRESENTATION_CONTEXT ( 'NONE', 'WORKASPACE' ) );
#6985 = VECTOR ( 'NONE', #4311, 1000.000000000000000 ) ;
#6986 = VECTOR ( 'NONE', #9950, 1000.000000000000000 ) ;
#6987 = DIRECTION ( 'NONE',  ( 0.000000000000000000, -1.000000000000000000, 0.000000000000000000 ) ) ;
#6988 = ORIENTED_EDGE ( 'NONE', *, *, #9536, .T. ) ;
#6989 = FILL_AREA_STYLE_COLOUR ( '', #840 ) ;
#6990 = ORIENTED_EDGE ( 'NONE', *, *, #7741, .F. ) ;
#6991 = DIRECTION ( 'NONE',  ( 0.000000000000000000, -1.000000000000000000, 0.000000000000000000 ) ) ;
#6992 = ORIENTED_EDGE ( 'NONE', *, *, #9243, .T. ) ;
#6993 = LINE ( 'NONE', #2578, #115 ) ;
#6994 = UNCERTAINTY_MEASURE_WITH_UNIT (LENGTH_MEASURE( 1.000000000000000082E-05 ), #3359, 'distance_accuracy_value', 'NONE');
#6995 = CARTESIAN_POINT ( 'NONE',  ( 2.125000000000000888, 0.2000000000000000111, 2.950000000000001066 ) ) ;
#6996 = AXIS2_PLACEMENT_3D ( 'NONE', #2291, #1432, #2219 ) ;
#6997 = ORIENTED_EDGE ( 'NONE', *, *, #8386, .F. ) ;
#6998 = CARTESIAN_POINT ( 'NONE',  ( 3.500000000000000444, 0.1999999999999999833, 0.8250000000000006217 ) ) ;
#6999 = ORIENTED_EDGE ( 'NONE', *, *, #9508, .T. ) ;
#7000 = VERTEX_POINT ( 'NONE', #8121 ) ;
#7001 = CARTESIAN_POINT ( 'NONE',  ( -2.950000000000000178, 0.8264982043070829842, 1.124999999999999778 ) ) ;
#7002 = ORIENTED_EDGE ( 'NONE', *, *, #8215, .F. ) ;
#7003 = VECTOR ( 'NONE', #5428, 1000.000000000000000 ) ;
#7004 = CARTESIAN_POINT ( 'NONE',  ( 2.950000000000000178, 0.8264982043070829842, 0.1750000000000006828 ) ) ;
#7005 = ORIENTED_EDGE ( 'NONE', *, *, #3749, .F. ) ;
#7006 = DIRECTION ( 'NONE',  ( -0.000000000000000000, 0.000000000000000000, -1.000000000000000000 ) ) ;
#7007 = MANIFOLD_SOLID_BREP ( 'LPattern3[12]', #5756 ) ;
#7008 = VECTOR ( 'NONE', #836, 1000.000000000000000 ) ;
#7009 = EDGE_LOOP ( 'NONE', ( #1381, #1924, #8682, #5573 ) ) ;
#7010 = EDGE_LOOP ( 'NONE', ( #6518, #8203, #869, #3912 ) ) ;
#7011 = DIRECTION ( 'NONE',  ( -0.000000000000000000, 0.000000000000000000, 1.000000000000000000 ) ) ;
#7012 = AXIS2_PLACEMENT_3D ( 'NONE', #4215, #9683, #9544 ) ;
#7013 = CARTESIAN_POINT ( 'NONE',  ( 2.950000000000000178, 0.8264982043070829842, -1.774999999999999245 ) ) ;
#7014 = LINE ( 'NONE', #8487, #1491 ) ;
#7015 = DIRECTION ( 'NONE',  ( -0.000000000000000000, -1.000000000000000000, -0.000000000000000000 ) ) ;
#7016 = ORIENTED_EDGE ( 'NONE', *, *, #4670, .F. ) ;
#7017 = DIRECTION ( 'NONE',  ( 0.000000000000000000, -1.000000000000000000, 0.000000000000000000 ) ) ;
#7018 = DIRECTION ( 'NONE',  ( 0.000000000000000000, 0.000000000000000000, 1.000000000000000000 ) ) ;
#7019 = EDGE_CURVE ( 'NONE', #851, #9057, #3930, .T. ) ;
#7020 = SURFACE_STYLE_FILL_AREA ( #1601 ) ;
#7021 = CARTESIAN_POINT ( 'NONE',  ( -1.474999999999999423, 0.1999999999999999833, 3.500000000000001332 ) ) ;
#7022 = EDGE_LOOP ( 'NONE', ( #9453, #4731, #8747, #8469 ) ) ;
#7023 = EDGE_CURVE ( 'NONE', #5947, #2584, #6503, .T. ) ;
#7024 = ORIENTED_EDGE ( 'NONE', *, *, #8471, .T. ) ;
#7025 = PLANE ( 'NONE',  #6665 ) ;
#7026 = ORIENTED_EDGE ( 'NONE', *, *, #7035, .T. ) ;
#7027 = DIRECTION ( 'NONE',  ( -0.000000000000000000, 0.000000000000000000, 1.000000000000000000 ) ) ;
#7028 = DIRECTION ( 'NONE',  ( -1.000000000000000000, 0.000000000000000000, 0.000000000000000000 ) ) ;
#7029 = ADVANCED_FACE ( 'NONE', ( #8698 ), #3494, .T. ) ;
#7031 = EDGE_CURVE ( 'NONE', #759, #3852, #8444, .T. ) ;
#7030 = SURFACE_STYLE_FILL_AREA ( #3510 ) ;
#7032 = CARTESIAN_POINT ( 'NONE',  ( -2.950000000000000178, 0.8264982043070829842, 2.425000000000000266 ) ) ;
#7033 = AXIS2_PLACEMENT_3D ( 'NONE', #1735, #2712, #8085 ) ;
#7034 = ORIENTED_EDGE ( 'NONE', *, *, #5977, .F. ) ;
#7035 = EDGE_CURVE ( 'NONE', #2589, #2487, #337, .T. ) ;
#7036 = ORIENTED_EDGE ( 'NONE', *, *, #175, .T. ) ;
#7037 = CARTESIAN_POINT ( 'NONE',  ( -2.950000000000000178, 0.8264982043070829842, 0.1750000000000006828 ) ) ;
#7038 = VECTOR ( 'NONE', #7084, 1000.000000000000000 ) ;
#7039 = DIRECTION ( 'NONE',  ( -0.000000000000000000, 0.000000000000000000, 1.000000000000000000 ) ) ;
#7040 = ORIENTED_EDGE ( 'NONE', *, *, #562, .T. ) ;
#7041 = CARTESIAN_POINT ( 'NONE',  ( 0.000000000000000000, 0.05000000000000000278, -2.125000000000000000 ) ) ;
#7042 = CARTESIAN_POINT ( 'NONE',  ( -2.950000000000000178, 0.8264982043070829842, 2.125000000000000888 ) ) ;
#7043 = VERTEX_POINT ( 'NONE', #1388 ) ;
#7044 = CARTESIAN_POINT ( 'NONE',  ( -2.125000000000000888, 0.2000000000000000111, -2.950000000000000178 ) ) ;
#7045 = AXIS2_PLACEMENT_3D ( 'NONE', #5985, #8301, #2777 ) ;
#7046 = MECHANICAL_DESIGN_GEOMETRIC_PRESENTATION_REPRESENTATION (  '', ( #6385 ), #5343 ) ;
#7047 = CARTESIAN_POINT ( 'NONE',  ( -2.424999999999999378, 0.2000000000000000111, 3.500000000000001332 ) ) ;
#7048 = CARTESIAN_POINT ( 'NONE',  ( -1.475000000000000089, 0.000000000000000000, -3.500000000000000444 ) ) ;
#7049 = LINE ( 'NONE', #7285, #1407 ) ;
#7050 = CARTESIAN_POINT ( 'NONE',  ( 2.425000000000000266, 0.04999999999999999584, 2.950000000000001066 ) ) ;
#7051 = ORIENTED_EDGE ( 'NONE', *, *, #5084, .T. ) ;
#7052 = ORIENTED_EDGE ( 'NONE', *, *, #4336, .F. ) ;
#7053 = CARTESIAN_POINT ( 'NONE',  ( 1.125000000000000666, 0.8264982043070834283, 3.500000000000001332 ) ) ;
#7054 = CARTESIAN_POINT ( 'NONE',  ( -3.100000000000000977, 0.6999999999999999556, -3.100000000000000977 ) ) ;
#7055 = DIRECTION ( 'NONE',  ( 1.000000000000000000, -0.000000000000000000, 6.195440985631455317E-17 ) ) ;
#7056 = DIRECTION ( 'NONE',  ( -0.000000000000000000, 0.000000000000000000, 1.000000000000000000 ) ) ;
#7057 = VECTOR ( 'NONE', #3550, 1000.000000000000000 ) ;
#7058 = DIRECTION ( 'NONE',  ( -0.000000000000000000, -1.000000000000000000, -0.000000000000000000 ) ) ;
#7059 = LINE ( 'NONE', #344, #1646 ) ;
#7060 = FACE_OUTER_BOUND ( 'NONE', #6484, .T. ) ;
#7061 = SURFACE_STYLE_FILL_AREA ( #9064 ) ;
#7062 = ORIENTED_EDGE ( 'NONE', *, *, #8640, .T. ) ;
#7063 = AXIS2_PLACEMENT_3D ( 'NONE', #7032, #8591, #1442 ) ;
#7064 = PLANE ( 'NONE',  #304 ) ;
#7065 = PLANE ( 'NONE',  #3391 ) ;
#7066 = CARTESIAN_POINT ( 'NONE',  ( 3.500000000000000444, 0.1999999999999999833, -0.4749999999999993117 ) ) ;
#7067 = ORIENTED_EDGE ( 'NONE', *, *, #9578, .F. ) ;
#7068 = ORIENTED_EDGE ( 'NONE', *, *, #8636, .T. ) ;
#7069 = SURFACE_STYLE_FILL_AREA ( #6523 ) ;
#7070 = LINE ( 'NONE', #318, #7337 ) ;
#7071 = PRESENTATION_LAYER_ASSIGNMENT (  '', '', ( #4785 ) ) ;
#7072 = DIRECTION ( 'NONE',  ( 0.000000000000000000, -1.000000000000000000, 0.000000000000000000 ) ) ;
#7073 = DIRECTION ( 'NONE',  ( -0.000000000000000000, -1.000000000000000000, -0.000000000000000000 ) ) ;
#7074 = PLANE ( 'NONE',  #8035 ) ;
#7075 = ORIENTED_EDGE ( 'NONE', *, *, #10104, .T. ) ;
#7076 = VECTOR ( 'NONE', #2913, 1000.000000000000000 ) ;
#7077 = DIRECTION ( 'NONE',  ( 1.000000000000000000, -0.000000000000000000, -0.000000000000000000 ) ) ;
#7078 =( GEOMETRIC_REPRESENTATION_CONTEXT ( 3 ) GLOBAL_UNCERTAINTY_ASSIGNED_CONTEXT ( ( #5489 ) ) GLOBAL_UNIT_ASSIGNED_CONTEXT ( ( #2779, #4357, #8966 ) ) REPRESENTATION_CONTEXT ( 'NONE', 'WORKASPACE' ) );
#7079 = VECTOR ( 'NONE', #4831, 1000.000000000000000 ) ;
#7080 = CARTESIAN_POINT ( 'NONE',  ( -1.774999999999999245, 0.2000000000000000111, 2.950000000000001066 ) ) ;
#7081 = EDGE_CURVE ( 'NONE', #5715, #5822, #6626, .T. ) ;
#7082 = VECTOR ( 'NONE', #6252, 1000.000000000000000 ) ;
#7083 = CARTESIAN_POINT ( 'NONE',  ( -2.950000000000000178, 0.1999999999999999833, 2.125000000000000888 ) ) ;
#7084 = DIRECTION ( 'NONE',  ( 0.000000000000000000, 0.000000000000000000, -1.000000000000000000 ) ) ;
#7085 = EDGE_CURVE ( 'NONE', #10118, #10168, #1590, .T. ) ;
#7086 = ORIENTED_EDGE ( 'NONE', *, *, #10169, .T. ) ;
#7087 = VECTOR ( 'NONE', #8443, 1000.000000000000000 ) ;
#7088 = DIRECTION ( 'NONE',  ( -1.000000000000000000, 0.000000000000000000, 0.000000000000000000 ) ) ;
#7089 = CARTESIAN_POINT ( 'NONE',  ( 3.500000000000000444, 0.8264982043070829842, 2.425000000000000266 ) ) ;
#7090 = COLOUR_RGB ( '',0.7921568627450980005, 0.8196078431372548767, 0.9333333333333333481 ) ;
#7091 = CARTESIAN_POINT ( 'NONE',  ( 1.474999999999999645, 0.2000000000000000111, -3.500000000000000444 ) ) ;
#7092 = DIRECTION ( 'NONE',  ( -1.000000000000000000, 0.000000000000000000, 1.577021341797097215E-15 ) ) ;
#7093 = PLANE ( 'NONE',  #8798 ) ;
#7094 = LINE ( 'NONE', #5984, #4904 ) ;
#7095 = EDGE_CURVE ( 'NONE', #3521, #8734, #8217, .T. ) ;
#7096 = ORIENTED_EDGE ( 'NONE', *, *, #5452, .T. ) ;
#7097 = CARTESIAN_POINT ( 'NONE',  ( 0.000000000000000000, 0.05000000000000000278, -2.950000000000000178 ) ) ;
#7098 = ORIENTED_EDGE ( 'NONE', *, *, #6039, .F. ) ;
#7099 = EDGE_CURVE ( 'NONE', #7127, #995, #4546, .T. ) ;
#7100 =( NAMED_UNIT ( * ) SI_UNIT ( $, .STERADIAN. ) SOLID_ANGLE_UNIT ( ) );
#7101 = ORIENTED_EDGE ( 'NONE', *, *, #7575, .T. ) ;
#7102 = VECTOR ( 'NONE', #6406, 1000.000000000000000 ) ;
#7103 = PLANE ( 'NONE',  #7259 ) ;
#7104 = ORIENTED_EDGE ( 'NONE', *, *, #10111, .F. ) ;
#7105 = CARTESIAN_POINT ( 'NONE',  ( -0.4749999999999993117, 0.04999999999999969746, 3.500000000000001332 ) ) ;
#7106 = VECTOR ( 'NONE', #4909, 1000.000000000000000 ) ;
#7107 = SURFACE_SIDE_STYLE ('',( #10184 ) ) ;
#7108 = EDGE_CURVE ( 'NONE', #7439, #8149, #1960, .T. ) ;
#7110 = FACE_OUTER_BOUND ( 'NONE', #5267, .T. ) ;
#7109 = CARTESIAN_POINT ( 'NONE',  ( -3.500000000000000444, 0.1999999999999999833, -0.1750000000000002387 ) ) ;
#7111 = ORIENTED_EDGE ( 'NONE', *, *, #7805, .F. ) ;
#7112 = VERTEX_POINT ( 'NONE', #5216 ) ;
#7113 = VECTOR ( 'NONE', #2059, 1000.000000000000000 ) ;
#7114 = EDGE_CURVE ( 'NONE', #6280, #2870, #8337, .T. ) ;
#7115 = ORIENTED_EDGE ( 'NONE', *, *, #2710, .T. ) ;
#7116 = DIRECTION ( 'NONE',  ( -1.000000000000000000, 0.000000000000000000, -0.000000000000000000 ) ) ;
#7117 = PLANE ( 'NONE',  #3076 ) ;
#7118 = VECTOR ( 'NONE', #354, 1000.000000000000000 ) ;
#7119 = DIRECTION ( 'NONE',  ( 0.000000000000000000, -1.000000000000000000, 0.000000000000000000 ) ) ;
#7120 = VECTOR ( 'NONE', #8544, 1000.000000000000000 ) ;
#7121 = DIRECTION ( 'NONE',  ( -1.000000000000000000, 0.000000000000000000, 1.239088197126290817E-16 ) ) ;
#7122 = CARTESIAN_POINT ( 'NONE',  ( 0.000000000000000000, 0.2000000000000000111, 0.000000000000000000 ) ) ;
#7124 = ORIENTED_EDGE ( 'NONE', *, *, #582, .T. ) ;
#7123 = DIRECTION ( 'NONE',  ( 1.577021341797097018E-15, 0.000000000000000000, -1.000000000000000000 ) ) ;
#7125 = VERTEX_POINT ( 'NONE', #5990 ) ;
#7126 = ORIENTED_EDGE ( 'NONE', *, *, #964, .T. ) ;
#7127 = VERTEX_POINT ( 'NONE', #7541 ) ;
#7128 = CARTESIAN_POINT ( 'NONE',  ( 3.500000000000000444, 0.1999999999999999833, -2.125000000000000000 ) ) ;
#7129 = LINE ( 'NONE', #9019, #855 ) ;
#7130 = DIRECTION ( 'NONE',  ( -0.000000000000000000, 0.000000000000000000, 1.000000000000000000 ) ) ;
#7131 = LINE ( 'NONE', #6150, #3448 ) ;
#7132 = DIRECTION ( 'NONE',  ( 0.000000000000000000, 0.000000000000000000, -1.000000000000000000 ) ) ;
#7133 = CARTESIAN_POINT ( 'NONE',  ( 3.500000000000000444, 0.000000000000000000, 1.475000000000000533 ) ) ;
#7134 = ORIENTED_EDGE ( 'NONE', *, *, #1682, .T. ) ;
#7135 = CARTESIAN_POINT ( 'NONE',  ( -0.4750000000000001443, 0.8264982043070834283, -3.500000000000000444 ) ) ;
#7136 = AXIS2_PLACEMENT_3D ( 'NONE', #9273, #4593, #660 ) ;
#7137 = VERTEX_POINT ( 'NONE', #6020 ) ;
#7138 = VERTEX_POINT ( 'NONE', #9199 ) ;
#7139 = AXIS2_PLACEMENT_3D ( 'NONE', #1580, #3172, #754 ) ;
#7140 = ORIENTED_EDGE ( 'NONE', *, *, #5191, .F. ) ;
#7141 = ORIENTED_EDGE ( 'NONE', *, *, #5320, .T. ) ;
#7142 = FACE_OUTER_BOUND ( 'NONE', #2047, .T. ) ;
#7143 = VERTEX_POINT ( 'NONE', #1286 ) ;
#7144 = CARTESIAN_POINT ( 'NONE',  ( -2.950000000000000178, 0.8264982043070829842, -1.774999999999999245 ) ) ;
#7145 = FACE_OUTER_BOUND ( 'NONE', #10117, .T. ) ;
#7146 = DIRECTION ( 'NONE',  ( 0.000000000000000000, 0.000000000000000000, 1.000000000000000000 ) ) ;
#7147 = DIRECTION ( 'NONE',  ( 0.000000000000000000, -0.000000000000000000, 1.000000000000000000 ) ) ;
#7148 = SURFACE_STYLE_USAGE ( .BOTH. , #7107 ) ;
#7149 = ORIENTED_EDGE ( 'NONE', *, *, #2172, .F. ) ;
#7150 = ORIENTED_EDGE ( 'NONE', *, *, #6888, .T. ) ;
#7151 = ORIENTED_EDGE ( 'NONE', *, *, #3348, .F. ) ;
#7152 = VECTOR ( 'NONE', #1503, 1000.000000000000000 ) ;
#7153 = ORIENTED_EDGE ( 'NONE', *, *, #8381, .F. ) ;
#7154 = ADVANCED_FACE ( 'NONE', ( #4310 ), #8671, .T. ) ;
#7155 =( GEOMETRIC_REPRESENTATION_CONTEXT ( 3 ) GLOBAL_UNCERTAINTY_ASSIGNED_CONTEXT ( ( #758 ) ) GLOBAL_UNIT_ASSIGNED_CONTEXT ( ( #10178, #9229, #7788 ) ) REPRESENTATION_CONTEXT ( 'NONE', 'WORKASPACE' ) );
#7156 = LINE ( 'NONE', #408, #7751 ) ;
#7157 = EDGE_CURVE ( 'NONE', #8515, #7615, #4194, .T. ) ;
#7158 = CARTESIAN_POINT ( 'NONE',  ( -3.500000000000000444, 0.1999999999999999833, 0.4749999999999997558 ) ) ;
#7159 = EDGE_LOOP ( 'NONE', ( #1636, #209, #2296, #4008 ) ) ;
#7160 = PLANE ( 'NONE',  #7139 ) ;
#7161 = CARTESIAN_POINT ( 'NONE',  ( -1.475000000000000977, 0.8264982043070834283, -2.950000000000000178 ) ) ;
#7162 = EDGE_CURVE ( 'NONE', #10084, #1284, #225, .T. ) ;
#7163 = ORIENTED_EDGE ( 'NONE', *, *, #4605, .T. ) ;
#7164 = PLANE ( 'NONE',  #8573 ) ;
#7165 = PRESENTATION_STYLE_ASSIGNMENT (( #1635 ) ) ;
#7166 = EDGE_CURVE ( 'NONE', #6646, #6733, #6253, .T. ) ;
#7167 = ORIENTED_EDGE ( 'NONE', *, *, #1623, .T. ) ;
#7168 = DIRECTION ( 'NONE',  ( 1.577021341797097215E-15, 0.000000000000000000, 1.000000000000000000 ) ) ;
#7169 = CARTESIAN_POINT ( 'NONE',  ( -3.500000000000000444, 0.1999999999999999833, 0.4749999999999997558 ) ) ;
#7170 = EDGE_CURVE ( 'NONE', #279, #263, #10172, .T. ) ;
#7171 = ORIENTED_EDGE ( 'NONE', *, *, #4599, .T. ) ;
#7172 = CARTESIAN_POINT ( 'NONE',  ( -0.8250000000000010658, 0.8264982043070834283, -2.950000000000000178 ) ) ;
#7173 = CARTESIAN_POINT ( 'NONE',  ( 0.1749999999999998224, 0.2000000000000000111, -2.950000000000000178 ) ) ;
#7174 = DIRECTION ( 'NONE',  ( 0.000000000000000000, 0.000000000000000000, -1.000000000000000000 ) ) ;
#7175 = VECTOR ( 'NONE', #658, 1000.000000000000000 ) ;
#7176 = EDGE_CURVE ( 'NONE', #5329, #4600, #3804, .T. ) ;
#7177 = ORIENTED_EDGE ( 'NONE', *, *, #9965, .T. ) ;
#7178 = CARTESIAN_POINT ( 'NONE',  ( 1.774999999999999689, 0.8264982043070834283, -3.500000000000000444 ) ) ;
#7179 = ORIENTED_EDGE ( 'NONE', *, *, #761, .F. ) ;
#7180 = VERTEX_POINT ( 'NONE', #157 ) ;
#7181 = PLANE ( 'NONE',  #1768 ) ;
#7182 = EDGE_CURVE ( 'NONE', #8687, #8192, #3444, .T. ) ;
#7183 = FACE_OUTER_BOUND ( 'NONE', #6402, .T. ) ;
#7184 = EDGE_CURVE ( 'NONE', #5060, #8309, #7853, .T. ) ;
#7185 = ORIENTED_EDGE ( 'NONE', *, *, #6633, .F. ) ;
#7186 = EDGE_LOOP ( 'NONE', ( #1497, #9141, #8448, #7787 ) ) ;
#7187 = CARTESIAN_POINT ( 'NONE',  ( -2.950000000000000178, 0.000000000000000000, 0.4749999999999997558 ) ) ;
#7188 = CARTESIAN_POINT ( 'NONE',  ( -1.125000000000000222, 0.1999999999999999833, -2.950000000000000178 ) ) ;
#7189 = LINE ( 'NONE', #8907, #278 ) ;
#7190 = PRESENTATION_STYLE_ASSIGNMENT (( #8840 ) ) ;
#7191 = CARTESIAN_POINT ( 'NONE',  ( -2.424999999999999378, 0.2000000000000000111, 2.950000000000001066 ) ) ;
#7192 = LINE ( 'NONE', #7373, #4254 ) ;
#7193 = ORIENTED_EDGE ( 'NONE', *, *, #3156, .F. ) ;
#7194 = FILL_AREA_STYLE ('',( #10013 ) ) ;
#7195 = DIRECTION ( 'NONE',  ( 1.000000000000000000, -0.000000000000000000, -0.000000000000000000 ) ) ;
#7196 = VERTEX_POINT ( 'NONE', #3408 ) ;
#7197 = CLOSED_SHELL ( 'NONE', ( #5393, #2678, #9380, #1828, #1471, #8657 ) ) ;
#7198 = VECTOR ( 'NONE', #227, 1000.000000000000000 ) ;
#7199 = LINE ( 'NONE', #7158, #3264 ) ;
#7200 = DIRECTION ( 'NONE',  ( 1.000000000000000000, 0.000000000000000000, 0.000000000000000000 ) ) ;
#7201 = DIRECTION ( 'NONE',  ( -0.000000000000000000, -1.000000000000000000, -0.000000000000000000 ) ) ;
#7202 = VECTOR ( 'NONE', #7203, 1000.000000000000000 ) ;
#7203 = DIRECTION ( 'NONE',  ( -0.000000000000000000, -1.000000000000000000, -0.000000000000000000 ) ) ;
#7204 = VERTEX_POINT ( 'NONE', #3445 ) ;
#7205 = LINE ( 'NONE', #1875, #2917 ) ;
#7206 = DIRECTION ( 'NONE',  ( -1.000000000000000000, 0.000000000000000000, -0.000000000000000000 ) ) ;
#7207 = FACE_OUTER_BOUND ( 'NONE', #8094, .T. ) ;
#7208 = CARTESIAN_POINT ( 'NONE',  ( 0.4749999999999988676, 0.000000000000000000, -2.950000000000000178 ) ) ;
#7209 = AXIS2_PLACEMENT_3D ( 'NONE', #5910, #4410, #7532 ) ;
#7210 = DIRECTION ( 'NONE',  ( -1.000000000000000000, 0.000000000000000000, -0.000000000000000000 ) ) ;
#7211 = LINE ( 'NONE', #7736, #1431 ) ;
#7212 = DIRECTION ( 'NONE',  ( -1.000000000000000000, 0.000000000000000000, -0.000000000000000000 ) ) ;
#7213 = ORIENTED_EDGE ( 'NONE', *, *, #7085, .F. ) ;
#7214 = FACE_OUTER_BOUND ( 'NONE', #1390, .T. ) ;
#7215 = VECTOR ( 'NONE', #7263, 1000.000000000000000 ) ;
#7216 = DIRECTION ( 'NONE',  ( 0.000000000000000000, -1.000000000000000000, 0.000000000000000000 ) ) ;
#7217 = VECTOR ( 'NONE', #5087, 1000.000000000000000 ) ;
#7218 = ORIENTED_EDGE ( 'NONE', *, *, #228, .T. ) ;
#7219 = DIRECTION ( 'NONE',  ( -6.195440985631454085E-17, -0.000000000000000000, 1.000000000000000000 ) ) ;
#7220 = AXIS2_PLACEMENT_3D ( 'NONE', #7044, #2351, #3971 ) ;
#7221 = CARTESIAN_POINT ( 'NONE',  ( -1.475000000000000089, 0.2000000000000000111, 2.950000000000001066 ) ) ;
#7222 = ORIENTED_EDGE ( 'NONE', *, *, #276, .T. ) ;
#7223 = CARTESIAN_POINT ( 'NONE',  ( -1.775000000000000133, 0.1999999999999999833, -2.950000000000000178 ) ) ;
#7224 = EDGE_CURVE ( 'NONE', #1881, #8244, #6755, .T. ) ;
#7225 = VECTOR ( 'NONE', #201, 1000.000000000000000 ) ;
#7226 = DIRECTION ( 'NONE',  ( -1.000000000000000000, 0.000000000000000000, 0.000000000000000000 ) ) ;
#7227 = LINE ( 'NONE', #2772, #10137 ) ;
#7228 = ORIENTED_EDGE ( 'NONE', *, *, #1314, .F. ) ;
#7229 = CARTESIAN_POINT ( 'NONE',  ( 2.350000000000000089, 6.846803743153548005, -2.350000000000000089 ) ) ;
#7230 = EDGE_CURVE ( 'NONE', #5931, #458, #4798, .T. ) ;
#7231 = ORIENTED_EDGE ( 'NONE', *, *, #9426, .T. ) ;
#7232 = PLANE ( 'NONE',  #725 ) ;
#7233 = CARTESIAN_POINT ( 'NONE',  ( 2.950000000000000178, 0.8264982043070829842, 2.425000000000000266 ) ) ;
#7234 = EDGE_LOOP ( 'NONE', ( #2644, #9868, #9957, #2313 ) ) ;
#7235 = VERTEX_POINT ( 'NONE', #1061 ) ;
#7236 = VECTOR ( 'NONE', #9182, 1000.000000000000000 ) ;
#7237 = CARTESIAN_POINT ( 'NONE',  ( -3.499999999999999556, 0.05000000000000000278, -3.499999999999999556 ) ) ;
#7238 = VERTEX_POINT ( 'NONE', #963 ) ;
#7239 = CARTESIAN_POINT ( 'NONE',  ( -1.774999999999999245, 0.04999999999999969746, 3.500000000000001332 ) ) ;
#7240 = LINE ( 'NONE', #2132, #1456 ) ;
#7241 = EDGE_CURVE ( 'NONE', #1297, #3557, #1836, .T. ) ;
#7242 = FILL_AREA_STYLE ('',( #2581 ) ) ;
#7243 = LINE ( 'NONE', #2185, #10040 ) ;
#7244 = AXIS2_PLACEMENT_3D ( 'NONE', #4747, #6270, #3952 ) ;
#7245 = CARTESIAN_POINT ( 'NONE',  ( -2.950000000000000178, 0.1999999999999999833, 1.124999999999999778 ) ) ;
#7246 = ORIENTED_EDGE ( 'NONE', *, *, #1631, .F. ) ;
#7247 = CARTESIAN_POINT ( 'NONE',  ( -2.125000000000000000, 0.2000000000000000111, 2.950000000000001066 ) ) ;
#7248 = ADVANCED_FACE ( 'NONE', ( #2340 ), #286, .F. ) ;
#7249 = LINE ( 'NONE', #3119, #8822 ) ;
#7250 = FACE_OUTER_BOUND ( 'NONE', #6923, .T. ) ;
#7251 = CARTESIAN_POINT ( 'NONE',  ( -3.500000000000000444, 0.8264982043070829842, 2.125000000000000888 ) ) ;
#7252 = FACE_OUTER_BOUND ( 'NONE', #5065, .T. ) ;
#7253 = ADVANCED_FACE ( 'NONE', ( #6015 ), #1817, .T. ) ;
#7254 = ORIENTED_EDGE ( 'NONE', *, *, #4030, .T. ) ;
#7255 = ORIENTED_EDGE ( 'NONE', *, *, #7370, .T. ) ;
#7256 = DIRECTION ( 'NONE',  ( 0.000000000000000000, 1.000000000000000000, 0.000000000000000000 ) ) ;
#7257 = EDGE_LOOP ( 'NONE', ( #10075, #5059, #4436, #8101 ) ) ;
#7258 = AXIS2_PLACEMENT_3D ( 'NONE', #6648, #483, #9340 ) ;
#7259 = AXIS2_PLACEMENT_3D ( 'NONE', #6371, #2443, #7780 ) ;
#7260 = ORIENTED_EDGE ( 'NONE', *, *, #3483, .F. ) ;
#7261 = LINE ( 'NONE', #6, #3816 ) ;
#7262 = SURFACE_SIDE_STYLE ('',( #7069 ) ) ;
#7264 = LINE ( 'NONE', #6672, #8108 ) ;
#7263 = DIRECTION ( 'NONE',  ( -1.577021341797097018E-15, -0.000000000000000000, -1.000000000000000000 ) ) ;
#7265 = EDGE_LOOP ( 'NONE', ( #2148, #9715, #4224, #883 ) ) ;
#7266 = ORIENTED_EDGE ( 'NONE', *, *, #9589, .F. ) ;
#7267 = DIRECTION ( 'NONE',  ( 0.000000000000000000, 0.000000000000000000, -1.000000000000000000 ) ) ;
#7268 = ORIENTED_EDGE ( 'NONE', *, *, #248, .F. ) ;
#7269 = DIRECTION ( 'NONE',  ( 0.000000000000000000, -1.000000000000000000, 0.000000000000000000 ) ) ;
#7270 = ORIENTED_EDGE ( 'NONE', *, *, #1695, .F. ) ;
#7271 = VECTOR ( 'NONE', #7920, 1000.000000000000000 ) ;
#7272 = PLANE ( 'NONE',  #5342 ) ;
#7273 = EDGE_LOOP ( 'NONE', ( #6850, #7892, #1822, #9015 ) ) ;
#7274 = DIRECTION ( 'NONE',  ( 0.000000000000000000, -0.000000000000000000, 1.000000000000000000 ) ) ;
#7275 = CARTESIAN_POINT ( 'NONE',  ( 3.500000000000000444, 11.49949493661166500, -3.500000000000000444 ) ) ;
#7276 = DIRECTION ( 'NONE',  ( 0.000000000000000000, -1.000000000000000000, 0.000000000000000000 ) ) ;
#7277 = LINE ( 'NONE', #5416, #8723 ) ;
#7278 =( GEOMETRIC_REPRESENTATION_CONTEXT ( 3 ) GLOBAL_UNCERTAINTY_ASSIGNED_CONTEXT ( ( #7452 ) ) GLOBAL_UNIT_ASSIGNED_CONTEXT ( ( #4452, #9121, #6737 ) ) REPRESENTATION_CONTEXT ( 'NONE', 'WORKASPACE' ) );
#7279 = DIRECTION ( 'NONE',  ( -1.000000000000000000, 0.000000000000000000, -0.000000000000000000 ) ) ;
#7280 = ORIENTED_EDGE ( 'NONE', *, *, #7677, .T. ) ;
#7281 = DIRECTION ( 'NONE',  ( -0.000000000000000000, -0.000000000000000000, 1.000000000000000000 ) ) ;
#7282 = ORIENTED_EDGE ( 'NONE', *, *, #8640, .F. ) ;
#7283 = DIRECTION ( 'NONE',  ( -1.000000000000000000, 0.000000000000000000, 1.577021341797097215E-15 ) ) ;
#7284 = VECTOR ( 'NONE', #6701, 1000.000000000000000 ) ;
#7285 = CARTESIAN_POINT ( 'NONE',  ( 3.500000000000000444, 0.05000000000000000278, 3.499999999999999556 ) ) ;
#7286 = ORIENTED_EDGE ( 'NONE', *, *, #2640, .F. ) ;
#7287 = CARTESIAN_POINT ( 'NONE',  ( -1.475000000000000089, 0.1999999999999999833, 2.950000000000001066 ) ) ;
#7288 = VECTOR ( 'NONE', #9998, 1000.000000000000000 ) ;
#7289 = VERTEX_POINT ( 'NONE', #1750 ) ;
#7290 = AXIS2_PLACEMENT_3D ( 'NONE', #2006, #1115, #3524 ) ;
#7291 = ORIENTED_EDGE ( 'NONE', *, *, #5259, .F. ) ;
#7292 = EDGE_CURVE ( 'NONE', #2651, #7636, #6865, .T. ) ;
#7293 = LINE ( 'NONE', #2092, #2119 ) ;
#7294 = PRODUCT_CONTEXT ( 'NONE', #8006, 'mechanical' ) ;
#7295 = DIRECTION ( 'NONE',  ( -1.000000000000000000, 0.000000000000000000, 0.000000000000000000 ) ) ;
#7296 = DIRECTION ( 'NONE',  ( -1.000000000000000000, 0.000000000000000000, -9.227252531791527858E-17 ) ) ;
#7297 = VERTEX_POINT ( 'NONE', #1719 ) ;
#7298 = EDGE_CURVE ( 'NONE', #7709, #2419, #471, .T. ) ;
#7299 = CARTESIAN_POINT ( 'NONE',  ( -1.475000000000000977, 0.000000000000000000, -2.950000000000000178 ) ) ;
#7301 = EDGE_CURVE ( 'NONE', #4180, #7238, #7381, .T. ) ;
#7300 = LINE ( 'NONE', #2082, #8876 ) ;
#7302 = ORIENTED_EDGE ( 'NONE', *, *, #4671, .T. ) ;
#7303 = CARTESIAN_POINT ( 'NONE',  ( -3.500000000000000444, 0.8264982043070829842, -0.4749999999999993117 ) ) ;
#7304 = ADVANCED_FACE ( 'NONE', ( #9438 ), #226, .T. ) ;
#7305 = DIRECTION ( 'NONE',  ( -1.000000000000000000, 0.000000000000000000, 0.000000000000000000 ) ) ;
#7306 = EDGE_CURVE ( 'NONE', #4821, #8509, #4680, .T. ) ;
#7307 = ORIENTED_EDGE ( 'NONE', *, *, #4739, .T. ) ;
#7308 = DIRECTION ( 'NONE',  ( 0.000000000000000000, 0.000000000000000000, 1.000000000000000000 ) ) ;
#7309 = CARTESIAN_POINT ( 'NONE',  ( 1.474999999999999645, 0.1999999999999999833, -2.950000000000000178 ) ) ;
#7310 = EDGE_CURVE ( 'NONE', #7430, #5060, #9194, .T. ) ;
#7311 = SURFACE_SIDE_STYLE ('',( #9559 ) ) ;
#7312 = ADVANCED_FACE ( 'NONE', ( #5051 ), #4346, .T. ) ;
#7313 = ORIENTED_EDGE ( 'NONE', *, *, #8732, .T. ) ;
#7314 = LINE ( 'NONE', #5485, #1025 ) ;
#7315 = LINE ( 'NONE', #5544, #158 ) ;
#7316 = ORIENTED_EDGE ( 'NONE', *, *, #6637, .F. ) ;
#7317 = ORIENTED_EDGE ( 'NONE', *, *, #7157, .T. ) ;
#7318 =( NAMED_UNIT ( * ) SI_UNIT ( $, .STERADIAN. ) SOLID_ANGLE_UNIT ( ) );
#7319 = DIRECTION ( 'NONE',  ( -1.000000000000000000, 0.000000000000000000, -0.000000000000000000 ) ) ;
#7320 = EDGE_CURVE ( 'NONE', #8550, #2318, #7129, .T. ) ;
#7321 = DIRECTION ( 'NONE',  ( 0.000000000000000000, 0.000000000000000000, -1.000000000000000000 ) ) ;
#7322 = ORIENTED_EDGE ( 'NONE', *, *, #7099, .F. ) ;
#7323 = AXIS2_PLACEMENT_3D ( 'NONE', #8338, #9101, #5248 ) ;
#7324 = FACE_OUTER_BOUND ( 'NONE', #6645, .T. ) ;
#7325 = EDGE_CURVE ( 'NONE', #9741, #7539, #8954, .T. ) ;
#7326 = CARTESIAN_POINT ( 'NONE',  ( 3.500000000000000444, 0.8000000000000003775, 3.499999999999999556 ) ) ;
#7327 = CYLINDRICAL_SURFACE ( 'NONE', #9056, 0.1999999999999996503 ) ;
#7328 = LINE ( 'NONE', #8383, #2536 ) ;
#7329 = LINE ( 'NONE', #3754, #4375 ) ;
#7330 = VERTEX_POINT ( 'NONE', #5836 ) ;
#7331 =( LENGTH_UNIT ( ) NAMED_UNIT ( * ) SI_UNIT ( .MILLI., .METRE. ) );
#7332 = UNCERTAINTY_MEASURE_WITH_UNIT (LENGTH_MEASURE( 1.000000000000000082E-05 ), #5553, 'distance_accuracy_value', 'NONE');
#7333 =( NAMED_UNIT ( * ) PLANE_ANGLE_UNIT ( ) SI_UNIT ( $, .RADIAN. ) );
#7334 = ORIENTED_EDGE ( 'NONE', *, *, #4350, .T. ) ;
#7335 = LINE ( 'NONE', #6274, #7456 ) ;
#7336 = DIRECTION ( 'NONE',  ( -1.000000000000000000, 0.000000000000000000, 0.000000000000000000 ) ) ;
#7337 = VECTOR ( 'NONE', #7360, 1000.000000000000000 ) ;
#7338 =( NAMED_UNIT ( * ) SI_UNIT ( $, .STERADIAN. ) SOLID_ANGLE_UNIT ( ) );
#7339 = ORIENTED_EDGE ( 'NONE', *, *, #7677, .F. ) ;
#7340 = VECTOR ( 'NONE', #6774, 1000.000000000000000 ) ;
#7341 = PLANE ( 'NONE',  #9040 ) ;
#7342 = LINE ( 'NONE', #1721, #3283 ) ;
#7343 = CARTESIAN_POINT ( 'NONE',  ( 2.125000000000000000, 0.2000000000000000111, -2.950000000000000178 ) ) ;
#7344 = SURFACE_STYLE_USAGE ( .BOTH. , #299 ) ;
#7345 = LINE ( 'NONE', #6910, #6945 ) ;
#7346 = PLANE ( 'NONE',  #9992 ) ;
#7347 = PLANE ( 'NONE',  #6720 ) ;
#7348 = ORIENTED_EDGE ( 'NONE', *, *, #6947, .F. ) ;
#7349 = LINE ( 'NONE', #9700, #5492 ) ;
#7350 = AXIS2_PLACEMENT_3D ( 'NONE', #36, #7092, #843 ) ;
#7351 = FACE_OUTER_BOUND ( 'NONE', #385, .T. ) ;
#7352 = DIRECTION ( 'NONE',  ( 0.000000000000000000, 0.000000000000000000, -1.000000000000000000 ) ) ;
#7353 = ORIENTED_EDGE ( 'NONE', *, *, #10098, .T. ) ;
#7354 = CARTESIAN_POINT ( 'NONE',  ( 3.500000000000000444, 0.04999999999999969746, -2.424999999999999378 ) ) ;
#7355 = ORIENTED_EDGE ( 'NONE', *, *, #3093, .F. ) ;
#7356 = ADVANCED_FACE ( 'NONE', ( #5293 ), #9745, .F. ) ;
#7357 = ORIENTED_EDGE ( 'NONE', *, *, #8700, .T. ) ;
#7358 = LINE ( 'NONE', #8656, #7710 ) ;
#7359 = LINE ( 'NONE', #8209, #6115 ) ;
#7360 = DIRECTION ( 'NONE',  ( -0.000000000000000000, -1.000000000000000000, -0.000000000000000000 ) ) ;
#7361 = ADVANCED_FACE ( 'NONE', ( #1100 ), #9055, .F. ) ;
#7362 = LINE ( 'NONE', #902, #8319 ) ;
#7363 = CARTESIAN_POINT ( 'NONE',  ( 0.1750000000000006828, 0.2000000000000000111, 2.950000000000001066 ) ) ;
#7364 = ORIENTED_EDGE ( 'NONE', *, *, #2790, .T. ) ;
#7365 = EDGE_CURVE ( 'NONE', #4483, #3234, #2703, .T. ) ;
#7366 = FACE_OUTER_BOUND ( 'NONE', #3395, .T. ) ;
#7367 = ORIENTED_EDGE ( 'NONE', *, *, #1307, .F. ) ;
#7368 = LINE ( 'NONE', #4576, #9313 ) ;
#7369 = CARTESIAN_POINT ( 'NONE',  ( -2.424999999999999378, 0.04999999999999999584, 2.950000000000001066 ) ) ;
#7370 = EDGE_CURVE ( 'NONE', #1833, #3711, #5652, .T. ) ;
#7371 = LINE ( 'NONE', #2952, #7120 ) ;
#7372 = CARTESIAN_POINT ( 'NONE',  ( -0.4750000000000001443, 0.8264982043070834283, -2.950000000000000178 ) ) ;
#7373 = CARTESIAN_POINT ( 'NONE',  ( -0.4750000000000001443, 0.000000000000000000, -2.950000000000000178 ) ) ;
#7374 = VERTEX_POINT ( 'NONE', #9784 ) ;
#7375 =( NAMED_UNIT ( * ) SI_UNIT ( $, .STERADIAN. ) SOLID_ANGLE_UNIT ( ) );
#7376 = ORIENTED_EDGE ( 'NONE', *, *, #1323, .F. ) ;
#7377 = ORIENTED_EDGE ( 'NONE', *, *, #5448, .T. ) ;
#7378 = EDGE_CURVE ( 'NONE', #1936, #375, #9565, .T. ) ;
#7379 = CARTESIAN_POINT ( 'NONE',  ( 2.950000000000000178, 0.000000000000000000, 0.1750000000000006828 ) ) ;
#7380 = ORIENTED_EDGE ( 'NONE', *, *, #7673, .F. ) ;
#7381 = LINE ( 'NONE', #4962, #5534 ) ;
#7382 = DIRECTION ( 'NONE',  ( 0.000000000000000000, 0.000000000000000000, -1.000000000000000000 ) ) ;
#7383 = PRESENTATION_STYLE_ASSIGNMENT (( #10046 ) ) ;
#7384 = DIRECTION ( 'NONE',  ( 1.000000000000000000, -0.000000000000000000, -0.000000000000000000 ) ) ;
#7385 = ORIENTED_EDGE ( 'NONE', *, *, #2503, .F. ) ;
#7386 = VERTEX_POINT ( 'NONE', #5876 ) ;
#7387 = PLANE ( 'NONE',  #1894 ) ;
#7388 = VERTEX_POINT ( 'NONE', #2766 ) ;
#7389 = VERTEX_POINT ( 'NONE', #8234 ) ;
#7390 = LINE ( 'NONE', #9448, #4319 ) ;
#7391 = AXIS2_PLACEMENT_3D ( 'NONE', #5443, #6128, #5475 ) ;
#7392 = ORIENTED_EDGE ( 'NONE', *, *, #8459, .T. ) ;
#7393 = ORIENTED_EDGE ( 'NONE', *, *, #7505, .F. ) ;
#7394 = ORIENTED_EDGE ( 'NONE', *, *, #5586, .T. ) ;
#7395 = CARTESIAN_POINT ( 'NONE',  ( 2.950000000000000178, 0.8264982043070829842, -0.1750000000000002387 ) ) ;
#7396 = CARTESIAN_POINT ( 'NONE',  ( -1.475000000000000089, 0.2000000000000000111, 2.950000000000001066 ) ) ;
#7397 = VECTOR ( 'NONE', #6921, 1000.000000000000000 ) ;
#7398 = CARTESIAN_POINT ( 'NONE',  ( -2.950000000000000178, 0.1999999999999999833, -1.475000000000000089 ) ) ;
#7399 = ORIENTED_EDGE ( 'NONE', *, *, #7486, .T. ) ;
#7400 = LINE ( 'NONE', #8183, #6042 ) ;
#7401 = EDGE_LOOP ( 'NONE', ( #84, #1385, #4495, #3607 ) ) ;
#7402 = DIRECTION ( 'NONE',  ( 0.000000000000000000, 0.000000000000000000, 1.000000000000000000 ) ) ;
#7403 = DIRECTION ( 'NONE',  ( -0.000000000000000000, -1.000000000000000000, -0.000000000000000000 ) ) ;
#7404 = ADVANCED_FACE ( 'NONE', ( #4923 ), #5942, .F. ) ;
#7405 = SURFACE_STYLE_USAGE ( .BOTH. , #8929 ) ;
#7406 = ORIENTED_EDGE ( 'NONE', *, *, #1882, .T. ) ;
#7407 = DIRECTION ( 'NONE',  ( 1.000000000000000000, 0.000000000000000000, 0.000000000000000000 ) ) ;
#7408 = VECTOR ( 'NONE', #4813, 1000.000000000000000 ) ;
#7409 = PLANE ( 'NONE',  #5615 ) ;
#7410 = ADVANCED_FACE ( 'NONE', ( #6856 ), #7497, .T. ) ;
#7411 = CARTESIAN_POINT ( 'NONE',  ( 0.8249999999999997335, 0.1999999999999999833, -2.950000000000000178 ) ) ;
#7412 = VERTEX_POINT ( 'NONE', #1893 ) ;
#7413 = CARTESIAN_POINT ( 'NONE',  ( -0.8250000000000010658, 0.1999999999999999833, -2.950000000000000178 ) ) ;
#7414 = CARTESIAN_POINT ( 'NONE',  ( -0.1750000000000049016, 0.05000000000000000278, 2.759787348144997336E-16 ) ) ;
#7415 = DIRECTION ( 'NONE',  ( 1.000000000000000000, 0.000000000000000000, 0.000000000000000000 ) ) ;
#7416 = FACE_OUTER_BOUND ( 'NONE', #5678, .T. ) ;
#7417 = ORIENTED_EDGE ( 'NONE', *, *, #8346, .T. ) ;
#7418 = CARTESIAN_POINT ( 'NONE',  ( 2.950000000000000178, 0.000000000000000000, 0.4749999999999997558 ) ) ;
#7419 = ORIENTED_EDGE ( 'NONE', *, *, #4860, .F. ) ;
#7420 = EDGE_CURVE ( 'NONE', #3301, #6769, #585, .T. ) ;
#7421 = DIRECTION ( 'NONE',  ( 0.000000000000000000, 0.000000000000000000, -1.000000000000000000 ) ) ;
#7422 = CARTESIAN_POINT ( 'NONE',  ( 2.425000000000001155, 0.8264982043070834283, 3.500000000000001332 ) ) ;
#7423 = DIRECTION ( 'NONE',  ( -1.577021341797097018E-15, -0.000000000000000000, -1.000000000000000000 ) ) ;
#7424 = EDGE_CURVE ( 'NONE', #7196, #6149, #4184, .T. ) ;
#7425 = ORIENTED_EDGE ( 'NONE', *, *, #500, .F. ) ;
#7426 = DIRECTION ( 'NONE',  ( -0.000000000000000000, -1.000000000000000000, -0.000000000000000000 ) ) ;
#7427 = ORIENTED_EDGE ( 'NONE', *, *, #1373, .F. ) ;
#7428 = EDGE_CURVE ( 'NONE', #5070, #2808, #1463, .T. ) ;
#7429 = FACE_OUTER_BOUND ( 'NONE', #4952, .T. ) ;
#7430 = VERTEX_POINT ( 'NONE', #3681 ) ;
#7431 = LINE ( 'NONE', #3951, #2776 ) ;
#7432 = CARTESIAN_POINT ( 'NONE',  ( 0.000000000000000000, 0.8000000000000000444, 0.000000000000000000 ) ) ;
#7433 = PLANE ( 'NONE',  #1809 ) ;
#7434 = EDGE_CURVE ( 'NONE', #7561, #8176, #1578, .T. ) ;
#7435 = LINE ( 'NONE', #4457, #1165 ) ;
#7436 = DIRECTION ( 'NONE',  ( -0.000000000000000000, -0.000000000000000000, 1.000000000000000000 ) ) ;
#7437 = CARTESIAN_POINT ( 'NONE',  ( -2.950000000000000178, 0.1999999999999999833, 0.8250000000000006217 ) ) ;
#7438 = EDGE_CURVE ( 'NONE', #9213, #3729, #8824, .T. ) ;
#7439 = VERTEX_POINT ( 'NONE', #1308 ) ;
#7440 = ORIENTED_EDGE ( 'NONE', *, *, #6240, .T. ) ;
#7441 = LINE ( 'NONE', #6211, #3517 ) ;
#7442 = CARTESIAN_POINT ( 'NONE',  ( 0.000000000000000000, 0.05000000000000000278, -1.124999999999999334 ) ) ;
#7443 = FACE_OUTER_BOUND ( 'NONE', #3564, .T. ) ;
#7444 = DIRECTION ( 'NONE',  ( 0.000000000000000000, 0.000000000000000000, -1.000000000000000000 ) ) ;
#7445 = LINE ( 'NONE', #8103, #3882 ) ;
#7446 = CARTESIAN_POINT ( 'NONE',  ( -1.124999999999999334, 0.2000000000000000111, 2.950000000000001066 ) ) ;
#7447 = EDGE_CURVE ( 'NONE', #5367, #1626, #6007, .T. ) ;
#7448 = CARTESIAN_POINT ( 'NONE',  ( 3.500000000000000444, 0.05000000000000000278, 3.499999999999999556 ) ) ;
#7449 = AXIS2_PLACEMENT_3D ( 'NONE', #4711, #76, #847 ) ;
#7450 = ORIENTED_EDGE ( 'NONE', *, *, #1639, .T. ) ;
#7451 = DIRECTION ( 'NONE',  ( -0.000000000000000000, 0.000000000000000000, 1.000000000000000000 ) ) ;
#7452 = UNCERTAINTY_MEASURE_WITH_UNIT (LENGTH_MEASURE( 1.000000000000000082E-05 ), #4452, 'distance_accuracy_value', 'NONE');
#7453 = LINE ( 'NONE', #2273, #5362 ) ;
#7454 = ADVANCED_FACE ( 'NONE', ( #6243 ), #4539, .T. ) ;
#7455 = ORIENTED_EDGE ( 'NONE', *, *, #9844, .T. ) ;
#7456 = VECTOR ( 'NONE', #3915, 1000.000000000000000 ) ;
#7457 = LINE ( 'NONE', #9271, #4762 ) ;
#7458 = DIRECTION ( 'NONE',  ( -1.000000000000000000, 0.000000000000000000, 0.000000000000000000 ) ) ;
#7459 = ADVANCED_FACE ( 'NONE', ( #5038 ), #9186, .T. ) ;
#7460 = ORIENTED_EDGE ( 'NONE', *, *, #449, .F. ) ;
#7461 = SURFACE_STYLE_FILL_AREA ( #9449 ) ;
#7462 = CARTESIAN_POINT ( 'NONE',  ( 0.000000000000000000, 0.2000000000000000111, 0.000000000000000000 ) ) ;
#7463 = FACE_OUTER_BOUND ( 'NONE', #10068, .T. ) ;
#7464 = MECHANICAL_DESIGN_GEOMETRIC_PRESENTATION_REPRESENTATION (  '', ( #4183 ), #9613 ) ;
#7465 = CARTESIAN_POINT ( 'NONE',  ( -3.500000000000000444, 0.8264982043070829842, 1.124999999999999778 ) ) ;
#7466 = VECTOR ( 'NONE', #5186, 1000.000000000000000 ) ;
#7467 = CARTESIAN_POINT ( 'NONE',  ( -2.950000000000000178, 0.8264982043070829842, 0.8250000000000006217 ) ) ;
#7468 = ORIENTED_EDGE ( 'NONE', *, *, #5864, .T. ) ;
#7469 = ORIENTED_EDGE ( 'NONE', *, *, #2846, .F. ) ;
#7470 = VECTOR ( 'NONE', #3120, 1000.000000000000000 ) ;
#7471 = PLANE ( 'NONE',  #1085 ) ;
#7472 = DIRECTION ( 'NONE',  ( 1.000000000000000000, 0.000000000000000000, 0.000000000000000000 ) ) ;
#7473 = DIRECTION ( 'NONE',  ( 0.000000000000000000, -0.000000000000000000, 1.000000000000000000 ) ) ;
#7474 = LINE ( 'NONE', #1829, #10027 ) ;
#7475 = VECTOR ( 'NONE', #8241, 1000.000000000000000 ) ;
#7476 = ORIENTED_EDGE ( 'NONE', *, *, #7301, .T. ) ;
#7477 = CARTESIAN_POINT ( 'NONE',  ( -2.950000000000000178, 0.000000000000000000, 0.8250000000000006217 ) ) ;
#7478 = DIRECTION ( 'NONE',  ( 0.000000000000000000, 1.000000000000000000, 0.000000000000000000 ) ) ;
#7479 = ORIENTED_EDGE ( 'NONE', *, *, #8859, .T. ) ;
#7480 = DIRECTION ( 'NONE',  ( 1.000000000000000000, 0.000000000000000000, 0.000000000000000000 ) ) ;
#7481 = AXIS2_PLACEMENT_3D ( 'NONE', #8750, #4189, #2643 ) ;
#7482 = CARTESIAN_POINT ( 'NONE',  ( 1.124999999999999778, 0.8264982043070834283, 2.950000000000001066 ) ) ;
#7483 = ORIENTED_EDGE ( 'NONE', *, *, #2969, .F. ) ;
#7484 = VECTOR ( 'NONE', #1731, 1000.000000000000000 ) ;
#7485 = VERTEX_POINT ( 'NONE', #6071 ) ;
#7486 = EDGE_CURVE ( 'NONE', #6169, #8529, #719, .T. ) ;
#7487 = LINE ( 'NONE', #10152, #9060 ) ;
#7488 = DIRECTION ( 'NONE',  ( -0.000000000000000000, -1.000000000000000000, -0.000000000000000000 ) ) ;
#7489 = EDGE_CURVE ( 'NONE', #9357, #4835, #4431, .T. ) ;
#7490 = CARTESIAN_POINT ( 'NONE',  ( -1.475000000000000089, 0.2000000000000000111, 2.950000000000001066 ) ) ;
#7491 = ORIENTED_EDGE ( 'NONE', *, *, #1307, .T. ) ;
#7492 = SURFACE_STYLE_USAGE ( .BOTH. , #4343 ) ;
#7493 = ORIENTED_EDGE ( 'NONE', *, *, #292, .F. ) ;
#7494 = DIRECTION ( 'NONE',  ( 0.000000000000000000, -0.000000000000000000, -1.000000000000000000 ) ) ;
#7495 = FACE_OUTER_BOUND ( 'NONE', #1413, .T. ) ;
#7496 = EDGE_CURVE ( 'NONE', #1183, #2329, #7368, .T. ) ;
#7497 = PLANE ( 'NONE',  #7209 ) ;
#7498 = CARTESIAN_POINT ( 'NONE',  ( -2.950000000000000178, 0.1999999999999999833, 1.475000000000000533 ) ) ;
#7499 = ORIENTED_EDGE ( 'NONE', *, *, #234, .T. ) ;
#7500 = EDGE_CURVE ( 'NONE', #1242, #7204, #6747, .T. ) ;
#7501 = ORIENTED_EDGE ( 'NONE', *, *, #2381, .T. ) ;
#7502 = EDGE_LOOP ( 'NONE', ( #2905, #7339, #5077, #3327 ) ) ;
#7503 = VERTEX_POINT ( 'NONE', #2098 ) ;
#7504 = DIRECTION ( 'NONE',  ( 0.000000000000000000, -1.000000000000000000, 0.000000000000000000 ) ) ;
#7505 = EDGE_CURVE ( 'NONE', #8503, #9953, #463, .T. ) ;
#7506 = EDGE_LOOP ( 'NONE', ( #4766, #1944, #9599, #8713 ) ) ;
#7507 = VECTOR ( 'NONE', #6846, 1000.000000000000000 ) ;
#7508 = DIRECTION ( 'NONE',  ( 0.000000000000000000, 1.000000000000000000, 0.000000000000000000 ) ) ;
#7509 = ADVANCED_FACE ( 'NONE', ( #9925 ), #5328, .T. ) ;
#7510 = CARTESIAN_POINT ( 'NONE',  ( -1.775000000000000133, 0.8264982043070834283, -2.950000000000000178 ) ) ;
#7511 = VECTOR ( 'NONE', #3490, 1000.000000000000000 ) ;
#7512 = CARTESIAN_POINT ( 'NONE',  ( -2.950000000000000178, 0.8264982043070829842, -1.475000000000000089 ) ) ;
#7513 = EDGE_CURVE ( 'NONE', #4219, #8176, #215, .T. ) ;
#7514 = VERTEX_POINT ( 'NONE', #6109 ) ;
#7516 = VERTEX_POINT ( 'NONE', #9970 ) ;
#7515 = ADVANCED_FACE ( 'NONE', ( #2950 ), #5264, .F. ) ;
#7517 = ORIENTED_EDGE ( 'NONE', *, *, #5915, .F. ) ;
#7518 = EDGE_CURVE ( 'NONE', #3132, #5549, #8565, .T. ) ;
#7519 = EDGE_LOOP ( 'NONE', ( #8593, #3516, #7669, #3514 ) ) ;
#7520 = CARTESIAN_POINT ( 'NONE',  ( 2.950000000000000178, 0.05000000000000000278, 0.000000000000000000 ) ) ;
#7521 = FACE_OUTER_BOUND ( 'NONE', #4170, .T. ) ;
#7522 = CARTESIAN_POINT ( 'NONE',  ( -2.950000000000000178, 0.000000000000000000, -1.124999999999999334 ) ) ;
#7523 = ORIENTED_EDGE ( 'NONE', *, *, #5728, .F. ) ;
#7524 = VECTOR ( 'NONE', #3897, 1000.000000000000000 ) ;
#7525 = CARTESIAN_POINT ( 'NONE',  ( 2.125000000000000888, 0.2000000000000000111, 3.500000000000001332 ) ) ;
#7526 = ORIENTED_EDGE ( 'NONE', *, *, #8525, .F. ) ;
#7527 = EDGE_LOOP ( 'NONE', ( #1366, #7685, #7034, #9464 ) ) ;
#7528 = PLANE ( 'NONE',  #6321 ) ;
#7529 = VECTOR ( 'NONE', #8838, 1000.000000000000000 ) ;
#7530 = CARTESIAN_POINT ( 'NONE',  ( 3.500000000000000444, 0.8264982043070829842, 2.425000000000000266 ) ) ;
#7531 = MECHANICAL_DESIGN_GEOMETRIC_PRESENTATION_REPRESENTATION (  '', ( #8744 ), #5807 ) ;
#7532 = DIRECTION ( 'NONE',  ( 0.000000000000000000, -0.000000000000000000, 1.000000000000000000 ) ) ;
#7533 = VERTEX_POINT ( 'NONE', #3776 ) ;
#7534 = CARTESIAN_POINT ( 'NONE',  ( 0.4749999999999997558, 0.04999999999999969746, -3.500000000000000444 ) ) ;
#7535 = EDGE_LOOP ( 'NONE', ( #230, #9308, #9832, #1186 ) ) ;
#7536 = DIRECTION ( 'NONE',  ( 0.000000000000000000, 1.000000000000000000, 0.000000000000000000 ) ) ;
#7537 = LINE ( 'NONE', #6691, #5440 ) ;
#7538 =( NAMED_UNIT ( * ) PLANE_ANGLE_UNIT ( ) SI_UNIT ( $, .RADIAN. ) );
#7539 = VERTEX_POINT ( 'NONE', #9944 ) ;
#7540 = DIRECTION ( 'NONE',  ( 1.000000000000000000, -0.000000000000000000, 0.000000000000000000 ) ) ;
#7541 = CARTESIAN_POINT ( 'NONE',  ( 2.950000000000000178, 0.1999999999999999833, 2.125000000000000888 ) ) ;
#7542 = DIRECTION ( 'NONE',  ( 0.000000000000000000, -0.000000000000000000, -1.000000000000000000 ) ) ;
#7543 = VECTOR ( 'NONE', #1292, 1000.000000000000000 ) ;
#7544 = DIRECTION ( 'NONE',  ( 0.000000000000000000, -0.000000000000000000, -1.000000000000000000 ) ) ;
#7545 = VERTEX_POINT ( 'NONE', #2200 ) ;
#7546 = CARTESIAN_POINT ( 'NONE',  ( -2.425000000000000266, 0.2000000000000000111, -3.500000000000000444 ) ) ;
#7547 = DIRECTION ( 'NONE',  ( -1.577021341797097018E-15, -0.000000000000000000, -1.000000000000000000 ) ) ;
#7548 = ORIENTED_EDGE ( 'NONE', *, *, #6899, .F. ) ;
#7549 = ORIENTED_EDGE ( 'NONE', *, *, #899, .T. ) ;
#7550 = LINE ( 'NONE', #4777, #8505 ) ;
#7551 = ADVANCED_FACE ( 'NONE', ( #7495 ), #2061, .T. ) ;
#7552 = VECTOR ( 'NONE', #9354, 1000.000000000000000 ) ;
#7553 = ORIENTED_EDGE ( 'NONE', *, *, #8660, .F. ) ;
#7554 = CARTESIAN_POINT ( 'NONE',  ( 0.000000000000000000, 0.05000000000000000278, -2.950000000000000178 ) ) ;
#7555 = EDGE_LOOP ( 'NONE', ( #5476, #222, #2248, #7657 ) ) ;
#7556 = EDGE_CURVE ( 'NONE', #3092, #7819, #3569, .T. ) ;
#7557 = DIRECTION ( 'NONE',  ( 0.000000000000000000, 1.000000000000000000, 0.000000000000000000 ) ) ;
#7558 = CARTESIAN_POINT ( 'NONE',  ( -2.950000000000000178, 0.1999999999999999833, 2.425000000000000266 ) ) ;
#7559 = ADVANCED_FACE ( 'NONE', ( #7250 ), #4094, .F. ) ;
#7560 = CARTESIAN_POINT ( 'NONE',  ( 0.000000000000000000, 0.05000000000000000278, -2.950000000000000178 ) ) ;
#7561 = VERTEX_POINT ( 'NONE', #4103 ) ;
#7562 = FACE_OUTER_BOUND ( 'NONE', #3401, .T. ) ;
#7563 = EDGE_CURVE ( 'NONE', #458, #7615, #3072, .T. ) ;
#7564 = VECTOR ( 'NONE', #626, 1000.000000000000000 ) ;
#7565 = FACE_OUTER_BOUND ( 'NONE', #5239, .T. ) ;
#7566 = VECTOR ( 'NONE', #8084, 1000.000000000000000 ) ;
#7567 = ORIENTED_EDGE ( 'NONE', *, *, #1328, .F. ) ;
#7568 = FILL_AREA_STYLE ('',( #6012 ) ) ;
#7569 = EDGE_CURVE ( 'NONE', #7643, #9667, #4669, .T. ) ;
#7570 = DIRECTION ( 'NONE',  ( 1.000000000000000000, -0.000000000000000000, 0.000000000000000000 ) ) ;
#7571 = PLANE ( 'NONE',  #8743 ) ;
#7572 = DIRECTION ( 'NONE',  ( 0.000000000000000000, 0.000000000000000000, 1.000000000000000000 ) ) ;
#7573 = AXIS2_PLACEMENT_3D ( 'NONE', #4225, #5013, #269 ) ;
#7574 = LINE ( 'NONE', #5546, #798 ) ;
#7575 = EDGE_CURVE ( 'NONE', #3092, #5491, #8328, .T. ) ;
#7576 = LINE ( 'NONE', #7498, #2040 ) ;
#7577 = DIRECTION ( 'NONE',  ( 0.000000000000000000, 0.000000000000000000, -1.000000000000000000 ) ) ;
#7578 = LINE ( 'NONE', #900, #799 ) ;
#7579 = DIRECTION ( 'NONE',  ( -1.577021341797097018E-15, -0.000000000000000000, -1.000000000000000000 ) ) ;
#7580 = VERTEX_POINT ( 'NONE', #6087 ) ;
#7581 = DIRECTION ( 'NONE',  ( -1.000000000000000000, 0.000000000000000000, 0.000000000000000000 ) ) ;
#7582 = LINE ( 'NONE', #9557, #5741 ) ;
#7583 = CARTESIAN_POINT ( 'NONE',  ( 3.500000000000000444, 0.1999999999999999833, -2.125000000000000000 ) ) ;
#7584 = DIRECTION ( 'NONE',  ( 0.000000000000000000, -1.000000000000000000, 0.000000000000000000 ) ) ;
#7585 = LINE ( 'NONE', #8820, #3655 ) ;
#7587 = VECTOR ( 'NONE', #8608, 1000.000000000000000 ) ;
#7586 = CARTESIAN_POINT ( 'NONE',  ( 2.950000000000000178, 0.000000000000000000, 2.425000000000000266 ) ) ;
#7588 = STYLED_ITEM ( 'NONE', ( #94 ), #4881 ) ;
#7589 = VERTEX_POINT ( 'NONE', #7735 ) ;
#7590 = LINE ( 'NONE', #3155, #69 ) ;
#7591 = CARTESIAN_POINT ( 'NONE',  ( -0.1750000000000002387, 0.2000000000000000111, -3.500000000000000444 ) ) ;
#7592 = LINE ( 'NONE', #1071, #7702 ) ;
#7593 = CARTESIAN_POINT ( 'NONE',  ( 1.774999999999999689, 0.8264982043070834283, -3.500000000000000444 ) ) ;
#7594 = CARTESIAN_POINT ( 'NONE',  ( 3.500000000000000444, 0.1999999999999999833, -0.8250000000000001776 ) ) ;
#7595 = ORIENTED_EDGE ( 'NONE', *, *, #3107, .F. ) ;
#7597 = ORIENTED_EDGE ( 'NONE', *, *, #2834, .F. ) ;
#7596 = DIRECTION ( 'NONE',  ( 1.000000000000000000, 0.000000000000000000, 0.000000000000000000 ) ) ;
#7598 = ORIENTED_EDGE ( 'NONE', *, *, #4993, .F. ) ;
#7599 = VECTOR ( 'NONE', #149, 1000.000000000000000 ) ;
#7600 = LINE ( 'NONE', #4050, #6974 ) ;
#7601 = CARTESIAN_POINT ( 'NONE',  ( 1.775000000000000577, 0.1999999999999999833, 3.500000000000001332 ) ) ;
#7602 = LINE ( 'NONE', #3085, #5875 ) ;
#7603 = CARTESIAN_POINT ( 'NONE',  ( 2.350000000000000089, 6.846803743153548005, -2.350000000000000089 ) ) ;
#7604 = ADVANCED_FACE ( 'NONE', ( #2079 ), #4588, .T. ) ;
#7605 = DIRECTION ( 'NONE',  ( -1.000000000000000000, 0.000000000000000000, 1.239088197126290570E-16 ) ) ;
#7606 = PLANE ( 'NONE',  #262 ) ;
#7607 = ORIENTED_EDGE ( 'NONE', *, *, #1710, .T. ) ;
#7608 = LINE ( 'NONE', #7303, #2452 ) ;
#7609 = ORIENTED_EDGE ( 'NONE', *, *, #9310, .F. ) ;
#7610 = ADVANCED_FACE ( 'NONE', ( #10158 ), #2182, .F. ) ;
#7611 = LINE ( 'NONE', #7614, #7725 ) ;
#7612 = DIRECTION ( 'NONE',  ( 0.000000000000000000, 0.000000000000000000, -1.000000000000000000 ) ) ;
#7613 = STYLED_ITEM ( 'NONE', ( #64 ), #8829 ) ;
#7614 = CARTESIAN_POINT ( 'NONE',  ( 0.8249999999999997335, 0.8264982043070834283, -2.950000000000000178 ) ) ;
#7615 = VERTEX_POINT ( 'NONE', #9302 ) ;
#7616 = EDGE_CURVE ( 'NONE', #8453, #9224, #6488, .T. ) ;
#7617 = ORIENTED_EDGE ( 'NONE', *, *, #6422, .T. ) ;
#7618 = ORIENTED_EDGE ( 'NONE', *, *, #1042, .T. ) ;
#7619 = PLANE ( 'NONE',  #6098 ) ;
#7620 = ORIENTED_EDGE ( 'NONE', *, *, #5333, .T. ) ;
#7621 = VECTOR ( 'NONE', #7219, 1000.000000000000000 ) ;
#7622 = EDGE_CURVE ( 'NONE', #8771, #9604, #3316, .T. ) ;
#7623 = FACE_OUTER_BOUND ( 'NONE', #1746, .T. ) ;
#7624 = ORIENTED_EDGE ( 'NONE', *, *, #5004, .F. ) ;
#7625 = DIRECTION ( 'NONE',  ( 1.000000000000000000, 0.000000000000000000, 0.000000000000000000 ) ) ;
#7626 = CARTESIAN_POINT ( 'NONE',  ( 2.350000000000000089, 6.846803743153548005, 2.350000000000000533 ) ) ;
#7627 = DIRECTION ( 'NONE',  ( 1.000000000000000000, -0.000000000000000000, 0.000000000000000000 ) ) ;
#7628 = ORIENTED_EDGE ( 'NONE', *, *, #4354, .T. ) ;
#7629 = EDGE_LOOP ( 'NONE', ( #1349, #5036, #5107, #1335 ) ) ;
#7630 = EDGE_CURVE ( 'NONE', #4239, #967, #5169, .T. ) ;
#7631 = CARTESIAN_POINT ( 'NONE',  ( -3.500000000000000444, 0.8264982043070829842, 0.1750000000000006828 ) ) ;
#7632 = ORIENTED_EDGE ( 'NONE', *, *, #8032, .T. ) ;
#7633 = LINE ( 'NONE', #7135, #9323 ) ;
#7634 = ORIENTED_EDGE ( 'NONE', *, *, #8187, .F. ) ;
#7635 = VECTOR ( 'NONE', #5693, 1000.000000000000000 ) ;
#7636 = VERTEX_POINT ( 'NONE', #4583 ) ;
#7637 = EDGE_CURVE ( 'NONE', #8453, #8339, #5522, .T. ) ;
#7638 = ORIENTED_EDGE ( 'NONE', *, *, #2431, .T. ) ;
#7639 = ORIENTED_EDGE ( 'NONE', *, *, #1164, .T. ) ;
#7640 = DIRECTION ( 'NONE',  ( 0.000000000000000000, -1.000000000000000000, 0.000000000000000000 ) ) ;
#7641 = CARTESIAN_POINT ( 'NONE',  ( 1.125000000000000666, 0.1999999999999999833, 3.500000000000001332 ) ) ;
#7642 = FILL_AREA_STYLE_COLOUR ( '', #8886 ) ;
#7643 = VERTEX_POINT ( 'NONE', #6831 ) ;
#7644 = CARTESIAN_POINT ( 'NONE',  ( -0.8250000000000001776, 0.1999999999999999833, 2.950000000000001066 ) ) ;
#7646 = EDGE_CURVE ( 'NONE', #4181, #4207, #8095, .T. ) ;
#7645 = VECTOR ( 'NONE', #1982, 1000.000000000000000 ) ;
#7647 = AXIS2_PLACEMENT_3D ( 'NONE', #8547, #4631, #8510 ) ;
#7648 = AXIS2_PLACEMENT_3D ( 'NONE', #1840, #4264, #9808 ) ;
#7649 = VERTEX_POINT ( 'NONE', #9916 ) ;
#7650 = EDGE_LOOP ( 'NONE', ( #842, #2989, #4468, #6965 ) ) ;
#7651 = PLANE ( 'NONE',  #1469 ) ;
#7652 = CARTESIAN_POINT ( 'NONE',  ( 2.950000000000000178, 0.8264982043070829842, 0.8250000000000006217 ) ) ;
#7653 = DIRECTION ( 'NONE',  ( -0.000000000000000000, 0.000000000000000000, -1.000000000000000000 ) ) ;
#7654 = ORIENTED_EDGE ( 'NONE', *, *, #2236, .T. ) ;
#7655 = CARTESIAN_POINT ( 'NONE',  ( 2.425000000000000266, 0.1999999999999999833, 2.950000000000001066 ) ) ;
#7656 = ADVANCED_FACE ( 'NONE', ( #1343 ), #3007, .T. ) ;
#7657 = ORIENTED_EDGE ( 'NONE', *, *, #2099, .T. ) ;
#7658 = CARTESIAN_POINT ( 'NONE',  ( -2.425000000000000266, 0.8264982043070834283, -2.950000000000000178 ) ) ;
#7659 = AXIS2_PLACEMENT_3D ( 'NONE', #9548, #3932, #1691 ) ;
#7660 = DIRECTION ( 'NONE',  ( 0.000000000000000000, 1.000000000000000000, 0.000000000000000000 ) ) ;
#7661 = ADVANCED_FACE ( 'NONE', ( #4303 ), #2907, .F. ) ;
#7662 = VECTOR ( 'NONE', #2323, 1000.000000000000000 ) ;
#7663 = ORIENTED_EDGE ( 'NONE', *, *, #1434, .F. ) ;
#7664 = PLANE ( 'NONE',  #9644 ) ;
#7665 = ORIENTED_EDGE ( 'NONE', *, *, #2377, .T. ) ;
#7666 = PLANE ( 'NONE',  #4316 ) ;
#7667 = VECTOR ( 'NONE', #546, 1000.000000000000000 ) ;
#7668 = DIRECTION ( 'NONE',  ( 0.000000000000000000, -1.000000000000000000, 0.000000000000000000 ) ) ;
#7669 = ORIENTED_EDGE ( 'NONE', *, *, #3552, .T. ) ;
#7670 = AXIS2_PLACEMENT_3D ( 'NONE', #8456, #5231, #6044 ) ;
#7671 = FILL_AREA_STYLE_COLOUR ( '', #930 ) ;
#7672 = ORIENTED_EDGE ( 'NONE', *, *, #8785, .T. ) ;
#7673 = EDGE_CURVE ( 'NONE', #2547, #274, #7240, .T. ) ;
#7674 = CARTESIAN_POINT ( 'NONE',  ( -1.124999999999999334, 0.1999999999999999833, 2.950000000000001066 ) ) ;
#7675 = FACE_OUTER_BOUND ( 'NONE', #6025, .T. ) ;
#7676 = DIRECTION ( 'NONE',  ( 0.000000000000000000, -1.000000000000000000, 0.000000000000000000 ) ) ;
#7677 = EDGE_CURVE ( 'NONE', #959, #4342, #5394, .T. ) ;
#7678 = ORIENTED_EDGE ( 'NONE', *, *, #3425, .F. ) ;
#7679 = DIRECTION ( 'NONE',  ( -0.000000000000000000, -1.000000000000000000, -0.000000000000000000 ) ) ;
#7680 = CARTESIAN_POINT ( 'NONE',  ( -2.950000000000000178, 0.8264982043070829842, -2.424999999999999378 ) ) ;
#7681 = CARTESIAN_POINT ( 'NONE',  ( 1.474999999999999645, 0.000000000000000000, -2.950000000000000178 ) ) ;
#7682 = EDGE_CURVE ( 'NONE', #4510, #10084, #8434, .T. ) ;
#7683 = ORIENTED_EDGE ( 'NONE', *, *, #10085, .F. ) ;
#7684 = AXIS2_PLACEMENT_3D ( 'NONE', #4162, #7321, #4202 ) ;
#7685 = ORIENTED_EDGE ( 'NONE', *, *, #3682, .F. ) ;
#7686 = FACE_OUTER_BOUND ( 'NONE', #4086, .T. ) ;
#7687 = VECTOR ( 'NONE', #2597, 1000.000000000000000 ) ;
#7688 = EDGE_CURVE ( 'NONE', #4237, #8952, #9812, .T. ) ;
#7689 = LINE ( 'NONE', #2474, #670 ) ;
#7690 = DIRECTION ( 'NONE',  ( 0.000000000000000000, -1.000000000000000000, 0.000000000000000000 ) ) ;
#7691 = EDGE_CURVE ( 'NONE', #7539, #4926, #9301, .T. ) ;
#7692 = ORIENTED_EDGE ( 'NONE', *, *, #1910, .T. ) ;
#7693 = LINE ( 'NONE', #404, #6333 ) ;
#7694 = VECTOR ( 'NONE', #4493, 1000.000000000000000 ) ;
#7695 = EDGE_CURVE ( 'NONE', #1268, #3713, #3305, .T. ) ;
#7696 = CARTESIAN_POINT ( 'NONE',  ( 0.000000000000000000, 0.000000000000000000, 1.949999999999999956 ) ) ;
#7697 = ADVANCED_FACE ( 'NONE', ( #10038 ), #7117, .T. ) ;
#7698 = STYLED_ITEM ( 'NONE', ( #5650 ), #1535 ) ;
#7699 = EDGE_CURVE ( 'NONE', #967, #705, #3793, .T. ) ;
#7700 = ORIENTED_EDGE ( 'NONE', *, *, #292, .T. ) ;
#7701 = LINE ( 'NONE', #9592, #3887 ) ;
#7702 = VECTOR ( 'NONE', #5951, 1000.000000000000000 ) ;
#7703 = ADVANCED_FACE ( 'NONE', ( #1702 ), #1613, .T. ) ;
#7704 = LINE ( 'NONE', #154, #1678 ) ;
#7705 = DIRECTION ( 'NONE',  ( 0.000000000000000000, -1.000000000000000000, 0.000000000000000000 ) ) ;
#7706 = VERTEX_POINT ( 'NONE', #10107 ) ;
#7707 = PLANE ( 'NONE',  #7391 ) ;
#7708 = DIRECTION ( 'NONE',  ( -0.000000000000000000, 0.000000000000000000, 1.000000000000000000 ) ) ;
#7709 = VERTEX_POINT ( 'NONE', #6998 ) ;
#7710 = VECTOR ( 'NONE', #47, 1000.000000000000000 ) ;
#7711 = LINE ( 'NONE', #4972, #7225 ) ;
#7712 = DIRECTION ( 'NONE',  ( -0.000000000000000000, -1.000000000000000000, -0.000000000000000000 ) ) ;
#7713 = AXIS2_PLACEMENT_3D ( 'NONE', #2280, #8543, #3856 ) ;
#7714 = FACE_OUTER_BOUND ( 'NONE', #5824, .T. ) ;
#7715 = ORIENTED_EDGE ( 'NONE', *, *, #4682, .F. ) ;
#7716 = ORIENTED_EDGE ( 'NONE', *, *, #5571, .F. ) ;
#7717 = DIRECTION ( 'NONE',  ( 0.000000000000000000, -0.000000000000000000, -1.000000000000000000 ) ) ;
#7718 = VERTEX_POINT ( 'NONE', #4686 ) ;
#7719 = LINE ( 'NONE', #8790, #6971 ) ;
#7720 = PLANE ( 'NONE',  #4826 ) ;
#7721 = ORIENTED_EDGE ( 'NONE', *, *, #8137, .F. ) ;
#7722 = DIRECTION ( 'NONE',  ( 1.000000000000000000, -0.000000000000000000, -1.239088197126290570E-16 ) ) ;
#7723 = CARTESIAN_POINT ( 'NONE',  ( 0.000000000000000000, 0.05000000000000000278, -2.950000000000000178 ) ) ;
#7725 = VECTOR ( 'NONE', #1123, 1000.000000000000000 ) ;
#7724 = CARTESIAN_POINT ( 'NONE',  ( -0.1750000000000002387, 0.8264982043070834283, -3.500000000000000444 ) ) ;
#7726 = VERTEX_POINT ( 'NONE', #3071 ) ;
#7727 = ORIENTED_EDGE ( 'NONE', *, *, #7755, .F. ) ;
#7728 = CARTESIAN_POINT ( 'NONE',  ( -3.100000000000000977, 0.8000000000000000444, -3.100000000000000977 ) ) ;
#7729 = VECTOR ( 'NONE', #2968, 1000.000000000000000 ) ;
#7730 = CARTESIAN_POINT ( 'NONE',  ( 0.1749999999999998224, 0.8264982043070834283, -2.950000000000000178 ) ) ;
#7731 = DIRECTION ( 'NONE',  ( -0.000000000000000000, -0.000000000000000000, 1.000000000000000000 ) ) ;
#7732 = ORIENTED_EDGE ( 'NONE', *, *, #10081, .F. ) ;
#7733 = ORIENTED_EDGE ( 'NONE', *, *, #8732, .F. ) ;
#7734 = ORIENTED_EDGE ( 'NONE', *, *, #3216, .F. ) ;
#7735 = CARTESIAN_POINT ( 'NONE',  ( -2.950000000000000178, 0.1999999999999999833, -0.8250000000000001776 ) ) ;
#7736 = CARTESIAN_POINT ( 'NONE',  ( -2.425000000000000266, 0.2000000000000000111, -2.950000000000000178 ) ) ;
#7737 = LINE ( 'NONE', #4974, #8706 ) ;
#7738 = DIRECTION ( 'NONE',  ( -0.000000000000000000, -0.000000000000000000, 1.000000000000000000 ) ) ;
#7739 = AXIS2_PLACEMENT_3D ( 'NONE', #2910, #2982, #8427 ) ;
#7740 = DIRECTION ( 'NONE',  ( 0.000000000000000000, -0.000000000000000000, -1.000000000000000000 ) ) ;
#7741 = EDGE_CURVE ( 'NONE', #5499, #40, #5162, .T. ) ;
#7742 = DIRECTION ( 'NONE',  ( 0.000000000000000000, -1.000000000000000000, 0.000000000000000000 ) ) ;
#7743 = CARTESIAN_POINT ( 'NONE',  ( -2.950000000000000178, 0.8264982043070829842, -0.1750000000000002387 ) ) ;
#7744 = ORIENTED_EDGE ( 'NONE', *, *, #7035, .F. ) ;
#7745 = ORIENTED_EDGE ( 'NONE', *, *, #6966, .F. ) ;
#7746 = ORIENTED_EDGE ( 'NONE', *, *, #2302, .T. ) ;
#7747 = EDGE_CURVE ( 'NONE', #6927, #8256, #9558, .T. ) ;
#7748 = VERTEX_POINT ( 'NONE', #2249 ) ;
#7749 = LINE ( 'NONE', #5127, #8467 ) ;
#7750 = ORIENTED_EDGE ( 'NONE', *, *, #8906, .T. ) ;
#7751 = VECTOR ( 'NONE', #2717, 1000.000000000000000 ) ;
#7752 = CARTESIAN_POINT ( 'NONE',  ( -0.4749999999999993117, 0.1999999999999999833, 2.950000000000001066 ) ) ;
#7753 = CARTESIAN_POINT ( 'NONE',  ( -1.774999999999999245, 0.1999999999999999833, 2.950000000000001066 ) ) ;
#7754 = ADVANCED_FACE ( 'NONE', ( #7971 ), #9610, .T. ) ;
#7755 = EDGE_CURVE ( 'NONE', #5514, #2203, #7833, .T. ) ;
#7756 = CARTESIAN_POINT ( 'NONE',  ( 3.500000000000000444, 0.8264982043070829842, -1.124999999999999334 ) ) ;
#7757 = VERTEX_POINT ( 'NONE', #3479 ) ;
#7758 = UNCERTAINTY_MEASURE_WITH_UNIT (LENGTH_MEASURE( 1.000000000000000082E-05 ), #6334, 'distance_accuracy_value', 'NONE');
#7759 = DIRECTION ( 'NONE',  ( 1.000000000000000000, 0.000000000000000000, -0.000000000000000000 ) ) ;
#7760 = VECTOR ( 'NONE', #3596, 1000.000000000000000 ) ;
#7761 = ADVANCED_FACE ( 'NONE', ( #4173 ), #5332, .T. ) ;
#7762 = LINE ( 'NONE', #6505, #5689 ) ;
#7763 = DIRECTION ( 'NONE',  ( 0.000000000000000000, 1.000000000000000000, 0.000000000000000000 ) ) ;
#7764 = EDGE_LOOP ( 'NONE', ( #5005, #2211, #1978, #5438 ) ) ;
#7765 = DIRECTION ( 'NONE',  ( 0.000000000000000000, 0.000000000000000000, 1.000000000000000000 ) ) ;
#7766 =( NAMED_UNIT ( * ) PLANE_ANGLE_UNIT ( ) SI_UNIT ( $, .RADIAN. ) );
#7767 = MANIFOLD_SOLID_BREP ( 'LPattern3[8]', #4404 ) ;
#7768 = ORIENTED_EDGE ( 'NONE', *, *, #5142, .T. ) ;
#7769 = LINE ( 'NONE', #5773, #3610 ) ;
#7770 = AXIS2_PLACEMENT_3D ( 'NONE', #9071, #4396, #7544 ) ;
#7771 = CARTESIAN_POINT ( 'NONE',  ( -2.950000000000000178, 0.8264982043070829842, 1.124999999999999778 ) ) ;
#7772 = VERTEX_POINT ( 'NONE', #7133 ) ;
#7773 = CARTESIAN_POINT ( 'NONE',  ( -2.950000000000000178, 0.000000000000000000, -2.125000000000000000 ) ) ;
#7774 = CARTESIAN_POINT ( 'NONE',  ( -2.125000000000000888, 0.1999999999999999833, -2.950000000000000178 ) ) ;
#7775 = CARTESIAN_POINT ( 'NONE',  ( 0.1749999999999997669, 0.1999999999999999833, -3.500000000000000444 ) ) ;
#7776 = CARTESIAN_POINT ( 'NONE',  ( 2.950000000000000178, 0.05000000000000002359, 0.1750000000000006828 ) ) ;
#7777 = CARTESIAN_POINT ( 'NONE',  ( 2.425000000000001155, 0.2000000000000000111, 3.500000000000001332 ) ) ;
#7778 = ORIENTED_EDGE ( 'NONE', *, *, #9264, .T. ) ;
#7779 = ORIENTED_EDGE ( 'NONE', *, *, #119, .T. ) ;
#7780 = DIRECTION ( 'NONE',  ( -1.000000000000000000, 0.000000000000000000, -0.000000000000000000 ) ) ;
#7781 = PLANE ( 'NONE',  #7244 ) ;
#7782 = CARTESIAN_POINT ( 'NONE',  ( 3.500000000000000444, 0.1999999999999999833, 1.124999999999999778 ) ) ;
#7783 = ORIENTED_EDGE ( 'NONE', *, *, #8985, .T. ) ;
#7784 = DIRECTION ( 'NONE',  ( 1.000000000000000000, -0.000000000000000000, -0.000000000000000000 ) ) ;
#7785 = VECTOR ( 'NONE', #7765, 1000.000000000000000 ) ;
#7786 = ORIENTED_EDGE ( 'NONE', *, *, #10085, .T. ) ;
#7787 = ORIENTED_EDGE ( 'NONE', *, *, #5458, .T. ) ;
#7788 =( NAMED_UNIT ( * ) SI_UNIT ( $, .STERADIAN. ) SOLID_ANGLE_UNIT ( ) );
#7789 = CARTESIAN_POINT ( 'NONE',  ( 3.500000000000000444, 0.8264982043070829842, 0.1750000000000006828 ) ) ;
#7790 = ORIENTED_EDGE ( 'NONE', *, *, #9461, .F. ) ;
#7791 = ORIENTED_EDGE ( 'NONE', *, *, #5448, .F. ) ;
#7792 = LINE ( 'NONE', #1062, #2901 ) ;
#7793 = LINE ( 'NONE', #4499, #5721 ) ;
#7794 = DIRECTION ( 'NONE',  ( 0.000000000000000000, -1.000000000000000000, 0.000000000000000000 ) ) ;
#7795 = PRESENTATION_STYLE_ASSIGNMENT (( #1401 ) ) ;
#7796 = DIRECTION ( 'NONE',  ( 0.000000000000000000, -1.000000000000000000, 0.000000000000000000 ) ) ;
#7797 = LINE ( 'NONE', #9728, #8633 ) ;
#7798 = EDGE_CURVE ( 'NONE', #7885, #1716, #7487, .T. ) ;
#7799 = ADVANCED_FACE ( 'NONE', ( #2579 ), #5517, .F. ) ;
#7800 = ORIENTED_EDGE ( 'NONE', *, *, #6035, .T. ) ;
#7801 = CARTESIAN_POINT ( 'NONE',  ( -0.4749999999999993117, 0.04999999999999999584, 2.950000000000001066 ) ) ;
#7802 = DIRECTION ( 'NONE',  ( 0.000000000000000000, 0.000000000000000000, 1.000000000000000000 ) ) ;
#7803 = VERTEX_POINT ( 'NONE', #5559 ) ;
#7804 = VECTOR ( 'NONE', #7897, 1000.000000000000000 ) ;
#7805 = EDGE_CURVE ( 'NONE', #8064, #3457, #7600, .T. ) ;
#7806 = DIRECTION ( 'NONE',  ( 0.000000000000000000, -1.000000000000000000, 0.000000000000000000 ) ) ;
#7807 = DIRECTION ( 'NONE',  ( 0.000000000000000000, -1.000000000000000000, 0.000000000000000000 ) ) ;
#7808 = EDGE_CURVE ( 'NONE', #7388, #2740, #6364, .T. ) ;
#7809 = ORIENTED_EDGE ( 'NONE', *, *, #6644, .T. ) ;
#7810 = PRESENTATION_STYLE_ASSIGNMENT (( #766 ) ) ;
#7811 = DIRECTION ( 'NONE',  ( -6.195440985631455317E-17, 0.000000000000000000, 1.000000000000000000 ) ) ;
#7812 = LINE ( 'NONE', #1786, #6587 ) ;
#7813 = DIRECTION ( 'NONE',  ( -1.000000000000000000, 0.000000000000000000, 0.000000000000000000 ) ) ;
#7814 =( NAMED_UNIT ( * ) PLANE_ANGLE_UNIT ( ) SI_UNIT ( $, .RADIAN. ) );
#7815 = FACE_OUTER_BOUND ( 'NONE', #6680, .T. ) ;
#7816 = CARTESIAN_POINT ( 'NONE',  ( 0.000000000000000000, 0.000000000000000000, 0.000000000000000000 ) ) ;
#7817 = EDGE_CURVE ( 'NONE', #642, #2629, #2824, .T. ) ;
#7818 = CARTESIAN_POINT ( 'NONE',  ( 0.000000000000000000, 0.05000000000000000278, 2.950000000000001066 ) ) ;
#7819 = VERTEX_POINT ( 'NONE', #71 ) ;
#7820 = LINE ( 'NONE', #8252, #4405 ) ;
#7821 = LINE ( 'NONE', #1352, #5863 ) ;
#7822 = EDGE_CURVE ( 'NONE', #1228, #430, #6738, .T. ) ;
#7823 = DIRECTION ( 'NONE',  ( 0.000000000000000000, 0.000000000000000000, -1.000000000000000000 ) ) ;
#7824 = DIRECTION ( 'NONE',  ( -0.000000000000000000, -0.000000000000000000, 1.000000000000000000 ) ) ;
#7825 = VECTOR ( 'NONE', #5846, 1000.000000000000000 ) ;
#7826 = CARTESIAN_POINT ( 'NONE',  ( 3.500000000000000444, 0.1999999999999999833, -1.475000000000000089 ) ) ;
#7827 = AXIS2_PLACEMENT_3D ( 'NONE', #5745, #8008, #7296 ) ;
#7828 = EDGE_CURVE ( 'NONE', #8844, #7643, #8204, .T. ) ;
#7829 = ORIENTED_EDGE ( 'NONE', *, *, #9246, .T. ) ;
#7830 = PLANE ( 'NONE',  #649 ) ;
#7831 = EDGE_LOOP ( 'NONE', ( #3010, #5603, #2693, #3191 ) ) ;
#7832 = VERTEX_POINT ( 'NONE', #838 ) ;
#7833 = LINE ( 'NONE', #3108, #8086 ) ;
#7834 = CARTESIAN_POINT ( 'NONE',  ( -3.500000000000000444, 0.8264982043070829842, -2.424999999999999378 ) ) ;
#7835 = DIRECTION ( 'NONE',  ( 0.000000000000000000, 0.000000000000000000, 1.000000000000000000 ) ) ;
#7836 = DIRECTION ( 'NONE',  ( 0.000000000000000000, 0.000000000000000000, -1.000000000000000000 ) ) ;
#7837 = ORIENTED_EDGE ( 'NONE', *, *, #9773, .F. ) ;
#7838 = CARTESIAN_POINT ( 'NONE',  ( 0.4749999999999997558, 0.8264982043070834283, 2.950000000000001066 ) ) ;
#7839 = VECTOR ( 'NONE', #1525, 1000.000000000000000 ) ;
#7840 = ORIENTED_EDGE ( 'NONE', *, *, #1107, .T. ) ;
#7841 = DIRECTION ( 'NONE',  ( -6.195440985631454085E-17, -0.000000000000000000, 1.000000000000000000 ) ) ;
#7842 = AXIS2_PLACEMENT_3D ( 'NONE', #9836, #450, #3503 ) ;
#7843 = DIRECTION ( 'NONE',  ( 1.000000000000000000, 0.000000000000000000, 0.000000000000000000 ) ) ;
#7844 = VECTOR ( 'NONE', #4506, 1000.000000000000000 ) ;
#7845 = FACE_OUTER_BOUND ( 'NONE', #4852, .T. ) ;
#7846 = PLANE ( 'NONE',  #5163 ) ;
#7847 = ORIENTED_EDGE ( 'NONE', *, *, #9370, .T. ) ;
#7848 = CARTESIAN_POINT ( 'NONE',  ( 0.4749999999999997558, 0.2000000000000000111, 2.950000000000001066 ) ) ;
#7849 = ADVANCED_FACE ( 'NONE', ( #8812 ), #2364, .F. ) ;
#7850 = ORIENTED_EDGE ( 'NONE', *, *, #4886, .F. ) ;
#7851 = DIRECTION ( 'NONE',  ( 1.000000000000000000, 0.000000000000000000, -0.000000000000000000 ) ) ;
#7852 = ORIENTED_EDGE ( 'NONE', *, *, #6621, .T. ) ;
#7853 = LINE ( 'NONE', #8007, #2087 ) ;
#7854 = CARTESIAN_POINT ( 'NONE',  ( 0.000000000000000000, 0.05000000000000000278, -1.124999999999999334 ) ) ;
#7855 = LINE ( 'NONE', #9259, #6256 ) ;
#7856 = AXIS2_PLACEMENT_3D ( 'NONE', #9398, #4724, #10186 ) ;
#7857 = VERTEX_POINT ( 'NONE', #7169 ) ;
#7858 = ORIENTED_EDGE ( 'NONE', *, *, #9314, .F. ) ;
#7859 = ORIENTED_EDGE ( 'NONE', *, *, #2438, .F. ) ;
#7860 = PLANE ( 'NONE',  #4165 ) ;
#7861 = ORIENTED_EDGE ( 'NONE', *, *, #1676, .F. ) ;
#7862 = ORIENTED_EDGE ( 'NONE', *, *, #4345, .F. ) ;
#7863 = DIRECTION ( 'NONE',  ( 1.000000000000000000, 0.000000000000000000, 0.000000000000000000 ) ) ;
#7864 = ORIENTED_EDGE ( 'NONE', *, *, #8925, .F. ) ;
#7865 = CARTESIAN_POINT ( 'NONE',  ( -2.125000000000000000, 0.000000000000000000, -3.500000000000000444 ) ) ;
#7866 = CARTESIAN_POINT ( 'NONE',  ( 2.425000000000000266, 0.000000000000000000, -3.500000000000000444 ) ) ;
#7868 = VECTOR ( 'NONE', #6561, 1000.000000000000000 ) ;
#7867 = DIRECTION ( 'NONE',  ( 0.000000000000000000, -1.000000000000000000, 0.000000000000000000 ) ) ;
#7869 = ORIENTED_EDGE ( 'NONE', *, *, #7883, .F. ) ;
#7870 = ORIENTED_EDGE ( 'NONE', *, *, #7301, .F. ) ;
#7871 = CARTESIAN_POINT ( 'NONE',  ( 3.250000000000000000, 0.2000000000000000111, 0.000000000000000000 ) ) ;
#7872 = EDGE_LOOP ( 'NONE', ( #2035, #966, #4745, #3203 ) ) ;
#7873 = PLANE ( 'NONE',  #7659 ) ;
#7874 = VECTOR ( 'NONE', #6201, 1000.000000000000000 ) ;
#7875 = DIRECTION ( 'NONE',  ( -1.000000000000000000, 0.000000000000000000, 0.000000000000000000 ) ) ;
#7876 = ORIENTED_EDGE ( 'NONE', *, *, #1623, .F. ) ;
#7877 = CARTESIAN_POINT ( 'NONE',  ( 0.000000000000000000, 0.05000000000000000278, 0.1750000000000006828 ) ) ;
#7878 = EDGE_CURVE ( 'NONE', #68, #6607, #456, .T. ) ;
#7879 = CARTESIAN_POINT ( 'NONE',  ( 2.950000000000000178, 0.8264982043070829842, -0.1750000000000002387 ) ) ;
#7880 = LINE ( 'NONE', #2789, #5076 ) ;
#7881 = DIRECTION ( 'NONE',  ( -1.000000000000000000, 0.000000000000000000, 0.000000000000000000 ) ) ;
#7882 = VERTEX_POINT ( 'NONE', #4735 ) ;
#7883 = EDGE_CURVE ( 'NONE', #616, #6262, #4538, .T. ) ;
#7884 = CARTESIAN_POINT ( 'NONE',  ( -0.1749999999999993783, 0.8264982043070834283, 3.500000000000001332 ) ) ;
#7885 = VERTEX_POINT ( 'NONE', #3936 ) ;
#7886 = CARTESIAN_POINT ( 'NONE',  ( 3.500000000000000444, 0.2000000000000005107, 2.125000000000000888 ) ) ;
#7887 = CARTESIAN_POINT ( 'NONE',  ( -2.950000000000000178, 0.8264982043070829842, -2.125000000000000000 ) ) ;
#7889 = EDGE_CURVE ( 'NONE', #6526, #3994, #4658, .T. ) ;
#7888 = PRESENTATION_STYLE_ASSIGNMENT (( #2829 ) ) ;
#7890 = CARTESIAN_POINT ( 'NONE',  ( 2.950000000000000178, 0.8264982043070829842, -0.8250000000000001776 ) ) ;
#7891 = DIRECTION ( 'NONE',  ( 0.000000000000000000, 1.000000000000000000, 0.000000000000000000 ) ) ;
#7892 = ORIENTED_EDGE ( 'NONE', *, *, #10159, .F. ) ;
#7893 = LINE ( 'NONE', #1926, #5812 ) ;
#7894 = EDGE_LOOP ( 'NONE', ( #5505, #7392, #723, #7517 ) ) ;
#7895 = DIRECTION ( 'NONE',  ( -0.000000000000000000, -1.000000000000000000, -0.000000000000000000 ) ) ;
#7896 = DIRECTION ( 'NONE',  ( 0.000000000000000000, -1.000000000000000000, 0.000000000000000000 ) ) ;
#7897 = DIRECTION ( 'NONE',  ( -0.000000000000000000, -1.000000000000000000, -0.000000000000000000 ) ) ;
#7898 = VERTEX_POINT ( 'NONE', #9407 ) ;
#7899 = DIRECTION ( 'NONE',  ( -0.000000000000000000, 0.000000000000000000, -1.000000000000000000 ) ) ;
#7900 = AXIS2_PLACEMENT_3D ( 'NONE', #7432, #7508, #5949 ) ;
#7901 = MECHANICAL_DESIGN_GEOMETRIC_PRESENTATION_REPRESENTATION (  '', ( #2121 ), #6458 ) ;
#7902 = DIRECTION ( 'NONE',  ( -0.000000000000000000, -0.000000000000000000, 1.000000000000000000 ) ) ;
#7903 = VECTOR ( 'NONE', #6578, 1000.000000000000000 ) ;
#7904 = CARTESIAN_POINT ( 'NONE',  ( -3.500000000000000444, 0.1999999999999999833, 2.425000000000000266 ) ) ;
#7905 = VECTOR ( 'NONE', #1387, 1000.000000000000000 ) ;
#7906 = ORIENTED_EDGE ( 'NONE', *, *, #252, .T. ) ;
#7907 = CARTESIAN_POINT ( 'NONE',  ( 2.424999999999999378, 0.8264982043070834283, -2.950000000000000178 ) ) ;
#7908 = CARTESIAN_POINT ( 'NONE',  ( 2.950000000000000178, 0.1999999999999999833, -0.8250000000000001776 ) ) ;
#7909 = ORIENTED_EDGE ( 'NONE', *, *, #9910, .F. ) ;
#7910 = CARTESIAN_POINT ( 'NONE',  ( -2.350000000000000089, -0.000000000000000000, -2.350000000000000533 ) ) ;
#7911 = DIRECTION ( 'NONE',  ( 1.000000000000000000, 0.000000000000000000, 0.000000000000000000 ) ) ;
#7912 = CARTESIAN_POINT ( 'NONE',  ( -2.950000000000000178, 0.8264982043070829842, 0.8250000000000006217 ) ) ;
#7913 = LINE ( 'NONE', #8945, #1160 ) ;
#7914 = ORIENTED_EDGE ( 'NONE', *, *, #9446, .T. ) ;
#7915 = FACE_OUTER_BOUND ( 'NONE', #2191, .T. ) ;
#7916 = VECTOR ( 'NONE', #6018, 1000.000000000000000 ) ;
#7917 = EDGE_LOOP ( 'NONE', ( #4172, #3218, #3370, #2324 ) ) ;
#7918 = DIRECTION ( 'NONE',  ( -1.000000000000000000, 0.000000000000000000, 0.000000000000000000 ) ) ;
#7919 = CARTESIAN_POINT ( 'NONE',  ( -2.950000000000000178, 0.1999999999999999833, 1.124999999999999778 ) ) ;
#7920 = DIRECTION ( 'NONE',  ( 1.000000000000000000, -0.000000000000000000, -0.000000000000000000 ) ) ;
#7921 = PLANE ( 'NONE',  #4866 ) ;
#7922 = ORIENTED_EDGE ( 'NONE', *, *, #4007, .F. ) ;
#7923 = ORIENTED_EDGE ( 'NONE', *, *, #3033, .T. ) ;
#7924 = VECTOR ( 'NONE', #3208, 1000.000000000000000 ) ;
#7925 = CIRCLE ( 'NONE', #8716, 0.1999999999999996503 ) ;
#7926 = LINE ( 'NONE', #4072, #5843 ) ;
#7927 = FACE_OUTER_BOUND ( 'NONE', #8842, .T. ) ;
#7928 = ORIENTED_EDGE ( 'NONE', *, *, #3487, .F. ) ;
#7929 = VECTOR ( 'NONE', #1188, 1000.000000000000000 ) ;
#7930 = AXIS2_PLACEMENT_3D ( 'NONE', #7462, #5913, #1999 ) ;
#7931 = CARTESIAN_POINT ( 'NONE',  ( 2.424999999999999378, 0.2000000000000000111, -2.950000000000000178 ) ) ;
#7932 = LINE ( 'NONE', #4481, #422 ) ;
#7933 = SURFACE_STYLE_USAGE ( .BOTH. , #4041 ) ;
#7934 = EDGE_CURVE ( 'NONE', #7143, #2478, #4418, .T. ) ;
#7935 = VECTOR ( 'NONE', #162, 1000.000000000000000 ) ;
#7936 = DIRECTION ( 'NONE',  ( 0.000000000000000000, -0.000000000000000000, 1.000000000000000000 ) ) ;
#7937 = PLANE ( 'NONE',  #805 ) ;
#7938 = EDGE_CURVE ( 'NONE', #3718, #1724, #1951, .T. ) ;
#7939 = ORIENTED_EDGE ( 'NONE', *, *, #4549, .T. ) ;
#7940 = LINE ( 'NONE', #4117, #4032 ) ;
#7941 = CARTESIAN_POINT ( 'NONE',  ( -0.4749999999999993117, 0.2000000000000000111, 2.950000000000001066 ) ) ;
#7942 = CARTESIAN_POINT ( 'NONE',  ( -2.950000000000000178, 0.1999999999999999833, -0.1750000000000002387 ) ) ;
#7943 = CARTESIAN_POINT ( 'NONE',  ( 2.950000000000000178, 0.1999999999999999833, 2.425000000000000266 ) ) ;
#7944 = LINE ( 'NONE', #2810, #5495 ) ;
#7945 = DIRECTION ( 'NONE',  ( 1.000000000000000000, 0.000000000000000000, 0.000000000000000000 ) ) ;
#7946 = DIRECTION ( 'NONE',  ( 1.000000000000000000, 0.000000000000000000, -0.000000000000000000 ) ) ;
#7947 = VECTOR ( 'NONE', #6380, 1000.000000000000000 ) ;
#7948 = EDGE_CURVE ( 'NONE', #6873, #7757, #1685, .T. ) ;
#7949 = ORIENTED_EDGE ( 'NONE', *, *, #8087, .T. ) ;
#7950 = AXIS2_PLACEMENT_3D ( 'NONE', #4665, #9366, #7740 ) ;
#7951 = PLANE ( 'NONE',  #6908 ) ;
#7952 = UNCERTAINTY_MEASURE_WITH_UNIT (LENGTH_MEASURE( 1.000000000000000082E-05 ), #3245, 'distance_accuracy_value', 'NONE');
#7953 = VERTEX_POINT ( 'NONE', #3248 ) ;
#7954 = VECTOR ( 'NONE', #2484, 1000.000000000000000 ) ;
#7955 = DIRECTION ( 'NONE',  ( 0.000000000000000000, 0.000000000000000000, 1.000000000000000000 ) ) ;
#7956 = CARTESIAN_POINT ( 'NONE',  ( 1.774999999999999689, 0.000000000000000000, 2.950000000000001066 ) ) ;
#7957 = ADVANCED_FACE ( 'NONE', ( #6354 ), #6223, .F. ) ;
#7958 = LINE ( 'NONE', #6494, #6473 ) ;
#7959 = EDGE_CURVE ( 'NONE', #274, #1752, #9171, .T. ) ;
#7961 = LINE ( 'NONE', #4799, #713 ) ;
#7960 = DIRECTION ( 'NONE',  ( -0.000000000000000000, -0.000000000000000000, 1.000000000000000000 ) ) ;
#7962 = ORIENTED_EDGE ( 'NONE', *, *, #8992, .F. ) ;
#7963 = ORIENTED_EDGE ( 'NONE', *, *, #5723, .F. ) ;
#7964 = ADVANCED_FACE ( 'NONE', ( #4042 ), #2539, .F. ) ;
#7965 = VERTEX_POINT ( 'NONE', #6531 ) ;
#7966 = LINE ( 'NONE', #6493, #2947 ) ;
#7967 = EDGE_CURVE ( 'NONE', #4386, #10004, #7958, .T. ) ;
#7968 = VERTEX_POINT ( 'NONE', #107 ) ;
#7969 = PLANE ( 'NONE',  #5940 ) ;
#7970 = DIRECTION ( 'NONE',  ( 0.000000000000000000, 0.000000000000000000, -1.000000000000000000 ) ) ;
#7971 = FACE_OUTER_BOUND ( 'NONE', #1075, .T. ) ;
#7972 = DIRECTION ( 'NONE',  ( -0.000000000000000000, 0.000000000000000000, 1.000000000000000000 ) ) ;
#7973 = AXIS2_PLACEMENT_3D ( 'NONE', #1729, #1656, #7983 ) ;
#7974 = AXIS2_PLACEMENT_3D ( 'NONE', #8450, #9318, #10095 ) ;
#7975 = VECTOR ( 'NONE', #6912, 1000.000000000000000 ) ;
#7976 =( LENGTH_UNIT ( ) NAMED_UNIT ( * ) SI_UNIT ( .MILLI., .METRE. ) );
#7978 = ORIENTED_EDGE ( 'NONE', *, *, #2423, .T. ) ;
#7977 = DIRECTION ( 'NONE',  ( 0.000000000000000000, 0.000000000000000000, 1.000000000000000000 ) ) ;
#7979 = VECTOR ( 'NONE', #169, 1000.000000000000000 ) ;
#7980 = CARTESIAN_POINT ( 'NONE',  ( -3.100000000000000977, 0.8000000000000000444, -3.300000000000000711 ) ) ;
#7981 = VECTOR ( 'NONE', #1026, 1000.000000000000000 ) ;
#7982 = VECTOR ( 'NONE', #2479, 1000.000000000000000 ) ;
#7983 = DIRECTION ( 'NONE',  ( 0.000000000000000000, 0.000000000000000000, -1.000000000000000000 ) ) ;
#7984 = CARTESIAN_POINT ( 'NONE',  ( 0.000000000000000000, 0.2000000000000000111, 0.000000000000000000 ) ) ;
#7985 = DIRECTION ( 'NONE',  ( 1.239088197126291063E-16, -0.000000000000000000, 1.000000000000000000 ) ) ;
#7986 = STYLED_ITEM ( 'NONE', ( #1687 ), #5195 ) ;
#7987 = CARTESIAN_POINT ( 'NONE',  ( -1.774999999999999245, 0.2000000000000002054, 3.500000000000001332 ) ) ;
#7988 = VERTEX_POINT ( 'NONE', #9621 ) ;
#7989 = ORIENTED_EDGE ( 'NONE', *, *, #1765, .F. ) ;
#7990 = ORIENTED_EDGE ( 'NONE', *, *, #6644, .F. ) ;
#7991 = SURFACE_STYLE_FILL_AREA ( #6712 ) ;
#7992 = DIRECTION ( 'NONE',  ( 1.577021341797097018E-15, 0.000000000000000000, -1.000000000000000000 ) ) ;
#7993 = LINE ( 'NONE', #5849, #1977 ) ;
#7994 = DIRECTION ( 'NONE',  ( 1.000000000000000000, -0.000000000000000000, -0.000000000000000000 ) ) ;
#7995 = PLANE ( 'NONE',  #2511 ) ;
#7996 = ORIENTED_EDGE ( 'NONE', *, *, #360, .F. ) ;
#7997 = ORIENTED_EDGE ( 'NONE', *, *, #8009, .T. ) ;
#7998 = EDGE_LOOP ( 'NONE', ( #5629, #2502, #1845, #3688 ) ) ;
#7999 = DIRECTION ( 'NONE',  ( 0.000000000000000000, 0.000000000000000000, 1.000000000000000000 ) ) ;
#8000 = VERTEX_POINT ( 'NONE', #9657 ) ;
#8001 = LINE ( 'NONE', #1991, #994 ) ;
#8002 = ORIENTED_EDGE ( 'NONE', *, *, #2694, .T. ) ;
#8003 = CIRCLE ( 'NONE', #7258, 0.1999999999999996503 ) ;
#8004 = EDGE_CURVE ( 'NONE', #274, #9077, #7474, .T. ) ;
#8005 = ORIENTED_EDGE ( 'NONE', *, *, #4345, .T. ) ;
#8006 = APPLICATION_CONTEXT ( 'automotive_design' ) ;
#8007 = CARTESIAN_POINT ( 'NONE',  ( -2.124999999999999112, 0.8264982043070834283, 3.500000000000001332 ) ) ;
#8008 = DIRECTION ( 'NONE',  ( 9.227252531791527858E-17, 0.000000000000000000, -1.000000000000000000 ) ) ;
#8009 = EDGE_CURVE ( 'NONE', #3618, #4079, #5379, .T. ) ;
#8010 = LINE ( 'NONE', #6816, #8355 ) ;
#8011 = CARTESIAN_POINT ( 'NONE',  ( -3.500000000000000444, 0.8264982043070829842, 1.475000000000000533 ) ) ;
#8012 = ADVANCED_FACE ( 'NONE', ( #571 ), #3281, .F. ) ;
#8013 = VECTOR ( 'NONE', #6267, 1000.000000000000000 ) ;
#8014 = DIRECTION ( 'NONE',  ( 0.000000000000000000, -0.000000000000000000, 1.000000000000000000 ) ) ;
#8015 = EDGE_CURVE ( 'NONE', #1680, #1575, #444, .T. ) ;
#8016 = AXIS2_PLACEMENT_3D ( 'NONE', #9671, #8318, #1299 ) ;
#8017 = ORIENTED_EDGE ( 'NONE', *, *, #8869, .F. ) ;
#8018 = CARTESIAN_POINT ( 'NONE',  ( -2.950000000000000178, 0.8264982043070829842, -1.774999999999999245 ) ) ;
#8019 = CARTESIAN_POINT ( 'NONE',  ( 2.950000000000000178, 0.8264982043070829842, -0.1750000000000002387 ) ) ;
#8020 = ADVANCED_FACE ( 'NONE', ( #5873 ), #7341, .T. ) ;
#8021 = DIRECTION ( 'NONE',  ( 0.000000000000000000, -1.000000000000000000, 0.000000000000000000 ) ) ;
#8022 = VERTEX_POINT ( 'NONE', #9588 ) ;
#8023 = PLANE ( 'NONE',  #5256 ) ;
#8024 = PLANE ( 'NONE',  #8562 ) ;
#8025 = CARTESIAN_POINT ( 'NONE',  ( -2.125000000000000888, 0.8264982043070834283, -2.950000000000000178 ) ) ;
#8026 = VECTOR ( 'NONE', #2998, 1000.000000000000000 ) ;
#8027 = EDGE_CURVE ( 'NONE', #6036, #10063, #2937, .T. ) ;
#8028 = DIRECTION ( 'NONE',  ( -0.000000000000000000, 0.000000000000000000, -1.000000000000000000 ) ) ;
#8029 = ORIENTED_EDGE ( 'NONE', *, *, #3295, .T. ) ;
#8030 = CARTESIAN_POINT ( 'NONE',  ( -0.4750000000000001443, 0.000000000000000000, -3.500000000000000444 ) ) ;
#8031 = CARTESIAN_POINT ( 'NONE',  ( 1.474999999999999645, 0.1999999999999999833, -2.950000000000000178 ) ) ;
#8032 = EDGE_CURVE ( 'NONE', #1230, #5695, #2187, .T. ) ;
#8033 = CARTESIAN_POINT ( 'NONE',  ( 1.300000000000000044, 0.000000000000000000, 0.000000000000000000 ) ) ;
#8034 = LINE ( 'NONE', #8251, #7903 ) ;
#8035 = AXIS2_PLACEMENT_3D ( 'NONE', #2312, #18, #4613 ) ;
#8036 = EDGE_CURVE ( 'NONE', #1544, #9985, #4648, .T. ) ;
#8037 = PRESENTATION_STYLE_ASSIGNMENT (( #4211 ) ) ;
#8038 = ORIENTED_EDGE ( 'NONE', *, *, #7184, .T. ) ;
#8039 = ORIENTED_EDGE ( 'NONE', *, *, #2983, .F. ) ;
#8040 = CARTESIAN_POINT ( 'NONE',  ( -3.100000000000000977, 0.6999999999999999556, -3.300000000000000711 ) ) ;
#8041 = DIRECTION ( 'NONE',  ( 1.577021341797097215E-15, 0.000000000000000000, 1.000000000000000000 ) ) ;
#8042 = ORIENTED_EDGE ( 'NONE', *, *, #2236, .F. ) ;
#8043 = LINE ( 'NONE', #3364, #6188 ) ;
#8044 = LINE ( 'NONE', #8707, #661 ) ;
#8045 = ORIENTED_EDGE ( 'NONE', *, *, #4273, .T. ) ;
#8046 = AXIS2_PLACEMENT_3D ( 'NONE', #3571, #4433, #2012 ) ;
#8047 = ORIENTED_EDGE ( 'NONE', *, *, #1573, .F. ) ;
#8048 = FACE_OUTER_BOUND ( 'NONE', #8129, .T. ) ;
#8049 = CARTESIAN_POINT ( 'NONE',  ( -2.424999999999999378, 0.1999999999999999833, 2.950000000000001066 ) ) ;
#8050 = LINE ( 'NONE', #9011, #4741 ) ;
#8051 = LINE ( 'NONE', #7593, #9989 ) ;
#8052 = CARTESIAN_POINT ( 'NONE',  ( -1.474999999999999423, 0.8264982043070834283, 3.500000000000001332 ) ) ;
#8053 = VERTEX_POINT ( 'NONE', #974 ) ;
#8054 = CARTESIAN_POINT ( 'NONE',  ( -2.950000000000000178, 0.1999999999999999833, -1.774999999999999245 ) ) ;
#8055 = DIRECTION ( 'NONE',  ( 1.000000000000000000, 0.000000000000000000, 0.000000000000000000 ) ) ;
#8056 = ORIENTED_EDGE ( 'NONE', *, *, #2043, .F. ) ;
#8057 = ORIENTED_EDGE ( 'NONE', *, *, #582, .F. ) ;
#8058 = PLANE ( 'NONE',  #8160 ) ;
#8059 = LINE ( 'NONE', #4347, #3867 ) ;
#8060 = AXIS2_PLACEMENT_3D ( 'NONE', #6658, #312, #5826 ) ;
#8061 = DIRECTION ( 'NONE',  ( -1.000000000000000000, 0.000000000000000000, 0.000000000000000000 ) ) ;
#8062 = LINE ( 'NONE', #99, #5974 ) ;
#8063 = DIRECTION ( 'NONE',  ( 0.000000000000000000, -1.000000000000000000, 0.000000000000000000 ) ) ;
#8064 = VERTEX_POINT ( 'NONE', #4088 ) ;
#8065 = FACE_OUTER_BOUND ( 'NONE', #7186, .T. ) ;
#8066 = ADVANCED_FACE ( 'NONE', ( #6605 ), #3355, .F. ) ;
#8067 = LINE ( 'NONE', #7520, #3045 ) ;
#8068 = UNCERTAINTY_MEASURE_WITH_UNIT (LENGTH_MEASURE( 1.000000000000000082E-05 ), #503, 'distance_accuracy_value', 'NONE');
#8069 = AXIS2_PLACEMENT_3D ( 'NONE', #1003, #3378, #8920 ) ;
#8070 = ORIENTED_EDGE ( 'NONE', *, *, #9779, .T. ) ;
#8071 = VECTOR ( 'NONE', #1127, 1000.000000000000000 ) ;
#8072 = EDGE_CURVE ( 'NONE', #5058, #7289, #7711, .T. ) ;
#8073 = VECTOR ( 'NONE', #4003, 1000.000000000000000 ) ;
#8074 = VECTOR ( 'NONE', #4684, 1000.000000000000000 ) ;
#8075 = EDGE_LOOP ( 'NONE', ( #259, #7483, #7978, #5472 ) ) ;
#8076 = SURFACE_STYLE_USAGE ( .BOTH. , #1756 ) ;
#8077 = EDGE_CURVE ( 'NONE', #9156, #7138, #5634, .T. ) ;
#8078 = ORIENTED_EDGE ( 'NONE', *, *, #9310, .T. ) ;
#8079 = CARTESIAN_POINT ( 'NONE',  ( 0.000000000000000000, 0.000000000000000000, 0.6500000000000000222 ) ) ;
#8080 = PRODUCT ( 'T3277+3', 'T3277+3', '', ( #7294 ) ) ;
#8081 = MANIFOLD_SOLID_BREP ( 'Boss-Extrude5', #6273 ) ;
#8082 = ORIENTED_EDGE ( 'NONE', *, *, #5137, .T. ) ;
#8083 = FACE_OUTER_BOUND ( 'NONE', #3974, .T. ) ;
#8084 = DIRECTION ( 'NONE',  ( -1.577021341797097215E-15, 0.000000000000000000, 1.000000000000000000 ) ) ;
#8085 = DIRECTION ( 'NONE',  ( 1.000000000000000000, 0.000000000000000000, -0.000000000000000000 ) ) ;
#8086 = VECTOR ( 'NONE', #4685, 1000.000000000000000 ) ;
#8087 = EDGE_CURVE ( 'NONE', #8569, #5882, #8425, .T. ) ;
#8088 = SURFACE_STYLE_USAGE ( .BOTH. , #3122 ) ;
#8089 = AXIS2_PLACEMENT_3D ( 'NONE', #8622, #1570, #4675 ) ;
#8090 = CARTESIAN_POINT ( 'NONE',  ( -1.775000000000000133, 0.04999999999999999584, -2.950000000000000178 ) ) ;
#8091 = ORIENTED_EDGE ( 'NONE', *, *, #4231, .T. ) ;
#8092 = PLANE ( 'NONE',  #8286 ) ;
#8093 = ORIENTED_EDGE ( 'NONE', *, *, #7646, .T. ) ;
#8094 = EDGE_LOOP ( 'NONE', ( #4895, #4446, #998, #6508 ) ) ;
#8095 = LINE ( 'NONE', #2207, #3680 ) ;
#8096 = PLANE ( 'NONE',  #8016 ) ;
#8097 = CARTESIAN_POINT ( 'NONE',  ( 2.950000000000000178, 0.000000000000000000, -0.1750000000000002387 ) ) ;
#8098 = FACE_OUTER_BOUND ( 'NONE', #6937, .T. ) ;
#8099 = VERTEX_POINT ( 'NONE', #330 ) ;
#8100 = ORIENTED_EDGE ( 'NONE', *, *, #695, .F. ) ;
#8101 = ORIENTED_EDGE ( 'NONE', *, *, #8849, .F. ) ;
#8102 = ORIENTED_EDGE ( 'NONE', *, *, #8782, .T. ) ;
#8103 = CARTESIAN_POINT ( 'NONE',  ( 2.125000000000000000, 0.8264982043070834283, -3.500000000000000444 ) ) ;
#8104 = AXIS2_PLACEMENT_3D ( 'NONE', #7013, #7708, #6255 ) ;
#8105 =( GEOMETRIC_REPRESENTATION_CONTEXT ( 3 ) GLOBAL_UNCERTAINTY_ASSIGNED_CONTEXT ( ( #6684 ) ) GLOBAL_UNIT_ASSIGNED_CONTEXT ( ( #1018, #6404, #7318 ) ) REPRESENTATION_CONTEXT ( 'NONE', 'WORKASPACE' ) );
#8106 = ORIENTED_EDGE ( 'NONE', *, *, #2023, .F. ) ;
#8107 = VECTOR ( 'NONE', #9716, 1000.000000000000000 ) ;
#8108 = VECTOR ( 'NONE', #1974, 1000.000000000000000 ) ;
#8109 = ORIENTED_EDGE ( 'NONE', *, *, #4809, .F. ) ;
#8110 = ORIENTED_EDGE ( 'NONE', *, *, #89, .F. ) ;
#8111 = ORIENTED_EDGE ( 'NONE', *, *, #7170, .F. ) ;
#8112 = SURFACE_SIDE_STYLE ('',( #9867 ) ) ;
#8113 = ORIENTED_EDGE ( 'NONE', *, *, #2293, .F. ) ;
#8114 = PLANE ( 'NONE',  #4842 ) ;
#8115 = ORIENTED_EDGE ( 'NONE', *, *, #8726, .T. ) ;
#8116 = PRESENTATION_STYLE_ASSIGNMENT (( #7148 ) ) ;
#8117 = CARTESIAN_POINT ( 'NONE',  ( 2.950000000000000178, 0.05000000000000002359, -2.125000000000000000 ) ) ;
#8118 = EDGE_LOOP ( 'NONE', ( #6586, #9974, #3372, #6997 ) ) ;
#8119 = ADVANCED_FACE ( 'NONE', ( #4291 ), #5146, .F. ) ;
#8120 = VECTOR ( 'NONE', #1870, 1000.000000000000000 ) ;
#8121 = CARTESIAN_POINT ( 'NONE',  ( -1.124999999999999334, 0.2000000000000002054, 3.500000000000001332 ) ) ;
#8122 = ORIENTED_EDGE ( 'NONE', *, *, #3995, .T. ) ;
#8124 = ORIENTED_EDGE ( 'NONE', *, *, #1962, .F. ) ;
#8123 = ADVANCED_FACE ( 'NONE', ( #828 ), #6599, .T. ) ;
#8125 = ORIENTED_EDGE ( 'NONE', *, *, #926, .F. ) ;
#8126 = PLANE ( 'NONE',  #4825 ) ;
#8127 = VECTOR ( 'NONE', #6271, 1000.000000000000000 ) ;
#8128 = CARTESIAN_POINT ( 'NONE',  ( 1.474999999999999645, 0.2000000000000000111, -2.950000000000000178 ) ) ;
#8129 = EDGE_LOOP ( 'NONE', ( #6062, #9465, #8269, #3465 ) ) ;
#8130 = DIRECTION ( 'NONE',  ( -1.000000000000000000, 0.000000000000000000, 0.000000000000000000 ) ) ;
#8131 = LINE ( 'NONE', #2548, #4218 ) ;
#8132 = CARTESIAN_POINT ( 'NONE',  ( 0.000000000000000000, 0.05000000000000000278, 1.124999999999999778 ) ) ;
#8133 = VERTEX_POINT ( 'NONE', #266 ) ;
#8134 = CARTESIAN_POINT ( 'NONE',  ( 1.124999999999999778, 0.000000000000000000, 2.950000000000001066 ) ) ;
#8135 =( GEOMETRIC_REPRESENTATION_CONTEXT ( 3 ) GLOBAL_UNCERTAINTY_ASSIGNED_CONTEXT ( ( #3118 ) ) GLOBAL_UNIT_ASSIGNED_CONTEXT ( ( #712, #5490, #747 ) ) REPRESENTATION_CONTEXT ( 'NONE', 'WORKASPACE' ) );
#8136 = VERTEX_POINT ( 'NONE', #6707 ) ;
#8137 = EDGE_CURVE ( 'NONE', #6036, #1250, #9292, .T. ) ;
#8138 = DIRECTION ( 'NONE',  ( 1.000000000000000000, 0.000000000000000000, 0.000000000000000000 ) ) ;
#8139 = VECTOR ( 'NONE', #6759, 1000.000000000000000 ) ;
#8140 = CARTESIAN_POINT ( 'NONE',  ( -3.500000000000000444, 0.8264982043070829842, -1.124999999999999334 ) ) ;
#8141 = ORIENTED_EDGE ( 'NONE', *, *, #3735, .F. ) ;
#8142 = EDGE_CURVE ( 'NONE', #8339, #4862, #4900, .T. ) ;
#8143 = DIRECTION ( 'NONE',  ( -1.000000000000000000, 0.000000000000000000, 1.577021341797097215E-15 ) ) ;
#8145 = EDGE_CURVE ( 'NONE', #8476, #5810, #6961, .T. ) ;
#8144 = LINE ( 'NONE', #6939, #2639 ) ;
#8146 = ORIENTED_EDGE ( 'NONE', *, *, #9061, .T. ) ;
#8147 = CARTESIAN_POINT ( 'NONE',  ( -3.500000000000000000, 0.05000000000000000278, 3.500000000000000444 ) ) ;
#8148 =( GEOMETRIC_REPRESENTATION_CONTEXT ( 3 ) GLOBAL_UNCERTAINTY_ASSIGNED_CONTEXT ( ( #1216 ) ) GLOBAL_UNIT_ASSIGNED_CONTEXT ( ( #8556, #7814, #3874 ) ) REPRESENTATION_CONTEXT ( 'NONE', 'WORKASPACE' ) );
#8149 = VERTEX_POINT ( 'NONE', #9725 ) ;
#8150 = CARTESIAN_POINT ( 'NONE',  ( -2.950000000000000178, 0.05000000000000002359, -1.124999999999999334 ) ) ;
#8151 = EDGE_CURVE ( 'NONE', #3457, #8192, #8935, .T. ) ;
#8152 = CARTESIAN_POINT ( 'NONE',  ( -0.8250000000000010658, 0.8264982043070834283, -2.950000000000000178 ) ) ;
#8153 = PRESENTATION_STYLE_ASSIGNMENT (( #2177 ) ) ;
#8154 = ORIENTED_EDGE ( 'NONE', *, *, #7959, .T. ) ;
#8155 =( LENGTH_UNIT ( ) NAMED_UNIT ( * ) SI_UNIT ( .MILLI., .METRE. ) );
#8156 = ORIENTED_EDGE ( 'NONE', *, *, #3300, .F. ) ;
#8157 = EDGE_CURVE ( 'NONE', #8053, #9094, #7359, .T. ) ;
#8158 = DIRECTION ( 'NONE',  ( -0.000000000000000000, 0.000000000000000000, 1.000000000000000000 ) ) ;
#8159 = AXIS2_PLACEMENT_3D ( 'NONE', #800, #32, #9550 ) ;
#8160 = AXIS2_PLACEMENT_3D ( 'NONE', #953, #2482, #7955 ) ;
#8161 = FACE_OUTER_BOUND ( 'NONE', #8570, .T. ) ;
#8162 = LINE ( 'NONE', #7530, #3746 ) ;
#8163 = ADVANCED_FACE ( 'NONE', ( #696 ), #4285, .F. ) ;
#8164 = CARTESIAN_POINT ( 'NONE',  ( 1.125000000000000666, 0.1999999999999999833, 3.500000000000001332 ) ) ;
#8165 = CARTESIAN_POINT ( 'NONE',  ( -3.100000000000000977, 0.8000000000000000444, -2.900000000000001688 ) ) ;
#8166 = ADVANCED_FACE ( 'NONE', ( #2566 ), #7433, .F. ) ;
#8167 = DIRECTION ( 'NONE',  ( 0.000000000000000000, -1.000000000000000000, 0.000000000000000000 ) ) ;
#8168 = ORIENTED_EDGE ( 'NONE', *, *, #6627, .F. ) ;
#8169 = ORIENTED_EDGE ( 'NONE', *, *, #4678, .F. ) ;
#8170 = FACE_OUTER_BOUND ( 'NONE', #5969, .T. ) ;
#8171 = FACE_OUTER_BOUND ( 'NONE', #7022, .T. ) ;
#8172 = DIRECTION ( 'NONE',  ( 0.000000000000000000, 0.000000000000000000, -1.000000000000000000 ) ) ;
#8173 = LINE ( 'NONE', #3341, #2410 ) ;
#8174 = FACE_OUTER_BOUND ( 'NONE', #3024, .T. ) ;
#8175 = PRESENTATION_LAYER_ASSIGNMENT (  '', '', ( #7986 ) ) ;
#8176 = VERTEX_POINT ( 'NONE', #8179 ) ;
#8177 = FACE_OUTER_BOUND ( 'NONE', #3541, .T. ) ;
#8178 = DIRECTION ( 'NONE',  ( -1.000000000000000000, 0.000000000000000000, -0.000000000000000000 ) ) ;
#8179 = CARTESIAN_POINT ( 'NONE',  ( 0.1749999999999998224, 0.04999999999999999584, -2.950000000000000178 ) ) ;
#8180 = DIRECTION ( 'NONE',  ( 0.000000000000000000, 0.000000000000000000, -1.000000000000000000 ) ) ;
#8181 = CARTESIAN_POINT ( 'NONE',  ( -0.8250000000000048406, 0.05000000000000000278, 1.301042606982612815E-15 ) ) ;
#8182 = VECTOR ( 'NONE', #2081, 1000.000000000000000 ) ;
#8183 = CARTESIAN_POINT ( 'NONE',  ( -3.500000000000000444, 0.8264982043070829842, -1.475000000000000089 ) ) ;
#8184 = ORIENTED_EDGE ( 'NONE', *, *, #6445, .T. ) ;
#8185 = DIRECTION ( 'NONE',  ( 1.577021341797097215E-15, 0.000000000000000000, 1.000000000000000000 ) ) ;
#8186 = DIRECTION ( 'NONE',  ( -0.000000000000000000, 0.000000000000000000, -1.000000000000000000 ) ) ;
#8187 = EDGE_CURVE ( 'NONE', #8192, #484, #9420, .T. ) ;
#8188 = COLOUR_RGB ( '',0.7921568627450980005, 0.8196078431372548767, 0.9333333333333333481 ) ;
#8189 = MANIFOLD_SOLID_BREP ( 'LPattern3[11]', #1651 ) ;
#8190 = ORIENTED_EDGE ( 'NONE', *, *, #9717, .F. ) ;
#8191 = EDGE_CURVE ( 'NONE', #2870, #7988, #7944, .T. ) ;
#8192 = VERTEX_POINT ( 'NONE', #8147 ) ;
#8193 = VECTOR ( 'NONE', #1694, 1000.000000000000000 ) ;
#8194 = DIRECTION ( 'NONE',  ( -1.000000000000000000, 0.000000000000000000, -1.577021341797097215E-15 ) ) ;
#8195 = VECTOR ( 'NONE', #2469, 1000.000000000000000 ) ;
#8196 = EDGE_CURVE ( 'NONE', #6231, #383, #7592, .T. ) ;
#8197 = VERTEX_POINT ( 'NONE', #9756 ) ;
#8199 = VERTEX_POINT ( 'NONE', #5309 ) ;
#8198 = DIRECTION ( 'NONE',  ( 1.000000000000000000, 0.000000000000000000, -0.000000000000000000 ) ) ;
#8200 = EDGE_CURVE ( 'NONE', #8584, #1980, #4517, .T. ) ;
#8201 = ORIENTED_EDGE ( 'NONE', *, *, #3868, .T. ) ;
#8202 = VECTOR ( 'NONE', #1439, 1000.000000000000000 ) ;
#8203 = ORIENTED_EDGE ( 'NONE', *, *, #10111, .T. ) ;
#8204 = LINE ( 'NONE', #7943, #6616 ) ;
#8205 = EDGE_CURVE ( 'NONE', #8584, #5194, #7821, .T. ) ;
#8206 = VECTOR ( 'NONE', #6129, 1000.000000000000000 ) ;
#8207 = DIRECTION ( 'NONE',  ( 0.000000000000000000, -1.000000000000000000, 0.000000000000000000 ) ) ;
#8208 = ADVANCED_FACE ( 'NONE', ( #7463 ), #5986, .F. ) ;
#8209 = CARTESIAN_POINT ( 'NONE',  ( -2.950000000000000178, 0.1999999999999999833, 1.774999999999999689 ) ) ;
#8210 = CARTESIAN_POINT ( 'NONE',  ( 0.8249999999999997335, 0.2000000000000000111, -3.500000000000000444 ) ) ;
#8211 = ORIENTED_EDGE ( 'NONE', *, *, #3805, .F. ) ;
#8212 = DIRECTION ( 'NONE',  ( 0.000000000000000000, -1.000000000000000000, 0.000000000000000000 ) ) ;
#8213 = ORIENTED_EDGE ( 'NONE', *, *, #1244, .F. ) ;
#8214 = ORIENTED_EDGE ( 'NONE', *, *, #777, .T. ) ;
#8215 = EDGE_CURVE ( 'NONE', #5155, #6272, #1933, .T. ) ;
#8216 = ADVANCED_FACE ( 'NONE', ( #5749 ), #4486, .F. ) ;
#8217 = LINE ( 'NONE', #7437, #4066 ) ;
#8218 = EDGE_CURVE ( 'NONE', #9451, #8430, #10135, .T. ) ;
#8219 = DIRECTION ( 'NONE',  ( -0.000000000000000000, 0.000000000000000000, 1.000000000000000000 ) ) ;
#8220 = LINE ( 'NONE', #7603, #8957 ) ;
#8221 =( NAMED_UNIT ( * ) SI_UNIT ( $, .STERADIAN. ) SOLID_ANGLE_UNIT ( ) );
#8222 = VERTEX_POINT ( 'NONE', #3751 ) ;
#8223 = CARTESIAN_POINT ( 'NONE',  ( 0.8249999999999997335, 0.2000000000000000111, -2.950000000000000178 ) ) ;
#8224 = ORIENTED_EDGE ( 'NONE', *, *, #5895, .F. ) ;
#8225 = CARTESIAN_POINT ( 'NONE',  ( -3.500000000000000444, 0.8264982043070829842, 2.425000000000000266 ) ) ;
#8226 = CARTESIAN_POINT ( 'NONE',  ( 1.125000000000000666, 0.2000000000000005107, 3.500000000000000000 ) ) ;
#8227 = FACE_OUTER_BOUND ( 'NONE', #2384, .T. ) ;
#8228 = FACE_OUTER_BOUND ( 'NONE', #1606, .T. ) ;
#8229 = DIRECTION ( 'NONE',  ( 0.000000000000000000, 0.000000000000000000, -1.000000000000000000 ) ) ;
#8230 = CARTESIAN_POINT ( 'NONE',  ( 2.950000000000000178, 0.1999999999999999833, 0.8250000000000006217 ) ) ;
#8231 = VERTEX_POINT ( 'NONE', #1253 ) ;
#8232 = EDGE_LOOP ( 'NONE', ( #7417, #8391, #202, #7115 ) ) ;
#8233 = ORIENTED_EDGE ( 'NONE', *, *, #9898, .F. ) ;
#8234 = CARTESIAN_POINT ( 'NONE',  ( 3.500000000000000444, 0.2000000000000005107, 1.475000000000000977 ) ) ;
#8235 = CARTESIAN_POINT ( 'NONE',  ( 0.000000000000000000, 0.05000000000000000278, 0.8250000000000006217 ) ) ;
#8236 = CYLINDRICAL_SURFACE ( 'NONE', #8060, 0.1999999999999996503 ) ;
#8237 = CARTESIAN_POINT ( 'NONE',  ( 1.774999999999999689, 0.000000000000000000, -3.500000000000000444 ) ) ;
#8238 = VERTEX_POINT ( 'NONE', #3724 ) ;
#8239 = CARTESIAN_POINT ( 'NONE',  ( -3.500000000000000444, 0.000000000000000000, -1.124999999999999334 ) ) ;
#8240 = ORIENTED_EDGE ( 'NONE', *, *, #7695, .T. ) ;
#8241 = DIRECTION ( 'NONE',  ( 1.000000000000000000, -0.000000000000000000, 0.000000000000000000 ) ) ;
#8242 = CARTESIAN_POINT ( 'NONE',  ( 3.500000000000000444, 0.8264982043070829842, -1.475000000000000089 ) ) ;
#8243 = DIRECTION ( 'NONE',  ( 0.000000000000000000, 0.000000000000000000, 1.000000000000000000 ) ) ;
#8244 = VERTEX_POINT ( 'NONE', #6742 ) ;
#8245 = CARTESIAN_POINT ( 'NONE',  ( -2.950000000000000178, 0.8264982043070829842, 2.425000000000000266 ) ) ;
#8246 = CARTESIAN_POINT ( 'NONE',  ( 2.950000000000000178, 0.8264982043070829842, 1.124999999999999778 ) ) ;
#8247 = LINE ( 'NONE', #1838, #9845 ) ;
#8248 = CARTESIAN_POINT ( 'NONE',  ( 3.500000000000000444, 0.04999999999999969746, 1.475000000000000533 ) ) ;
#8249 = ORIENTED_EDGE ( 'NONE', *, *, #6163, .T. ) ;
#8250 = DIRECTION ( 'NONE',  ( -1.577021341797097215E-15, 0.000000000000000000, 1.000000000000000000 ) ) ;
#8251 = CARTESIAN_POINT ( 'NONE',  ( 3.500000000000000444, 0.8264982043070829842, -0.4749999999999993117 ) ) ;
#8252 = CARTESIAN_POINT ( 'NONE',  ( -2.950000000000000178, 0.8264982043070829842, 2.425000000000000266 ) ) ;
#8253 = VERTEX_POINT ( 'NONE', #6833 ) ;
#8254 = DIRECTION ( 'NONE',  ( 1.000000000000000000, 0.000000000000000000, 0.000000000000000000 ) ) ;
#8255 = FACE_OUTER_BOUND ( 'NONE', #7265, .T. ) ;
#8256 = VERTEX_POINT ( 'NONE', #3627 ) ;
#8257 = CARTESIAN_POINT ( 'NONE',  ( 2.350000000000000089, 6.846803743153548005, -2.350000000000000089 ) ) ;
#8258 = ADVANCED_FACE ( 'NONE', ( #9670 ), #9096, .F. ) ;
#8259 = AXIS2_PLACEMENT_3D ( 'NONE', #8366, #6017, #7605 ) ;
#8260 = ORIENTED_EDGE ( 'NONE', *, *, #5221, .F. ) ;
#8261 = EDGE_CURVE ( 'NONE', #6660, #9913, #3773, .T. ) ;
#8262 = DIRECTION ( 'NONE',  ( -1.000000000000000000, 0.000000000000000000, 0.000000000000000000 ) ) ;
#8263 = CARTESIAN_POINT ( 'NONE',  ( 1.124999999999999778, 0.2000000000000000111, 2.950000000000001066 ) ) ;
#8264 = ADVANCED_FACE ( 'NONE', ( #4281 ), #5274, .F. ) ;
#8265 = LINE ( 'NONE', #2682, #2010 ) ;
#8266 = CARTESIAN_POINT ( 'NONE',  ( -2.950000000000000178, 0.8264982043070829842, 1.475000000000000533 ) ) ;
#8267 = EDGE_CURVE ( 'NONE', #3713, #156, #2685, .T. ) ;
#8268 = ORIENTED_EDGE ( 'NONE', *, *, #2715, .T. ) ;
#8269 = ORIENTED_EDGE ( 'NONE', *, *, #6906, .T. ) ;
#8270 = CARTESIAN_POINT ( 'NONE',  ( 3.500000000000000444, 0.05000000000000000278, -3.500000000000000444 ) ) ;
#8271 = EDGE_CURVE ( 'NONE', #10004, #4835, #1322, .T. ) ;
#8272 = LINE ( 'NONE', #7091, #6185 ) ;
#8273 = DIRECTION ( 'NONE',  ( -1.000000000000000000, 0.000000000000000000, 0.000000000000000000 ) ) ;
#8274 = LINE ( 'NONE', #3043, #7905 ) ;
#8275 = ORIENTED_EDGE ( 'NONE', *, *, #4166, .T. ) ;
#8276 = CARTESIAN_POINT ( 'NONE',  ( 0.000000000000000000, 0.05000000000000000278, -2.125000000000000000 ) ) ;
#8277 = CARTESIAN_POINT ( 'NONE',  ( 2.125000000000000000, 0.000000000000000000, -3.500000000000000444 ) ) ;
#8278 = ORIENTED_EDGE ( 'NONE', *, *, #57, .F. ) ;
#8279 = ORIENTED_EDGE ( 'NONE', *, *, #3101, .T. ) ;
#8280 = PLANE ( 'NONE',  #1326 ) ;
#8281 = LINE ( 'NONE', #249, #9265 ) ;
#8282 =( LENGTH_UNIT ( ) NAMED_UNIT ( * ) SI_UNIT ( .MILLI., .METRE. ) );
#8283 = LINE ( 'NONE', #8614, #5356 ) ;
#8284 = DIRECTION ( 'NONE',  ( 0.000000000000000000, 1.000000000000000000, 0.000000000000000000 ) ) ;
#8285 = CARTESIAN_POINT ( 'NONE',  ( 2.950000000000000178, 0.1999999999999999833, -1.774999999999999245 ) ) ;
#8286 = AXIS2_PLACEMENT_3D ( 'NONE', #9598, #148, #4160 ) ;
#8287 = ORIENTED_EDGE ( 'NONE', *, *, #7822, .T. ) ;
#8288 = EDGE_LOOP ( 'NONE', ( #7990, #949, #3464, #131 ) ) ;
#8289 = ORIENTED_EDGE ( 'NONE', *, *, #8519, .F. ) ;
#8290 = VECTOR ( 'NONE', #6765, 1000.000000000000000 ) ;
#8291 =( LENGTH_UNIT ( ) NAMED_UNIT ( * ) SI_UNIT ( .MILLI., .METRE. ) );
#8292 = LINE ( 'NONE', #5578, #6205 ) ;
#8293 = CARTESIAN_POINT ( 'NONE',  ( -3.100000000000000977, 0.8000000000000000444, -2.900000000000001688 ) ) ;
#8294 = CARTESIAN_POINT ( 'NONE',  ( -1.475000000000000089, 0.2000000000000000111, 2.950000000000001066 ) ) ;
#8295 = ORIENTED_EDGE ( 'NONE', *, *, #2704, .F. ) ;
#8296 = FACE_OUTER_BOUND ( 'NONE', #687, .T. ) ;
#8297 = LINE ( 'NONE', #6593, #5980 ) ;
#8298 = LINE ( 'NONE', #3964, #1550 ) ;
#8299 = CARTESIAN_POINT ( 'NONE',  ( -3.500000000000000444, 0.000000000000000000, 1.774999999999999689 ) ) ;
#8300 = ORIENTED_EDGE ( 'NONE', *, *, #6649, .F. ) ;
#8301 = DIRECTION ( 'NONE',  ( 0.000000000000000000, 0.000000000000000000, 1.000000000000000000 ) ) ;
#8302 = ADVANCED_FACE ( 'NONE', ( #7351 ), #9882, .F. ) ;
#8303 = EDGE_LOOP ( 'NONE', ( #8017, #4397, #9084, #8042, #3080, #159, #4645, #6391, #4663, #8739, #9748, #6291, #2192, #7149, #378, #3970, #7469, #2084, #5090, #2915, #6266, #3861, #10053, #7213, #4444, #7745, #9811, #3593, #345, #8407, #753, #9807, #8156, #9359, #1482, #6451, #3585, #3482, #5663, #6622, #9964, #4854, #5049, #5143, #6760, #2339, #2401, #1499, #469, #7678, #7634, #9525, #4204, #7002, #1167, #2343, #7609, #4586, #5502, #7909, #8551, #8141, #6154, #7850, #3998, #15, #7928, #1161, #9029, #9675, #6609, #2316, #9940, #7425, #4782, #6897, #8278, #1577, #1007, #6499, #7732, #7548, #9346, #5988, #8526, #10191, #8169, #1983, #5080, #7270, #5870, #1860, #4193, #2206, #9982, #6968, #10065, #8930, #6849, #4912, #8882, #909, #6814, #8580, #5386, #7291, #7716, #231, #3730, #8394, #5811, #8887, #2114, #4708, #975, #2122, #5772, #178, #1405, #7864, #4611, #6597, #3396, #8697, #2426, #1410, #6203, #2948, #8125, #4955, #8488, #3925 ) ) ;
#8304 = VECTOR ( 'NONE', #5735, 1000.000000000000000 ) ;
#8305 =( NAMED_UNIT ( * ) PLANE_ANGLE_UNIT ( ) SI_UNIT ( $, .RADIAN. ) );
#8306 = VECTOR ( 'NONE', #7668, 1000.000000000000000 ) ;
#8307 = ADVANCED_FACE ( 'NONE', ( #1675 ), #4513, .F. ) ;
#8308 = LINE ( 'NONE', #4969, #700 ) ;
#8309 = VERTEX_POINT ( 'NONE', #2136 ) ;
#8310 = DIRECTION ( 'NONE',  ( 0.000000000000000000, 1.000000000000000000, 0.000000000000000000 ) ) ;
#8311 = CARTESIAN_POINT ( 'NONE',  ( 2.950000000000000178, 0.8264982043070829842, 2.125000000000000888 ) ) ;
#8312 = ORIENTED_EDGE ( 'NONE', *, *, #6756, .T. ) ;
#8313 = STYLED_ITEM ( 'NONE', ( #8677 ), #8189 ) ;
#8314 = CARTESIAN_POINT ( 'NONE',  ( -3.500000000000000444, 0.04999999999999969746, -1.774999999999999245 ) ) ;
#8315 = VERTEX_POINT ( 'NONE', #7641 ) ;
#8316 = FACE_OUTER_BOUND ( 'NONE', #1400, .T. ) ;
#8317 = EDGE_CURVE ( 'NONE', #40, #4947, #4770, .T. ) ;
#8318 = DIRECTION ( 'NONE',  ( -0.000000000000000000, 0.000000000000000000, -1.000000000000000000 ) ) ;
#8319 = VECTOR ( 'NONE', #937, 1000.000000000000000 ) ;
#8320 = ORIENTED_EDGE ( 'NONE', *, *, #2353, .F. ) ;
#8321 = EDGE_CURVE ( 'NONE', #1333, #8396, #5622, .T. ) ;
#8322 = ORIENTED_EDGE ( 'NONE', *, *, #7320, .T. ) ;
#8323 =( NAMED_UNIT ( * ) PLANE_ANGLE_UNIT ( ) SI_UNIT ( $, .RADIAN. ) );
#8324 = ORIENTED_EDGE ( 'NONE', *, *, #8636, .F. ) ;
#8325 = CARTESIAN_POINT ( 'NONE',  ( 1.774999999999998801, 0.8264982043070834283, -2.950000000000000178 ) ) ;
#8326 = ORIENTED_EDGE ( 'NONE', *, *, #5086, .T. ) ;
#8327 = CARTESIAN_POINT ( 'NONE',  ( 0.1750000000000006828, 0.1999999999999999833, 2.950000000000001066 ) ) ;
#8328 = LINE ( 'NONE', #588, #2332 ) ;
#8329 = EDGE_CURVE ( 'NONE', #6660, #6896, #3535, .T. ) ;
#8330 = CARTESIAN_POINT ( 'NONE',  ( 0.000000000000000000, 0.05000000000000000278, -0.4749999999999993117 ) ) ;
#8331 = AXIS2_PLACEMENT_3D ( 'NONE', #3001, #7627, #3740 ) ;
#8332 = ORIENTED_EDGE ( 'NONE', *, *, #9358, .F. ) ;
#8333 = ORIENTED_EDGE ( 'NONE', *, *, #630, .F. ) ;
#8334 = EDGE_CURVE ( 'NONE', #7748, #2053, #5260, .T. ) ;
#8335 = DIRECTION ( 'NONE',  ( -1.000000000000000000, 0.000000000000000000, 0.000000000000000000 ) ) ;
#8336 = ORIENTED_EDGE ( 'NONE', *, *, #7630, .F. ) ;
#8337 = LINE ( 'NONE', #5180, #2468 ) ;
#8338 = CARTESIAN_POINT ( 'NONE',  ( 0.6500000000000000222, 0.2000000000000000111, 0.000000000000000000 ) ) ;
#8339 = VERTEX_POINT ( 'NONE', #6389 ) ;
#8340 = EDGE_CURVE ( 'NONE', #5638, #6917, #5021, .T. ) ;
#8341 = VERTEX_POINT ( 'NONE', #6351 ) ;
#8342 = EDGE_LOOP ( 'NONE', ( #5782, #8370, #4061, #7171 ) ) ;
#8343 = ORIENTED_EDGE ( 'NONE', *, *, #9514, .F. ) ;
#8344 = PRESENTATION_LAYER_ASSIGNMENT (  '', '', ( #250 ) ) ;
#8345 = CARTESIAN_POINT ( 'NONE',  ( 0.000000000000000000, 0.05000000000000000278, -2.950000000000000178 ) ) ;
#8346 = EDGE_CURVE ( 'NONE', #4510, #3061, #9160, .T. ) ;
#8347 = DIRECTION ( 'NONE',  ( -0.000000000000000000, 0.000000000000000000, 1.000000000000000000 ) ) ;
#8348 = FILL_AREA_STYLE ('',( #2887 ) ) ;
#8349 = DIRECTION ( 'NONE',  ( 0.000000000000000000, -0.000000000000000000, 1.000000000000000000 ) ) ;
#8350 = VECTOR ( 'NONE', #8643, 1000.000000000000000 ) ;
#8351 = CARTESIAN_POINT ( 'NONE',  ( -2.950000000000000178, 0.000000000000000000, -1.124999999999999334 ) ) ;
#8352 = ORIENTED_EDGE ( 'NONE', *, *, #9726, .T. ) ;
#8353 = EDGE_LOOP ( 'NONE', ( #481, #6498, #8122, #7628 ) ) ;
#8354 = ADVANCED_FACE ( 'NONE', ( #3899 ), #1684, .F. ) ;
#8355 = VECTOR ( 'NONE', #7581, 1000.000000000000000 ) ;
#8356 = ORIENTED_EDGE ( 'NONE', *, *, #6441, .F. ) ;
#8357 = PLANE ( 'NONE',  #1529 ) ;
#8358 = LINE ( 'NONE', #4060, #7408 ) ;
#8359 = DIRECTION ( 'NONE',  ( -0.000000000000000000, 1.000000000000000000, -0.000000000000000000 ) ) ;
#8360 = CARTESIAN_POINT ( 'NONE',  ( -3.100000000000000977, 0.6999999999999999556, -3.100000000000000977 ) ) ;
#8361 = ADVANCED_FACE ( 'NONE', ( #8663 ), #7164, .T. ) ;
#8362 = ORIENTED_EDGE ( 'NONE', *, *, #5340, .F. ) ;
#8363 = DIRECTION ( 'NONE',  ( 0.000000000000000000, 0.000000000000000000, -1.000000000000000000 ) ) ;
#8364 = EDGE_LOOP ( 'NONE', ( #4650, #4487, #4527, #7715 ) ) ;
#8365 = MANIFOLD_SOLID_BREP ( 'LPattern4[14]', #9049 ) ;
#8366 = CARTESIAN_POINT ( 'NONE',  ( 3.500000000000000444, 11.49949493661166500, 3.499999999999999556 ) ) ;
#8367 = ORIENTED_EDGE ( 'NONE', *, *, #3963, .T. ) ;
#8368 = CARTESIAN_POINT ( 'NONE',  ( -0.4750000000000001443, 0.05000000000000000278, 0.000000000000000000 ) ) ;
#8369 = LINE ( 'NONE', #3439, #1021 ) ;
#8370 = ORIENTED_EDGE ( 'NONE', *, *, #5458, .F. ) ;
#8371 = DIRECTION ( 'NONE',  ( 0.000000000000000000, -1.000000000000000000, 0.000000000000000000 ) ) ;
#8372 = DIRECTION ( 'NONE',  ( -0.000000000000000000, 0.000000000000000000, 1.000000000000000000 ) ) ;
#8373 = EDGE_LOOP ( 'NONE', ( #7385, #4328, #1142, #10066 ) ) ;
#8374 = DIRECTION ( 'NONE',  ( 0.000000000000000000, -1.000000000000000000, 0.000000000000000000 ) ) ;
#8375 = CARTESIAN_POINT ( 'NONE',  ( 0.000000000000000000, 0.05000000000000000278, 1.774999999999999689 ) ) ;
#8376 = CARTESIAN_POINT ( 'NONE',  ( -0.1750000000000002387, 0.2000000000000000111, 2.950000000000001066 ) ) ;
#8377 = LINE ( 'NONE', #517, #5334 ) ;
#8378 = AXIS2_PLACEMENT_3D ( 'NONE', #3990, #9494, #9533 ) ;
#8379 = VECTOR ( 'NONE', #7731, 1000.000000000000000 ) ;
#8380 = ORIENTED_EDGE ( 'NONE', *, *, #5851, .F. ) ;
#8381 = EDGE_CURVE ( 'NONE', #5130, #3633, #683, .T. ) ;
#8382 = DIRECTION ( 'NONE',  ( 1.000000000000000000, -0.000000000000000000, -0.000000000000000000 ) ) ;
#8383 = CARTESIAN_POINT ( 'NONE',  ( -2.950000000000000178, 0.1999999999999999833, -0.8250000000000001776 ) ) ;
#8384 = PLANE ( 'NONE',  #5206 ) ;
#8385 = DIRECTION ( 'NONE',  ( 0.000000000000000000, -1.000000000000000000, 0.000000000000000000 ) ) ;
#8386 = EDGE_CURVE ( 'NONE', #7180, #7885, #8409, .T. ) ;
#8387 = VECTOR ( 'NONE', #2085, 1000.000000000000000 ) ;
#8388 = ORIENTED_EDGE ( 'NONE', *, *, #9188, .T. ) ;
#8389 = CARTESIAN_POINT ( 'NONE',  ( 2.950000000000000178, 0.8264982043070829842, 2.125000000000000888 ) ) ;
#8390 = ORIENTED_EDGE ( 'NONE', *, *, #2423, .F. ) ;
#8391 = ORIENTED_EDGE ( 'NONE', *, *, #3620, .T. ) ;
#8392 = EDGE_CURVE ( 'NONE', #2314, #1575, #6464, .T. ) ;
#8393 = CARTESIAN_POINT ( 'NONE',  ( 1.774999999999998801, 0.2000000000000000111, -2.950000000000000178 ) ) ;
#8394 = ORIENTED_EDGE ( 'NONE', *, *, #7447, .F. ) ;
#8395 = ADVANCED_FACE ( 'NONE', ( #4272 ), #1549, .T. ) ;
#8396 = VERTEX_POINT ( 'NONE', #24 ) ;
#8397 = AXIS2_PLACEMENT_3D ( 'NONE', #4668, #2331, #1528 ) ;
#8398 = LINE ( 'NONE', #6284, #1540 ) ;
#8399 = VECTOR ( 'NONE', #4608, 1000.000000000000000 ) ;
#8400 = DIRECTION ( 'NONE',  ( 0.000000000000000000, -0.000000000000000000, -1.000000000000000000 ) ) ;
#8401 = LINE ( 'NONE', #5572, #4265 ) ;
#8402 = FILL_AREA_STYLE_COLOUR ( '', #9272 ) ;
#8403 = ADVANCED_FACE ( 'NONE', ( #2676 ), #3142, .T. ) ;
#8404 = ORIENTED_EDGE ( 'NONE', *, *, #2179, .T. ) ;
#8405 = PLANE ( 'NONE',  #4257 ) ;
#8406 = FACE_OUTER_BOUND ( 'NONE', #5103, .T. ) ;
#8407 = ORIENTED_EDGE ( 'NONE', *, *, #2556, .F. ) ;
#8408 = DIRECTION ( 'NONE',  ( -1.000000000000000000, 0.000000000000000000, 0.000000000000000000 ) ) ;
#8409 = LINE ( 'NONE', #8675, #1056 ) ;
#8411 = LINE ( 'NONE', #875, #7935 ) ;
#8410 = CARTESIAN_POINT ( 'NONE',  ( 2.950000000000000178, 0.000000000000000000, 1.774999999999999689 ) ) ;
#8412 = STYLED_ITEM ( 'NONE', ( #7383 ), #4558 ) ;
#8413 = CARTESIAN_POINT ( 'NONE',  ( -2.950000000000000178, 0.1999999999999999833, 2.125000000000000888 ) ) ;
#8414 = ORIENTED_EDGE ( 'NONE', *, *, #5666, .F. ) ;
#8415 = FACE_OUTER_BOUND ( 'NONE', #8353, .T. ) ;
#8416 = ORIENTED_EDGE ( 'NONE', *, *, #2368, .T. ) ;
#8417 = DIRECTION ( 'NONE',  ( -0.000000000000000000, -1.000000000000000000, -0.000000000000000000 ) ) ;
#8418 = DIRECTION ( 'NONE',  ( -1.000000000000000000, 0.000000000000000000, 1.577021341797097215E-15 ) ) ;
#8419 = VECTOR ( 'NONE', #7072, 1000.000000000000000 ) ;
#8420 = DIRECTION ( 'NONE',  ( 0.000000000000000000, 0.000000000000000000, -1.000000000000000000 ) ) ;
#8422 = ORIENTED_EDGE ( 'NONE', *, *, #987, .T. ) ;
#8421 = CARTESIAN_POINT ( 'NONE',  ( -0.8250000000000001776, 0.000000000000000000, 2.950000000000001066 ) ) ;
#8423 = ORIENTED_EDGE ( 'NONE', *, *, #5728, .T. ) ;
#8424 = LINE ( 'NONE', #10073, #2442 ) ;
#8425 = LINE ( 'NONE', #7372, #81 ) ;
#8426 = CARTESIAN_POINT ( 'NONE',  ( -0.8250000000000001776, 0.1999999999999999833, 2.950000000000001066 ) ) ;
#8427 = DIRECTION ( 'NONE',  ( -1.577021341797097215E-15, 0.000000000000000000, 1.000000000000000000 ) ) ;
#8428 = EDGE_LOOP ( 'NONE', ( #543, #9835, #6276, #8755 ) ) ;
#8429 = DIRECTION ( 'NONE',  ( -1.000000000000000000, 0.000000000000000000, -0.000000000000000000 ) ) ;
#8430 = VERTEX_POINT ( 'NONE', #3924 ) ;
#8431 = DIRECTION ( 'NONE',  ( 0.000000000000000000, -0.000000000000000000, 1.000000000000000000 ) ) ;
#8432 = LINE ( 'NONE', #2094, #87 ) ;
#8433 = CLOSED_SHELL ( 'NONE', ( #3235, #7248, #795, #5042, #9951, #5095 ) ) ;
#8434 = LINE ( 'NONE', #6147, #3913 ) ;
#8435 = CARTESIAN_POINT ( 'NONE',  ( -2.425000000000000266, 0.1999999999999999833, -2.950000000000000178 ) ) ;
#8436 = VECTOR ( 'NONE', #6217, 1000.000000000000000 ) ;
#8437 = CARTESIAN_POINT ( 'NONE',  ( 3.500000000000000444, 0.8264982043070829842, 2.125000000000000888 ) ) ;
#8438 = DIRECTION ( 'NONE',  ( 1.000000000000000000, 0.000000000000000000, 0.000000000000000000 ) ) ;
#8439 = ORIENTED_EDGE ( 'NONE', *, *, #4545, .T. ) ;
#8440 = EDGE_CURVE ( 'NONE', #493, #3454, #4892, .T. ) ;
#8441 = ORIENTED_EDGE ( 'NONE', *, *, #3501, .T. ) ;
#8442 = PLANE ( 'NONE',  #6996 ) ;
#8443 = DIRECTION ( 'NONE',  ( -1.000000000000000000, 0.000000000000000000, -0.000000000000000000 ) ) ;
#8444 = LINE ( 'NONE', #1119, #598 ) ;
#8445 = ADVANCED_FACE ( 'NONE', ( #8654 ), #5504, .T. ) ;
#8446 = EDGE_CURVE ( 'NONE', #3554, #7533, #10128, .T. ) ;
#8447 = LINE ( 'NONE', #4915, #5525 ) ;
#8448 = ORIENTED_EDGE ( 'NONE', *, *, #8072, .T. ) ;
#8449 = CARTESIAN_POINT ( 'NONE',  ( 1.300000000000000044, 0.2000000000000000111, 0.000000000000000000 ) ) ;
#8450 = CARTESIAN_POINT ( 'NONE',  ( 0.000000000000000000, 0.2000000000000000111, 0.000000000000000000 ) ) ;
#8451 = PLANE ( 'NONE',  #8331 ) ;
#8453 = VERTEX_POINT ( 'NONE', #9612 ) ;
#8452 = ADVANCED_FACE ( 'NONE', ( #1795 ), #3447, .F. ) ;
#8454 = ORIENTED_EDGE ( 'NONE', *, *, #9192, .T. ) ;
#8455 = EDGE_CURVE ( 'NONE', #3711, #4327, #7342, .T. ) ;
#8456 = CARTESIAN_POINT ( 'NONE',  ( 2.425000000000000266, 0.8264982043070834283, -3.500000000000000444 ) ) ;
#8457 = LINE ( 'NONE', #6064, #9705 ) ;
#8458 = DIRECTION ( 'NONE',  ( -1.000000000000000000, 0.000000000000000000, -1.577021341797097215E-15 ) ) ;
#8459 = EDGE_CURVE ( 'NONE', #4199, #4620, #8539, .T. ) ;
#8460 = LINE ( 'NONE', #6979, #1118 ) ;
#8461 = ORIENTED_EDGE ( 'NONE', *, *, #2575, .T. ) ;
#8462 = DIRECTION ( 'NONE',  ( -0.000000000000000000, 0.000000000000000000, -1.000000000000000000 ) ) ;
#8463 = EDGE_CURVE ( 'NONE', #3187, #10118, #7812, .T. ) ;
#8464 = DIRECTION ( 'NONE',  ( -0.000000000000000000, 0.000000000000000000, -1.000000000000000000 ) ) ;
#8465 = EDGE_LOOP ( 'NONE', ( #8921, #7829, #8005, #6978 ) ) ;
#8466 = EDGE_LOOP ( 'NONE', ( #9795, #5182, #3605, #3249 ) ) ;
#8467 = VECTOR ( 'NONE', #4304, 1000.000000000000000 ) ;
#8468 = CARTESIAN_POINT ( 'NONE',  ( 0.4749999999999988676, 0.1999999999999999833, -2.950000000000000178 ) ) ;
#8469 = ORIENTED_EDGE ( 'NONE', *, *, #7438, .F. ) ;
#8470 = CARTESIAN_POINT ( 'NONE',  ( -0.8250000000000001776, 0.8264982043070834283, 2.950000000000001066 ) ) ;
#8471 = EDGE_CURVE ( 'NONE', #635, #3187, #6828, .T. ) ;
#8472 = AXIS2_PLACEMENT_3D ( 'NONE', #9180, #8418, #5427 ) ;
#8473 = ORIENTED_EDGE ( 'NONE', *, *, #6702, .T. ) ;
#8474 = CARTESIAN_POINT ( 'NONE',  ( 0.1750000000000006828, 0.000000000000000000, 2.950000000000001066 ) ) ;
#8475 = PLANE ( 'NONE',  #7136 ) ;
#8476 = VERTEX_POINT ( 'NONE', #5002 ) ;
#8477 = DIRECTION ( 'NONE',  ( 0.000000000000000000, 0.000000000000000000, -1.000000000000000000 ) ) ;
#8478 = CARTESIAN_POINT ( 'NONE',  ( 1.475000000000000533, 0.8264982043070834283, 2.950000000000001066 ) ) ;
#8479 = FACE_OUTER_BOUND ( 'NONE', #2488, .T. ) ;
#8480 = CARTESIAN_POINT ( 'NONE',  ( 0.000000000000000000, 0.05000000000000000278, 2.950000000000001066 ) ) ;
#8481 = ORIENTED_EDGE ( 'NONE', *, *, #3353, .T. ) ;
#8482 = CARTESIAN_POINT ( 'NONE',  ( -3.500000000000000444, 0.1999999999999999833, -2.125000000000000000 ) ) ;
#8483 = ORIENTED_EDGE ( 'NONE', *, *, #5737, .F. ) ;
#8484 = PLANE ( 'NONE',  #4439 ) ;
#8485 = AXIS2_PLACEMENT_3D ( 'NONE', #6029, #3702, #1359 ) ;
#8486 = CARTESIAN_POINT ( 'NONE',  ( -2.950000000000000178, 0.8264982043070829842, -0.1750000000000002387 ) ) ;
#8487 = CARTESIAN_POINT ( 'NONE',  ( 2.125000000000000000, 0.2000000000000000111, -3.500000000000000444 ) ) ;
#8488 = ORIENTED_EDGE ( 'NONE', *, *, #7500, .F. ) ;
#8489 = MANIFOLD_SOLID_BREP ( 'LPattern4[6]', #3828 ) ;
#8490 = DIRECTION ( 'NONE',  ( 1.000000000000000000, 0.000000000000000000, 0.000000000000000000 ) ) ;
#8491 = VERTEX_POINT ( 'NONE', #7223 ) ;
#8492 = LINE ( 'NONE', #3467, #6421 ) ;
#8493 = CARTESIAN_POINT ( 'NONE',  ( 2.950000000000000178, 0.8264982043070829842, 0.1750000000000006828 ) ) ;
#8494 = ORIENTED_EDGE ( 'NONE', *, *, #3236, .T. ) ;
#8495 = DIRECTION ( 'NONE',  ( 0.000000000000000000, 0.000000000000000000, 1.000000000000000000 ) ) ;
#8496 = PRESENTATION_LAYER_ASSIGNMENT (  '', '', ( #9233 ) ) ;
#8497 = ORIENTED_EDGE ( 'NONE', *, *, #633, .T. ) ;
#8498 = EDGE_CURVE ( 'NONE', #6088, #5229, #8791, .T. ) ;
#8499 = ADVANCED_FACE ( 'NONE', ( #4639 ), #4107, .F. ) ;
#8500 = DIRECTION ( 'NONE',  ( 0.000000000000000000, -0.000000000000000000, -1.000000000000000000 ) ) ;
#8501 = DIRECTION ( 'NONE',  ( -0.000000000000000000, -0.000000000000000000, 1.000000000000000000 ) ) ;
#8502 = LINE ( 'NONE', #976, #7202 ) ;
#8503 = VERTEX_POINT ( 'NONE', #2530 ) ;
#8504 = DIRECTION ( 'NONE',  ( 0.000000000000000000, -1.000000000000000000, 0.000000000000000000 ) ) ;
#8505 = VECTOR ( 'NONE', #6269, 1000.000000000000000 ) ;
#8506 = DIRECTION ( 'NONE',  ( 0.000000000000000000, 0.000000000000000000, 1.000000000000000000 ) ) ;
#8507 = EDGE_CURVE ( 'NONE', #3983, #9686, #1312, .T. ) ;
#8508 = COLOUR_RGB ( '',0.7921568627450980005, 0.8196078431372548767, 0.9333333333333333481 ) ;
#8509 = VERTEX_POINT ( 'NONE', #5748 ) ;
#8510 = DIRECTION ( 'NONE',  ( 0.000000000000000000, -0.000000000000000000, -1.000000000000000000 ) ) ;
#8511 = ADVANCED_FACE ( 'NONE', ( #3404 ), #2637, .T. ) ;
#8512 = CARTESIAN_POINT ( 'NONE',  ( 2.168404344971009361E-16, 0.05000000000000000278, -2.350000000000000533 ) ) ;
#8513 = CARTESIAN_POINT ( 'NONE',  ( 2.350000000000000089, 6.846803743153548005, 2.350000000000000533 ) ) ;
#8514 = EDGE_CURVE ( 'NONE', #9077, #2837, #943, .T. ) ;
#8515 = VERTEX_POINT ( 'NONE', #3346 ) ;
#8516 = VECTOR ( 'NONE', #6783, 1000.000000000000000 ) ;
#8517 = VECTOR ( 'NONE', #3165, 1000.000000000000000 ) ;
#8518 = LINE ( 'NONE', #5200, #1777 ) ;
#8519 = EDGE_CURVE ( 'NONE', #2487, #6769, #7585, .T. ) ;
#8520 = CARTESIAN_POINT ( 'NONE',  ( -3.500000000000000000, 0.8000000000000003775, 3.500000000000000444 ) ) ;
#8521 = VECTOR ( 'NONE', #3057, 1000.000000000000000 ) ;
#8522 = ORIENTED_EDGE ( 'NONE', *, *, #2575, .F. ) ;
#8523 = DIRECTION ( 'NONE',  ( 0.000000000000000000, 0.000000000000000000, -1.000000000000000000 ) ) ;
#8524 = DIRECTION ( 'NONE',  ( -1.000000000000000000, 0.000000000000000000, 0.000000000000000000 ) ) ;
#8525 = EDGE_CURVE ( 'NONE', #5172, #7533, #6952, .T. ) ;
#8526 = ORIENTED_EDGE ( 'NONE', *, *, #1311, .F. ) ;
#8527 = VECTOR ( 'NONE', #6745, 1000.000000000000000 ) ;
#8528 = CARTESIAN_POINT ( 'NONE',  ( 3.500000000000000444, 0.1999999999999999833, -1.475000000000000089 ) ) ;
#8529 = VERTEX_POINT ( 'NONE', #4280 ) ;
#8530 = LINE ( 'NONE', #1443, #10009 ) ;
#8531 = VECTOR ( 'NONE', #5717, 1000.000000000000000 ) ;
#8532 = COLOUR_RGB ( '',0.7921568627450980005, 0.8196078431372548767, 0.9333333333333333481 ) ;
#8533 = EDGE_CURVE ( 'NONE', #4010, #8231, #9042, .T. ) ;
#8534 = CARTESIAN_POINT ( 'NONE',  ( -1.125000000000000222, 0.05000000000000000278, 0.000000000000000000 ) ) ;
#8535 = EDGE_CURVE ( 'NONE', #8908, #9213, #2420, .T. ) ;
#8536 = ORIENTED_EDGE ( 'NONE', *, *, #3956, .T. ) ;
#8537 = LINE ( 'NONE', #10088, #4890 ) ;
#8538 = PLANE ( 'NONE',  #9159 ) ;
#8539 = LINE ( 'NONE', #160, #3160 ) ;
#8540 = VECTOR ( 'NONE', #8772, 1000.000000000000000 ) ;
#8541 = PLANE ( 'NONE',  #8621 ) ;
#8542 = ORIENTED_EDGE ( 'NONE', *, *, #276, .F. ) ;
#8543 = DIRECTION ( 'NONE',  ( 0.000000000000000000, 1.000000000000000000, 0.000000000000000000 ) ) ;
#8544 = DIRECTION ( 'NONE',  ( -1.000000000000000000, 0.000000000000000000, 0.000000000000000000 ) ) ;
#8545 = ORIENTED_EDGE ( 'NONE', *, *, #4083, .F. ) ;
#8546 = LINE ( 'NONE', #5089, #8304 ) ;
#8547 = CARTESIAN_POINT ( 'NONE',  ( 0.000000000000000000, 0.2000000000000000111, 0.000000000000000000 ) ) ;
#8548 = SURFACE_STYLE_FILL_AREA ( #5816 ) ;
#8549 = VECTOR ( 'NONE', #4582, 1000.000000000000000 ) ;
#8550 = VERTEX_POINT ( 'NONE', #8237 ) ;
#8551 = ORIENTED_EDGE ( 'NONE', *, *, #9112, .F. ) ;
#8552 = CARTESIAN_POINT ( 'NONE',  ( -0.8250000000000001776, 0.2000000000000000111, -3.500000000000000444 ) ) ;
#8553 = ORIENTED_EDGE ( 'NONE', *, *, #5396, .T. ) ;
#8554 = VECTOR ( 'NONE', #4604, 1000.000000000000000 ) ;
#8555 = PLANE ( 'NONE',  #6721 ) ;
#8556 =( LENGTH_UNIT ( ) NAMED_UNIT ( * ) SI_UNIT ( .MILLI., .METRE. ) );
#8557 = ADVANCED_FACE ( 'NONE', ( #1548 ), #324, .T. ) ;
#8559 = FACE_OUTER_BOUND ( 'NONE', #5682, .T. ) ;
#8558 = PLANE ( 'NONE',  #547 ) ;
#8560 = ORIENTED_EDGE ( 'NONE', *, *, #373, .T. ) ;
#8561 = ADVANCED_FACE ( 'NONE', ( #433 ), #8956, .F. ) ;
#8562 = AXIS2_PLACEMENT_3D ( 'NONE', #9690, #7472, #2783 ) ;
#8563 = ORIENTED_EDGE ( 'NONE', *, *, #6775, .T. ) ;
#8564 = VERTEX_POINT ( 'NONE', #7534 ) ;
#8565 = LINE ( 'NONE', #1344, #8691 ) ;
#8566 = DIRECTION ( 'NONE',  ( -0.000000000000000000, -1.000000000000000000, -0.000000000000000000 ) ) ;
#8567 = VECTOR ( 'NONE', #9454, 1000.000000000000000 ) ;
#8568 = EDGE_LOOP ( 'NONE', ( #2521, #9247, #1318, #8714 ) ) ;
#8569 = VERTEX_POINT ( 'NONE', #3592 ) ;
#8570 = EDGE_LOOP ( 'NONE', ( #2227, #4652, #5241, #3720 ) ) ;
#8571 = VERTEX_POINT ( 'NONE', #1898 ) ;
#8572 = DIRECTION ( 'NONE',  ( 0.000000000000000000, -0.000000000000000000, 1.000000000000000000 ) ) ;
#8573 = AXIS2_PLACEMENT_3D ( 'NONE', #827, #7977, #8635 ) ;
#8574 = CARTESIAN_POINT ( 'NONE',  ( -2.950000000000000178, 0.1999999999999999833, 0.4749999999999997558 ) ) ;
#8575 = DIRECTION ( 'NONE',  ( 0.000000000000000000, -1.000000000000000000, 0.000000000000000000 ) ) ;
#8576 = DIRECTION ( 'NONE',  ( 0.000000000000000000, 0.000000000000000000, -1.000000000000000000 ) ) ;
#8577 = EDGE_CURVE ( 'NONE', #9953, #7389, #4150, .T. ) ;
#8578 = PLANE ( 'NONE',  #2634 ) ;
#8579 = ORIENTED_EDGE ( 'NONE', *, *, #2359, .T. ) ;
#8580 = ORIENTED_EDGE ( 'NONE', *, *, #9508, .F. ) ;
#8581 = EDGE_LOOP ( 'NONE', ( #2795, #4683, #7479, #7620 ) ) ;
#8582 = ORIENTED_EDGE ( 'NONE', *, *, #1047, .T. ) ;
#8583 = EDGE_CURVE ( 'NONE', #7965, #1231, #6212, .T. ) ;
#8584 = VERTEX_POINT ( 'NONE', #1102 ) ;
#8585 = VECTOR ( 'NONE', #1853, 1000.000000000000000 ) ;
#8586 = ORIENTED_EDGE ( 'NONE', *, *, #2306, .F. ) ;
#8587 = DIRECTION ( 'NONE',  ( -0.000000000000000000, 0.000000000000000000, 1.000000000000000000 ) ) ;
#8588 = VECTOR ( 'NONE', #2608, 1000.000000000000000 ) ;
#8589 = CARTESIAN_POINT ( 'NONE',  ( 1.774999999999999689, 0.1999999999999999833, -3.500000000000000444 ) ) ;
#8590 = EDGE_CURVE ( 'NONE', #8133, #7238, #8297, .T. ) ;
#8591 = DIRECTION ( 'NONE',  ( -1.000000000000000000, 0.000000000000000000, -0.000000000000000000 ) ) ;
#8592 = EDGE_LOOP ( 'NONE', ( #1357, #235, #9932, #4880, #1030, #351, #6378, #10036, #1022, #8579, #9218, #6250, #3334, #4156, #120, #6704, #4306, #4372, #4348, #315, #9501, #6890, #8483, #4934, #7617, #8847, #6514, #7455, #10008, #2407, #9108, #1083, #2276, #1473, #8110, #10078 ) ) ;
#8593 = ORIENTED_EDGE ( 'NONE', *, *, #3558, .T. ) ;
#8594 = CARTESIAN_POINT ( 'NONE',  ( 1.125000000000000666, 0.8264982043070834283, 3.500000000000001332 ) ) ;
#8595 = EDGE_CURVE ( 'NONE', #876, #651, #2798, .T. ) ;
#8596 = LINE ( 'NONE', #8270, #7760 ) ;
#8597 = ORIENTED_EDGE ( 'NONE', *, *, #3637, .F. ) ;
#8598 = DIRECTION ( 'NONE',  ( 0.000000000000000000, 1.000000000000000000, 0.000000000000000000 ) ) ;
#8599 = CARTESIAN_POINT ( 'NONE',  ( -2.950000000000000178, 0.8264982043070829842, 0.1750000000000006828 ) ) ;
#8600 = EDGE_LOOP ( 'NONE', ( #7727, #8070, #2138, #5582 ) ) ;
#8601 = DIRECTION ( 'NONE',  ( 0.000000000000000000, -0.000000000000000000, 1.000000000000000000 ) ) ;
#8602 = DIRECTION ( 'NONE',  ( -0.000000000000000000, -0.000000000000000000, 1.000000000000000000 ) ) ;
#8603 = ORIENTED_EDGE ( 'NONE', *, *, #2046, .F. ) ;
#8604 = CARTESIAN_POINT ( 'NONE',  ( -0.8250000000000001776, 0.2000000000000000111, 2.950000000000001066 ) ) ;
#8605 = ADVANCED_FACE ( 'NONE', ( #7207 ), #9850, .F. ) ;
#8606 = AXIS2_PLACEMENT_3D ( 'NONE', #2071, #364, #439 ) ;
#8607 = AXIS2_PLACEMENT_3D ( 'NONE', #118, #6440, #2585 ) ;
#8608 = DIRECTION ( 'NONE',  ( 1.000000000000000000, -0.000000000000000000, 0.000000000000000000 ) ) ;
#8609 = ORIENTED_EDGE ( 'NONE', *, *, #10104, .F. ) ;
#8610 = DIRECTION ( 'NONE',  ( 0.000000000000000000, -1.000000000000000000, 0.000000000000000000 ) ) ;
#8611 = CARTESIAN_POINT ( 'NONE',  ( 2.950000000000000178, 0.1999999999999999833, 2.425000000000000266 ) ) ;
#8612 = ADVANCED_FACE ( 'NONE', ( #1669 ), #9787, .T. ) ;
#8613 = CARTESIAN_POINT ( 'NONE',  ( 2.125000000000000888, 0.8264982043070834283, 2.950000000000001066 ) ) ;
#8614 = CARTESIAN_POINT ( 'NONE',  ( -2.125000000000000000, 0.1999999999999999833, -3.500000000000000444 ) ) ;
#8615 = CARTESIAN_POINT ( 'NONE',  ( 1.474999999999999645, 0.8264982043070834283, -3.500000000000000444 ) ) ;
#8616 = DIRECTION ( 'NONE',  ( -1.000000000000000000, 0.000000000000000000, 0.000000000000000000 ) ) ;
#8617 = LINE ( 'NONE', #8437, #6298 ) ;
#8618 = VERTEX_POINT ( 'NONE', #357 ) ;
#8619 = SURFACE_SIDE_STYLE ('',( #7020 ) ) ;
#8620 = ORIENTED_EDGE ( 'NONE', *, *, #4817, .T. ) ;
#8621 = AXIS2_PLACEMENT_3D ( 'NONE', #7871, #3082, #1551 ) ;
#8622 = CARTESIAN_POINT ( 'NONE',  ( 1.474999999999999645, 0.2000000000000000111, -2.950000000000000178 ) ) ;
#8623 = CARTESIAN_POINT ( 'NONE',  ( 2.125000000000000888, 0.1999999999999999833, 2.950000000000001066 ) ) ;
#8624 = SURFACE_STYLE_FILL_AREA ( #5020 ) ;
#8625 = VECTOR ( 'NONE', #7077, 1000.000000000000000 ) ;
#8626 = EDGE_LOOP ( 'NONE', ( #402, #7783, #2000, #8673 ) ) ;
#8627 = ORIENTED_EDGE ( 'NONE', *, *, #2179, .F. ) ;
#8628 = VECTOR ( 'NONE', #4562, 1000.000000000000000 ) ;
#8629 = CARTESIAN_POINT ( 'NONE',  ( 1.775000000000000577, 0.04999999999999969746, 3.500000000000001332 ) ) ;
#8630 = LINE ( 'NONE', #5261, #4000 ) ;
#8631 = AXIS2_PLACEMENT_3D ( 'NONE', #9287, #2378, #1475 ) ;
#8632 = CARTESIAN_POINT ( 'NONE',  ( 0.8250000000000006217, 0.2000000000000000111, 2.950000000000001066 ) ) ;
#8633 = VECTOR ( 'NONE', #4322, 1000.000000000000000 ) ;
#8634 = VERTEX_POINT ( 'NONE', #2700 ) ;
#8635 = DIRECTION ( 'NONE',  ( 1.000000000000000000, 0.000000000000000000, -0.000000000000000000 ) ) ;
#8636 = EDGE_CURVE ( 'NONE', #9059, #358, #1187, .T. ) ;
#8637 = ORIENTED_EDGE ( 'NONE', *, *, #421, .T. ) ;
#8638 = LINE ( 'NONE', #3889, #9512 ) ;
#8639 = SURFACE_STYLE_USAGE ( .BOTH. , #4836 ) ;
#8640 = EDGE_CURVE ( 'NONE', #3174, #9326, #5131, .T. ) ;
#8641 = VECTOR ( 'NONE', #921, 1000.000000000000000 ) ;
#8642 = LINE ( 'NONE', #2345, #5606 ) ;
#8643 = DIRECTION ( 'NONE',  ( -0.000000000000000000, -1.000000000000000000, -0.000000000000000000 ) ) ;
#8644 = CARTESIAN_POINT ( 'NONE',  ( 0.8250000000000006217, 0.1999999999999999833, 2.950000000000001066 ) ) ;
#8645 = DIRECTION ( 'NONE',  ( 1.000000000000000000, -0.000000000000000000, 0.000000000000000000 ) ) ;
#8646 = CARTESIAN_POINT ( 'NONE',  ( 0.8249999999999997335, 0.2000000000000000111, -2.950000000000000178 ) ) ;
#8647 = DIRECTION ( 'NONE',  ( -1.000000000000000000, 0.000000000000000000, -0.000000000000000000 ) ) ;
#8648 = EDGE_CURVE ( 'NONE', #6229, #3363, #1303, .T. ) ;
#8649 = CARTESIAN_POINT ( 'NONE',  ( -2.950000000000000178, 0.1999999999999999833, 1.774999999999999689 ) ) ;
#8650 = ORIENTED_EDGE ( 'NONE', *, *, #7569, .T. ) ;
#8651 = LINE ( 'NONE', #6535, #2672 ) ;
#8652 = STYLED_ITEM ( 'NONE', ( #4052 ), #437 ) ;
#8653 = CARTESIAN_POINT ( 'NONE',  ( -1.475000000000000977, 0.000000000000000000, -2.950000000000000178 ) ) ;
#8654 = FACE_OUTER_BOUND ( 'NONE', #1728, .T. ) ;
#8655 = CARTESIAN_POINT ( 'NONE',  ( -3.500000000000000444, 0.04999999999999969746, -0.8250000000000001776 ) ) ;
#8656 = CARTESIAN_POINT ( 'NONE',  ( 0.1750000000000006828, 0.8264982043070834283, 2.950000000000001066 ) ) ;
#8657 = ADVANCED_FACE ( 'NONE', ( #3398 ), #1177, .T. ) ;
#8658 = LINE ( 'NONE', #589, #1927 ) ;
#8659 = PLANE ( 'NONE',  #3134 ) ;
#8660 = EDGE_CURVE ( 'NONE', #8844, #2307, #181, .T. ) ;
#8661 = ORIENTED_EDGE ( 'NONE', *, *, #10026, .F. ) ;
#8662 = LINE ( 'NONE', #9278, #7087 ) ;
#8663 = FACE_OUTER_BOUND ( 'NONE', #173, .T. ) ;
#8664 = EDGE_CURVE ( 'NONE', #9094, #4010, #7576, .T. ) ;
#8665 = CARTESIAN_POINT ( 'NONE',  ( 1.775000000000000577, 0.2000000000000000111, 3.500000000000001332 ) ) ;
#8666 = LINE ( 'NONE', #5932, #4400 ) ;
#8667 = ORIENTED_EDGE ( 'NONE', *, *, #8514, .F. ) ;
#8668 = STYLED_ITEM ( 'NONE', ( #7190 ), #2745 ) ;
#8669 = CARTESIAN_POINT ( 'NONE',  ( 2.424999999999999378, 0.04999999999999999584, -2.950000000000000178 ) ) ;
#8670 = ORIENTED_EDGE ( 'NONE', *, *, #8869, .T. ) ;
#8671 = PLANE ( 'NONE',  #7856 ) ;
#8672 = CARTESIAN_POINT ( 'NONE',  ( 1.474999999999999645, 0.04999999999999969746, -3.500000000000000444 ) ) ;
#8673 = ORIENTED_EDGE ( 'NONE', *, *, #8200, .F. ) ;
#8674 = FACE_OUTER_BOUND ( 'NONE', #7998, .T. ) ;
#8675 = CARTESIAN_POINT ( 'NONE',  ( -3.500000000000000444, 0.1999999999999999833, 1.124999999999999778 ) ) ;
#8676 = ORIENTED_EDGE ( 'NONE', *, *, #5973, .T. ) ;
#8677 = PRESENTATION_STYLE_ASSIGNMENT (( #7405 ) ) ;
#8678 = CARTESIAN_POINT ( 'NONE',  ( 0.1750000000000006828, 0.04999999999999969746, 3.500000000000001332 ) ) ;
#8679 = FACE_OUTER_BOUND ( 'NONE', #3701, .T. ) ;
#8680 = VERTEX_POINT ( 'NONE', #2804 ) ;
#8681 = DIRECTION ( 'NONE',  ( 0.000000000000000000, -0.000000000000000000, 1.000000000000000000 ) ) ;
#8682 = ORIENTED_EDGE ( 'NONE', *, *, #8137, .T. ) ;
#8683 = PLANE ( 'NONE',  #3226 ) ;
#8684 = DIRECTION ( 'NONE',  ( -1.000000000000000000, 0.000000000000000000, 1.239088197126290817E-16 ) ) ;
#8685 = FACE_OUTER_BOUND ( 'NONE', #2275, .T. ) ;
#8686 = CARTESIAN_POINT ( 'NONE',  ( 2.950000000000000178, 0.1999999999999999833, -1.774999999999999245 ) ) ;
#8687 = VERTEX_POINT ( 'NONE', #6792 ) ;
#8688 = DIRECTION ( 'NONE',  ( -0.000000000000000000, -1.000000000000000000, -0.000000000000000000 ) ) ;
#8689 =( GEOMETRIC_REPRESENTATION_CONTEXT ( 3 ) GLOBAL_UNCERTAINTY_ASSIGNED_CONTEXT ( ( #7332 ) ) GLOBAL_UNIT_ASSIGNED_CONTEXT ( ( #5553, #9513, #67 ) ) REPRESENTATION_CONTEXT ( 'NONE', 'WORKASPACE' ) );
#8690 = CARTESIAN_POINT ( 'NONE',  ( -2.950000000000000178, 0.8264982043070829842, 1.124999999999999778 ) ) ;
#8691 = VECTOR ( 'NONE', #6823, 1000.000000000000000 ) ;
#8692 = LINE ( 'NONE', #760, #7975 ) ;
#8693 = CARTESIAN_POINT ( 'NONE',  ( -3.500000000000000444, 0.8264982043070829842, 0.1750000000000006828 ) ) ;
#8694 = UNCERTAINTY_MEASURE_WITH_UNIT (LENGTH_MEASURE( 1.000000000000000082E-05 ), #6346, 'distance_accuracy_value', 'NONE');
#8695 = VERTEX_POINT ( 'NONE', #5330 ) ;
#8696 = CARTESIAN_POINT ( 'NONE',  ( 3.500000000000000444, 0.000000000000000000, 0.4749999999999997558 ) ) ;
#8697 = ORIENTED_EDGE ( 'NONE', *, *, #9523, .F. ) ;
#8698 = FACE_OUTER_BOUND ( 'NONE', #6683, .T. ) ;
#8699 = CARTESIAN_POINT ( 'NONE',  ( -2.950000000000000178, 0.1999999999999999833, -1.475000000000000089 ) ) ;
#8700 = EDGE_CURVE ( 'NONE', #6403, #10126, #6204, .T. ) ;
#8701 = CARTESIAN_POINT ( 'NONE',  ( 2.950000000000000178, 0.1999999999999999833, -1.124999999999999334 ) ) ;
#8702 = CLOSED_SHELL ( 'NONE', ( #2520, #2734, #6462, #9854, #530, #2037 ) ) ;
#8703 = ORIENTED_EDGE ( 'NONE', *, *, #8340, .F. ) ;
#8704 = PLANE ( 'NONE',  #9681 ) ;
#8705 = ORIENTED_EDGE ( 'NONE', *, *, #6365, .T. ) ;
#8706 = VECTOR ( 'NONE', #1797, 1000.000000000000000 ) ;
#8707 = CARTESIAN_POINT ( 'NONE',  ( -0.8250000000000001776, 0.1999999999999999833, -3.500000000000000444 ) ) ;
#8708 = DIRECTION ( 'NONE',  ( 1.577021341797097215E-15, 0.000000000000000000, 1.000000000000000000 ) ) ;
#8709 = EDGE_CURVE ( 'NONE', #5070, #9249, #3272, .T. ) ;
#8711 = VECTOR ( 'NONE', #1009, 1000.000000000000000 ) ;
#8710 =( NAMED_UNIT ( * ) PLANE_ANGLE_UNIT ( ) SI_UNIT ( $, .RADIAN. ) );
#8712 = VERTEX_POINT ( 'NONE', #4448 ) ;
#8713 = ORIENTED_EDGE ( 'NONE', *, *, #9605, .F. ) ;
#8714 = ORIENTED_EDGE ( 'NONE', *, *, #6819, .F. ) ;
#8715 = EDGE_CURVE ( 'NONE', #8865, #1820, #9530, .T. ) ;
#8716 = AXIS2_PLACEMENT_3D ( 'NONE', #5601, #7891, #7999 ) ;
#8717 = VECTOR ( 'NONE', #4780, 1000.000000000000000 ) ;
#8718 = ORIENTED_EDGE ( 'NONE', *, *, #7310, .F. ) ;
#8719 = CARTESIAN_POINT ( 'NONE',  ( 2.950000000000000178, 0.000000000000000000, -1.475000000000000089 ) ) ;
#8720 = ADVANCED_FACE ( 'NONE', ( #1541 ), #6009, .F. ) ;
#8721 = EDGE_CURVE ( 'NONE', #2053, #2342, #6942, .T. ) ;
#8722 = DIRECTION ( 'NONE',  ( 0.000000000000000000, 0.000000000000000000, 1.000000000000000000 ) ) ;
#8723 = VECTOR ( 'NONE', #692, 1000.000000000000000 ) ;
#8724 = PLANE ( 'NONE',  #2845 ) ;
#8725 = ORIENTED_EDGE ( 'NONE', *, *, #4874, .T. ) ;
#8726 = EDGE_CURVE ( 'NONE', #2852, #5769, #4392, .T. ) ;
#8727 = DIRECTION ( 'NONE',  ( 0.000000000000000000, -1.000000000000000000, 0.000000000000000000 ) ) ;
#8728 = ORIENTED_EDGE ( 'NONE', *, *, #9898, .T. ) ;
#8729 = VERTEX_POINT ( 'NONE', #3683 ) ;
#8730 = CARTESIAN_POINT ( 'NONE',  ( 1.775000000000000577, 0.2000000000000005107, 3.499999999999999556 ) ) ;
#8732 = EDGE_CURVE ( 'NONE', #6179, #2525, #1785, .T. ) ;
#8731 = VECTOR ( 'NONE', #3871, 1000.000000000000000 ) ;
#8733 = CARTESIAN_POINT ( 'NONE',  ( -2.950000000000000178, 0.8264982043070829842, -0.8250000000000001776 ) ) ;
#8734 = VERTEX_POINT ( 'NONE', #1345 ) ;
#8735 = EDGE_CURVE ( 'NONE', #8962, #6602, #5612, .T. ) ;
#8736 = ORIENTED_EDGE ( 'NONE', *, *, #6228, .T. ) ;
#8737 = CARTESIAN_POINT ( 'NONE',  ( -2.950000000000000178, 0.000000000000000000, -2.125000000000000000 ) ) ;
#8738 = LINE ( 'NONE', #9305, #9237 ) ;
#8739 = ORIENTED_EDGE ( 'NONE', *, *, #6218, .F. ) ;
#8740 = PLANE ( 'NONE',  #7827 ) ;
#8741 = ORIENTED_EDGE ( 'NONE', *, *, #4227, .F. ) ;
#8742 =( NAMED_UNIT ( * ) SI_UNIT ( $, .STERADIAN. ) SOLID_ANGLE_UNIT ( ) );
#8743 = AXIS2_PLACEMENT_3D ( 'NONE', #1217, #5144, #6741 ) ;
#8744 = STYLED_ITEM ( 'NONE', ( #6536 ), #3371 ) ;
#8745 = VECTOR ( 'NONE', #4232, 1000.000000000000000 ) ;
#8746 = DIRECTION ( 'NONE',  ( 0.000000000000000000, 0.000000000000000000, -1.000000000000000000 ) ) ;
#8747 = ORIENTED_EDGE ( 'NONE', *, *, #8994, .T. ) ;
#8748 = DIRECTION ( 'NONE',  ( -0.000000000000000000, 0.000000000000000000, -1.000000000000000000 ) ) ;
#8749 = DIRECTION ( 'NONE',  ( -0.000000000000000000, -1.000000000000000000, -0.000000000000000000 ) ) ;
#8750 = CARTESIAN_POINT ( 'NONE',  ( 2.950000000000000178, 0.8264982043070829842, -1.774999999999999245 ) ) ;
#8751 = CLOSED_SHELL ( 'NONE', ( #3953, #8938, #5240, #5658, #3339, #2565 ) ) ;
#8752 = CARTESIAN_POINT ( 'NONE',  ( 2.950000000000000178, 0.8264982043070829842, -2.424999999999999378 ) ) ;
#8753 = CARTESIAN_POINT ( 'NONE',  ( -0.1750000000000002387, 0.000000000000000000, -3.500000000000000444 ) ) ;
#8754 = VECTOR ( 'NONE', #1559, 1000.000000000000000 ) ;
#8755 = ORIENTED_EDGE ( 'NONE', *, *, #1639, .F. ) ;
#8756 = LINE ( 'NONE', #3258, #3857 ) ;
#8757 = CARTESIAN_POINT ( 'NONE',  ( -3.100000000000000977, 0.6999999999999999556, -3.100000000000000977 ) ) ;
#8758 = LINE ( 'NONE', #10016, #8379 ) ;
#8759 = EDGE_LOOP ( 'NONE', ( #7086, #6591, #6435, #8765 ) ) ;
#8760 = CARTESIAN_POINT ( 'NONE',  ( 1.474999999999999645, 0.2000000000000000111, -2.950000000000000178 ) ) ;
#8761 = AXIS2_PLACEMENT_3D ( 'NONE', #1136, #3617, #1243 ) ;
#8762 = PLANE ( 'NONE',  #857 ) ;
#8763 = ADVANCED_FACE ( 'NONE', ( #1925 ), #7664, .F. ) ;
#8764 = CARTESIAN_POINT ( 'NONE',  ( 2.950000000000000178, 0.1999999999999999833, 1.774999999999999689 ) ) ;
#8765 = ORIENTED_EDGE ( 'NONE', *, *, #8660, .T. ) ;
#8766 = VECTOR ( 'NONE', #3040, 1000.000000000000000 ) ;
#8767 = LINE ( 'NONE', #8733, #4755 ) ;
#8768 = LINE ( 'NONE', #2964, #6316 ) ;
#8769 = ADVANCED_FACE ( 'NONE', ( #9386 ), #532, .T. ) ;
#8770 = LINE ( 'NONE', #3835, #3030 ) ;
#8771 = VERTEX_POINT ( 'NONE', #10007 ) ;
#8772 = DIRECTION ( 'NONE',  ( -0.000000000000000000, -1.000000000000000000, -0.000000000000000000 ) ) ;
#8773 = CARTESIAN_POINT ( 'NONE',  ( -1.475000000000000089, 0.04999999999999969746, -3.500000000000000444 ) ) ;
#8774 = EDGE_LOOP ( 'NONE', ( #8111, #2074, #5237, #1931 ) ) ;
#8775 = VECTOR ( 'NONE', #2946, 1000.000000000000000 ) ;
#8776 =( NAMED_UNIT ( * ) PLANE_ANGLE_UNIT ( ) SI_UNIT ( $, .RADIAN. ) );
#8777 = AXIS2_PLACEMENT_3D ( 'NONE', #4899, #8143, #6454 ) ;
#8778 = CARTESIAN_POINT ( 'NONE',  ( 0.8250000000000006217, 0.2000000000000000111, 3.500000000000001332 ) ) ;
#8779 = LINE ( 'NONE', #6898, #6709 ) ;
#8780 = DIRECTION ( 'NONE',  ( -0.000000000000000000, -1.000000000000000000, -0.000000000000000000 ) ) ;
#8781 = FACE_OUTER_BOUND ( 'NONE', #4135, .T. ) ;
#8782 = EDGE_CURVE ( 'NONE', #5695, #5373, #933, .T. ) ;
#8783 = DIRECTION ( 'NONE',  ( 0.000000000000000000, 0.000000000000000000, 1.000000000000000000 ) ) ;
#8784 = CARTESIAN_POINT ( 'NONE',  ( -3.500000000000000444, 0.1999999999999999833, -1.774999999999999245 ) ) ;
#8785 = EDGE_CURVE ( 'NONE', #8136, #8222, #8779, .T. ) ;
#8786 = ORIENTED_EDGE ( 'NONE', *, *, #7883, .T. ) ;
#8787 = VECTOR ( 'NONE', #7407, 1000.000000000000000 ) ;
#8788 = ORIENTED_EDGE ( 'NONE', *, *, #7099, .T. ) ;
#8789 = DIRECTION ( 'NONE',  ( -0.000000000000000000, -1.000000000000000000, -0.000000000000000000 ) ) ;
#8790 = CARTESIAN_POINT ( 'NONE',  ( 3.500000000000000444, 0.05000000000000000278, 3.499999999999999556 ) ) ;
#8791 = LINE ( 'NONE', #7299, #8911 ) ;
#8792 = CARTESIAN_POINT ( 'NONE',  ( 1.124999999999999778, 0.000000000000000000, 2.950000000000001066 ) ) ;
#8793 = CARTESIAN_POINT ( 'NONE',  ( 1.775000000000000577, 0.8264982043070834283, 3.500000000000001332 ) ) ;
#8794 = LINE ( 'NONE', #4102, #10131 ) ;
#8795 = EDGE_CURVE ( 'NONE', #5593, #8851, #4883, .T. ) ;
#8796 = CARTESIAN_POINT ( 'NONE',  ( 2.950000000000000178, 0.1999999999999999833, 2.425000000000000266 ) ) ;
#8797 = ORIENTED_EDGE ( 'NONE', *, *, #9130, .F. ) ;
#8798 = AXIS2_PLACEMENT_3D ( 'NONE', #6226, #5482, #3188 ) ;
#8799 = CARTESIAN_POINT ( 'NONE',  ( 2.950000000000000178, 0.000000000000000000, -1.774999999999999245 ) ) ;
#8800 = EDGE_CURVE ( 'NONE', #7857, #3041, #2285, .T. ) ;
#8801 = VERTEX_POINT ( 'NONE', #9945 ) ;
#8802 = VECTOR ( 'NONE', #1196, 1000.000000000000000 ) ;
#8803 = DIRECTION ( 'NONE',  ( 0.000000000000000000, -1.000000000000000000, 0.000000000000000000 ) ) ;
#8804 = VECTOR ( 'NONE', #4391, 1000.000000000000000 ) ;
#8806 = LINE ( 'NONE', #2571, #6839 ) ;
#8805 = DIRECTION ( 'NONE',  ( -1.000000000000000000, 0.000000000000000000, -0.000000000000000000 ) ) ;
#8807 = ORIENTED_EDGE ( 'NONE', *, *, #8459, .F. ) ;
#8808 = EDGE_LOOP ( 'NONE', ( #3779, #9695, #1435, #10091 ) ) ;
#8809 = VERTEX_POINT ( 'NONE', #6047 ) ;
#8810 = VECTOR ( 'NONE', #497, 1000.000000000000000 ) ;
#8811 = EDGE_LOOP ( 'NONE', ( #7663, #724, #4584, #5542 ) ) ;
#8812 = FACE_OUTER_BOUND ( 'NONE', #447, .T. ) ;
#8813 = PLANE ( 'NONE',  #3579 ) ;
#8814 = AXIS2_PLACEMENT_3D ( 'NONE', #212, #9563, #3292 ) ;
#8815 = UNCERTAINTY_MEASURE_WITH_UNIT (LENGTH_MEASURE( 1.000000000000000082E-05 ), #8282, 'distance_accuracy_value', 'NONE');
#8816 =( LENGTH_UNIT ( ) NAMED_UNIT ( * ) SI_UNIT ( .MILLI., .METRE. ) );
#8817 = LINE ( 'NONE', #4047, #5272 ) ;
#8818 = CARTESIAN_POINT ( 'NONE',  ( -2.950000000000000178, 0.8264982043070829842, -1.475000000000000089 ) ) ;
#8819 = DIRECTION ( 'NONE',  ( 0.000000000000000000, -1.000000000000000000, 0.000000000000000000 ) ) ;
#8821 = ORIENTED_EDGE ( 'NONE', *, *, #8721, .T. ) ;
#8820 = CARTESIAN_POINT ( 'NONE',  ( 2.125000000000000888, 0.000000000000000000, 2.950000000000001066 ) ) ;
#8822 = VECTOR ( 'NONE', #5516, 1000.000000000000000 ) ;
#8823 = DIRECTION ( 'NONE',  ( 0.000000000000000000, 0.000000000000000000, -1.000000000000000000 ) ) ;
#8824 = LINE ( 'NONE', #498, #2590 ) ;
#8825 = SURFACE_STYLE_FILL_AREA ( #2370 ) ;
#8826 = CARTESIAN_POINT ( 'NONE',  ( -0.1750000000000002387, 0.1999999999999999833, 2.950000000000001066 ) ) ;
#8827 = ADVANCED_FACE ( 'NONE', ( #5732 ), #9226, .T. ) ;
#8828 = CARTESIAN_POINT ( 'NONE',  ( 1.774999999999994138, 0.05000000000000000278, 2.799212881689838524E-15 ) ) ;
#8829 = MANIFOLD_SOLID_BREP ( 'LPattern4[13]', #6787 ) ;
#8830 = CARTESIAN_POINT ( 'NONE',  ( 2.950000000000000178, 0.000000000000000000, 0.4749999999999997558 ) ) ;
#8831 = ORIENTED_EDGE ( 'NONE', *, *, #777, .F. ) ;
#8832 = AXIS2_PLACEMENT_3D ( 'NONE', #4624, #4727, #3892 ) ;
#8833 = DIRECTION ( 'NONE',  ( -1.000000000000000000, 0.000000000000000000, 0.000000000000000000 ) ) ;
#8834 = ORIENTED_EDGE ( 'NONE', *, *, #4540, .T. ) ;
#8835 =( NAMED_UNIT ( * ) SI_UNIT ( $, .STERADIAN. ) SOLID_ANGLE_UNIT ( ) );
#8836 = ORIENTED_EDGE ( 'NONE', *, *, #2302, .F. ) ;
#8837 = VECTOR ( 'NONE', #2526, 1000.000000000000000 ) ;
#8838 = DIRECTION ( 'NONE',  ( 0.000000000000000000, -1.000000000000000000, 0.000000000000000000 ) ) ;
#8839 = LINE ( 'NONE', #2809, #9198 ) ;
#8840 = SURFACE_STYLE_USAGE ( .BOTH. , #1049 ) ;
#8841 = DIRECTION ( 'NONE',  ( 0.000000000000000000, 0.000000000000000000, -1.000000000000000000 ) ) ;
#8842 = EDGE_LOOP ( 'NONE', ( #3919, #1812, #251, #2735 ) ) ;
#8843 = VERTEX_POINT ( 'NONE', #2303 ) ;
#8844 = VERTEX_POINT ( 'NONE', #3103 ) ;
#8845 = DIRECTION ( 'NONE',  ( 1.577021341797097215E-15, 0.000000000000000000, 1.000000000000000000 ) ) ;
#8846 = FACE_OUTER_BOUND ( 'NONE', #467, .T. ) ;
#8847 = ORIENTED_EDGE ( 'NONE', *, *, #4469, .T. ) ;
#8848 = VECTOR ( 'NONE', #2504, 1000.000000000000000 ) ;
#8849 = EDGE_CURVE ( 'NONE', #874, #5817, #7932, .T. ) ;
#8850 = CARTESIAN_POINT ( 'NONE',  ( 2.950000000000000178, 0.05000000000000002359, 2.125000000000000888 ) ) ;
#8851 = VERTEX_POINT ( 'NONE', #4717 ) ;
#8852 = ORIENTED_EDGE ( 'NONE', *, *, #2381, .F. ) ;
#8853 = DIRECTION ( 'NONE',  ( 1.000000000000000000, 0.000000000000000000, -0.000000000000000000 ) ) ;
#8854 = EDGE_CURVE ( 'NONE', #2872, #8515, #7335, .T. ) ;
#8855 = LINE ( 'NONE', #2376, #8127 ) ;
#8856 = CARTESIAN_POINT ( 'NONE',  ( -2.950000000000000178, 0.8264982043070829842, -2.424999999999999378 ) ) ;
#8857 = ORIENTED_EDGE ( 'NONE', *, *, #1757, .T. ) ;
#8858 = FACE_OUTER_BOUND ( 'NONE', #10054, .T. ) ;
#8859 = EDGE_CURVE ( 'NONE', #5351, #3967, #8530, .T. ) ;
#8860 = ORIENTED_EDGE ( 'NONE', *, *, #3078, .T. ) ;
#8861 = CARTESIAN_POINT ( 'NONE',  ( -3.500000000000000444, 0.000000000000000000, 2.425000000000000266 ) ) ;
#8862 = CARTESIAN_POINT ( 'NONE',  ( -1.474999999999999423, 0.8264982043070834283, 3.500000000000001332 ) ) ;
#8863 = FILL_AREA_STYLE_COLOUR ( '', #3545 ) ;
#8864 = AXIS2_PLACEMENT_3D ( 'NONE', #10037, #5359, #9115 ) ;
#8865 = VERTEX_POINT ( 'NONE', #6995 ) ;
#8866 = CARTESIAN_POINT ( 'NONE',  ( 3.500000000000000444, 0.1999999999999999833, -1.124999999999999334 ) ) ;
#8867 = DIRECTION ( 'NONE',  ( 1.577021341797097215E-15, -0.000000000000000000, 1.000000000000000000 ) ) ;
#8868 = LINE ( 'NONE', #3613, #8139 ) ;
#8869 = EDGE_CURVE ( 'NONE', #7580, #2808, #1429, .T. ) ;
#8870 = DIRECTION ( 'NONE',  ( -1.000000000000000000, 0.000000000000000000, -1.577021341797097215E-15 ) ) ;
#8871 = DIRECTION ( 'NONE',  ( 0.000000000000000000, 0.000000000000000000, -1.000000000000000000 ) ) ;
#8872 = ORIENTED_EDGE ( 'NONE', *, *, #1834, .F. ) ;
#8873 = DIRECTION ( 'NONE',  ( -0.000000000000000000, -0.000000000000000000, 1.000000000000000000 ) ) ;
#8874 = CARTESIAN_POINT ( 'NONE',  ( -1.475000000000000089, 0.1999999999999999833, 2.950000000000001066 ) ) ;
#8875 = EDGE_CURVE ( 'NONE', #1465, #3277, #6577, .T. ) ;
#8876 = VECTOR ( 'NONE', #3797, 1000.000000000000000 ) ;
#8877 = MECHANICAL_DESIGN_GEOMETRIC_PRESENTATION_REPRESENTATION (  '', ( #448 ), #4887 ) ;
#8878 = EDGE_CURVE ( 'NONE', #8315, #3254, #2667, .T. ) ;
#8879 = ORIENTED_EDGE ( 'NONE', *, *, #5526, .F. ) ;
#8880 = CARTESIAN_POINT ( 'NONE',  ( 0.8249999999999997335, 0.2000000000000005107, -3.500000000000000000 ) ) ;
#8881 = ADVANCED_FACE ( 'NONE', ( #5852 ), #5397, .T. ) ;
#8882 = ORIENTED_EDGE ( 'NONE', *, *, #7808, .F. ) ;
#8883 = ADVANCED_FACE ( 'NONE', ( #7443 ), #8558, .T. ) ;
#8884 =( NAMED_UNIT ( * ) SI_UNIT ( $, .STERADIAN. ) SOLID_ANGLE_UNIT ( ) );
#8885 = LINE ( 'NONE', #8760, #1520 ) ;
#8886 = COLOUR_RGB ( '',0.7921568627450980005, 0.8196078431372548767, 0.9333333333333333481 ) ;
#8887 = ORIENTED_EDGE ( 'NONE', *, *, #8015, .F. ) ;
#8888 = LINE ( 'NONE', #7826, #5233 ) ;
#8889 = CARTESIAN_POINT ( 'NONE',  ( 0.8250000000000006217, 0.04999999999999969746, 3.500000000000001332 ) ) ;
#8890 = LINE ( 'NONE', #2624, #8387 ) ;
#8891 = VECTOR ( 'NONE', #3842, 1000.000000000000000 ) ;
#8892 = DIRECTION ( 'NONE',  ( -0.000000000000000000, -1.000000000000000000, -0.000000000000000000 ) ) ;
#8893 = DIRECTION ( 'NONE',  ( 0.000000000000000000, -0.000000000000000000, 1.000000000000000000 ) ) ;
#8894 = VECTOR ( 'NONE', #2110, 1000.000000000000000 ) ;
#8895 = EDGE_LOOP ( 'NONE', ( #9395, #4230, #1106, #3091 ) ) ;
#8896 = CARTESIAN_POINT ( 'NONE',  ( 2.950000000000000178, 0.1999999999999999833, -0.1750000000000002387 ) ) ;
#8897 = CARTESIAN_POINT ( 'NONE',  ( 1.475000000000000533, 0.000000000000000000, 3.500000000000001332 ) ) ;
#8898 = EDGE_LOOP ( 'NONE', ( #7791, #413, #749, #8522 ) ) ;
#8899 = LINE ( 'NONE', #9297, #1784 ) ;
#8900 = CARTESIAN_POINT ( 'NONE',  ( 2.950000000000000178, 0.8264982043070829842, 1.774999999999999689 ) ) ;
#8901 = VECTOR ( 'NONE', #8490, 1000.000000000000000 ) ;
#8902 = PLANE ( 'NONE',  #7648 ) ;
#8903 = FACE_OUTER_BOUND ( 'NONE', #342, .T. ) ;
#8904 = AXIS2_PLACEMENT_3D ( 'NONE', #812, #277, #6584 ) ;
#8905 = DIRECTION ( 'NONE',  ( 0.000000000000000000, 0.000000000000000000, -1.000000000000000000 ) ) ;
#8906 = EDGE_CURVE ( 'NONE', #4338, #7772, #6817, .T. ) ;
#8907 = CARTESIAN_POINT ( 'NONE',  ( 1.124999999999994227, 0.05000000000000000278, 1.774149009521725295E-15 ) ) ;
#8908 = VERTEX_POINT ( 'NONE', #7066 ) ;
#8909 = PLANE ( 'NONE',  #9691 ) ;
#8910 = VECTOR ( 'NONE', #1799, 1000.000000000000000 ) ;
#8911 = VECTOR ( 'NONE', #1031, 1000.000000000000000 ) ;
#8912 = CARTESIAN_POINT ( 'NONE',  ( 3.500000000000000444, 0.04999999999999969746, -1.774999999999999245 ) ) ;
#8913 = CIRCLE ( 'NONE', #2131, 0.1999999999999996503 ) ;
#8914 = PLANE ( 'NONE',  #1780 ) ;
#8915 = DIRECTION ( 'NONE',  ( 0.000000000000000000, -0.000000000000000000, 1.000000000000000000 ) ) ;
#8916 = MECHANICAL_DESIGN_GEOMETRIC_PRESENTATION_REPRESENTATION (  '', ( #3480 ), #2959 ) ;
#8917 = CARTESIAN_POINT ( 'NONE',  ( -2.950000000000000178, 0.8264982043070829842, -2.125000000000000000 ) ) ;
#8918 = ORIENTED_EDGE ( 'NONE', *, *, #2569, .F. ) ;
#8919 = VECTOR ( 'NONE', #597, 1000.000000000000000 ) ;
#8920 = DIRECTION ( 'NONE',  ( 0.000000000000000000, -0.000000000000000000, 1.000000000000000000 ) ) ;
#8921 = ORIENTED_EDGE ( 'NONE', *, *, #161, .F. ) ;
#8922 = EDGE_CURVE ( 'NONE', #10063, #9510, #4128, .T. ) ;
#8923 = LINE ( 'NONE', #8861, #6227 ) ;
#8924 = VERTEX_POINT ( 'NONE', #643 ) ;
#8925 = EDGE_CURVE ( 'NONE', #4358, #8962, #6446, .T. ) ;
#8926 = ORIENTED_EDGE ( 'NONE', *, *, #2761, .T. ) ;
#8927 = CARTESIAN_POINT ( 'NONE',  ( 2.425000000000001155, 0.000000000000000000, 3.500000000000001332 ) ) ;
#8928 = ADVANCED_FACE ( 'NONE', ( #541 ), #6924, .F. ) ;
#8929 = SURFACE_SIDE_STYLE ('',( #8548 ) ) ;
#8930 = ORIENTED_EDGE ( 'NONE', *, *, #9905, .F. ) ;
#8931 = CARTESIAN_POINT ( 'NONE',  ( 0.4749999999999997558, 0.8264982043070834283, 2.950000000000001066 ) ) ;
#8932 = ORIENTED_EDGE ( 'NONE', *, *, #5532, .T. ) ;
#8933 = CARTESIAN_POINT ( 'NONE',  ( 2.425000000000000266, 0.8264982043070834283, 2.950000000000001066 ) ) ;
#8934 = DIRECTION ( 'NONE',  ( 0.000000000000000000, -0.000000000000000000, 1.000000000000000000 ) ) ;
#8935 = LINE ( 'NONE', #2708, #4779 ) ;
#8936 = EDGE_CURVE ( 'NONE', #2130, #2053, #167, .T. ) ;
#8937 = DIRECTION ( 'NONE',  ( 0.000000000000000000, 0.000000000000000000, -1.000000000000000000 ) ) ;
#8938 = ADVANCED_FACE ( 'NONE', ( #5354 ), #6143, .F. ) ;
#8939 = VERTEX_POINT ( 'NONE', #8528 ) ;
#8940 = VERTEX_POINT ( 'NONE', #4029 ) ;
#8941 = CARTESIAN_POINT ( 'NONE',  ( -3.500000000000000444, 0.1999999999999999833, 1.124999999999999778 ) ) ;
#8942 = FACE_OUTER_BOUND ( 'NONE', #2251, .T. ) ;
#8943 = EDGE_LOOP ( 'NONE', ( #1398, #3430, #9241, #9413 ) ) ;
#8944 = VECTOR ( 'NONE', #9906, 1000.000000000000000 ) ;
#8945 = CARTESIAN_POINT ( 'NONE',  ( 2.950000000000000178, 0.1999999999999999833, -0.1750000000000002387 ) ) ;
#8946 = DIRECTION ( 'NONE',  ( -1.000000000000000000, 0.000000000000000000, 1.577021341797097215E-15 ) ) ;
#8947 = LINE ( 'NONE', #2325, #4790 ) ;
#8948 = CARTESIAN_POINT ( 'NONE',  ( -2.425000000000000266, 0.8264982043070834283, -2.950000000000000178 ) ) ;
#8949 = EDGE_LOOP ( 'NONE', ( #9778, #1362, #3786, #9572 ) ) ;
#8950 =( NAMED_UNIT ( * ) SI_UNIT ( $, .STERADIAN. ) SOLID_ANGLE_UNIT ( ) );
#8951 = ORIENTED_EDGE ( 'NONE', *, *, #8583, .F. ) ;
#8952 = VERTEX_POINT ( 'NONE', #1744 ) ;
#8953 = PRESENTATION_LAYER_ASSIGNMENT (  '', '', ( #2121 ) ) ;
#8954 = LINE ( 'NONE', #1171, #6985 ) ;
#8955 = DIRECTION ( 'NONE',  ( 1.000000000000000000, 0.000000000000000000, -0.000000000000000000 ) ) ;
#8957 = VECTOR ( 'NONE', #537, 1000.000000000000000 ) ;
#8956 = PLANE ( 'NONE',  #9110 ) ;
#8958 = ORIENTED_EDGE ( 'NONE', *, *, #8381, .T. ) ;
#8959 = ORIENTED_EDGE ( 'NONE', *, *, #7224, .T. ) ;
#8960 = ORIENTED_EDGE ( 'NONE', *, *, #2914, .F. ) ;
#8961 = DIRECTION ( 'NONE',  ( 1.000000000000000000, 0.000000000000000000, -0.000000000000000000 ) ) ;
#8962 = VERTEX_POINT ( 'NONE', #2550 ) ;
#8963 = VECTOR ( 'NONE', #5450, 1000.000000000000000 ) ;
#8964 = CARTESIAN_POINT ( 'NONE',  ( 0.000000000000000000, 0.05000000000000000278, 2.950000000000001066 ) ) ;
#8965 = ORIENTED_EDGE ( 'NONE', *, *, #421, .F. ) ;
#8966 =( NAMED_UNIT ( * ) SI_UNIT ( $, .STERADIAN. ) SOLID_ANGLE_UNIT ( ) );
#8967 = DIRECTION ( 'NONE',  ( -1.000000000000000000, 0.000000000000000000, 0.000000000000000000 ) ) ;
#8968 = LINE ( 'NONE', #264, #8588 ) ;
#8969 = CARTESIAN_POINT ( 'NONE',  ( 2.125000000000000888, 0.8264982043070834283, 2.950000000000001066 ) ) ;
#8970 = CARTESIAN_POINT ( 'NONE',  ( 2.950000000000000178, 0.000000000000000000, 1.124999999999999778 ) ) ;
#8971 = VERTEX_POINT ( 'NONE', #5679 ) ;
#8972 = ORIENTED_EDGE ( 'NONE', *, *, #7292, .T. ) ;
#8973 = CARTESIAN_POINT ( 'NONE',  ( -1.474999999999999423, 0.000000000000000000, 3.500000000000001332 ) ) ;
#8974 = CARTESIAN_POINT ( 'NONE',  ( -2.950000000000000178, 0.8264982043070829842, -1.475000000000000089 ) ) ;
#8975 = VECTOR ( 'NONE', #5568, 1000.000000000000000 ) ;
#8976 = CARTESIAN_POINT ( 'NONE',  ( -2.125000000000000888, 0.000000000000000000, -2.950000000000000178 ) ) ;
#8977 = ORIENTED_EDGE ( 'NONE', *, *, #3282, .T. ) ;
#8978 = DIRECTION ( 'NONE',  ( 1.577021341797097215E-15, 0.000000000000000000, 1.000000000000000000 ) ) ;
#8979 = FACE_OUTER_BOUND ( 'NONE', #470, .T. ) ;
#8980 = VERTEX_POINT ( 'NONE', #6339 ) ;
#8981 = CARTESIAN_POINT ( 'NONE',  ( -2.350000000000000977, 0.1999999999999996503, -2.350000000000000533 ) ) ;
#8982 = ADVANCED_FACE ( 'NONE', ( #2911 ), #887, .F. ) ;
#8983 = VERTEX_POINT ( 'NONE', #4578 ) ;
#8984 = ORIENTED_EDGE ( 'NONE', *, *, #8329, .T. ) ;
#8985 = EDGE_CURVE ( 'NONE', #651, #9025, #668, .T. ) ;
#8986 = PLANE ( 'NONE',  #5291 ) ;
#8987 = DIRECTION ( 'NONE',  ( 0.000000000000000000, 0.000000000000000000, 1.000000000000000000 ) ) ;
#8988 = ADVANCED_FACE ( 'NONE', ( #3263 ), #9421, .F. ) ;
#8989 = DIRECTION ( 'NONE',  ( 1.000000000000000000, 0.000000000000000000, 0.000000000000000000 ) ) ;
#8990 = CARTESIAN_POINT ( 'NONE',  ( 0.4749999999999997558, 0.2000000000000002054, -3.500000000000000444 ) ) ;
#8991 = ORIENTED_EDGE ( 'NONE', *, *, #4662, .F. ) ;
#8992 = EDGE_CURVE ( 'NONE', #10, #2621, #7925, .T. ) ;
#8994 = EDGE_CURVE ( 'NONE', #3201, #3729, #3753, .T. ) ;
#8993 = FACE_OUTER_BOUND ( 'NONE', #4037, .T. ) ;
#8995 = CARTESIAN_POINT ( 'NONE',  ( 3.500000000000000444, 0.1999999999999999833, -0.8250000000000001776 ) ) ;
#8996 = VERTEX_POINT ( 'NONE', #7109 ) ;
#8997 = PLANE ( 'NONE',  #8606 ) ;
#8998 = AXIS2_PLACEMENT_3D ( 'NONE', #8360, #7660, #3679 ) ;
#8999 = ORIENTED_EDGE ( 'NONE', *, *, #8261, .F. ) ;
#9000 = PLANE ( 'NONE',  #569 ) ;
#9001 = DIRECTION ( 'NONE',  ( 0.000000000000000000, -0.000000000000000000, -1.000000000000000000 ) ) ;
#9002 = EDGE_CURVE ( 'NONE', #8341, #5048, #6698, .T. ) ;
#9003 = FACE_OUTER_BOUND ( 'NONE', #9630, .T. ) ;
#9004 = CARTESIAN_POINT ( 'NONE',  ( -2.124999999999999112, 0.000000000000000000, 3.500000000000001332 ) ) ;
#9005 = EDGE_LOOP ( 'NONE', ( #5204, #418, #2748, #9415 ) ) ;
#9006 = DIRECTION ( 'NONE',  ( 1.577021341797097215E-15, -0.000000000000000000, 1.000000000000000000 ) ) ;
#9007 = SURFACE_SIDE_STYLE ('',( #8624 ) ) ;
#9008 = ORIENTED_EDGE ( 'NONE', *, *, #2756, .T. ) ;
#9009 = CARTESIAN_POINT ( 'NONE',  ( 0.000000000000000000, 0.05000000000000000278, 2.950000000000001066 ) ) ;
#9010 = EDGE_CURVE ( 'NONE', #8851, #4199, #924, .T. ) ;
#9011 = CARTESIAN_POINT ( 'NONE',  ( -3.500000000000000444, 0.8264982043070829842, -1.475000000000000089 ) ) ;
#9012 =( GEOMETRIC_REPRESENTATION_CONTEXT ( 3 ) GLOBAL_UNCERTAINTY_ASSIGNED_CONTEXT ( ( #1648 ) ) GLOBAL_UNIT_ASSIGNED_CONTEXT ( ( #3192, #5597, #3161 ) ) REPRESENTATION_CONTEXT ( 'NONE', 'WORKASPACE' ) );
#9013 = DIRECTION ( 'NONE',  ( 1.000000000000000000, 0.000000000000000000, 0.000000000000000000 ) ) ;
#9014 = VECTOR ( 'NONE', #1698, 1000.000000000000000 ) ;
#9015 = ORIENTED_EDGE ( 'NONE', *, *, #2168, .T. ) ;
#9016 = VECTOR ( 'NONE', #7027, 1000.000000000000000 ) ;
#9017 = LINE ( 'NONE', #5887, #7566 ) ;
#9018 = CARTESIAN_POINT ( 'NONE',  ( 2.125000000000000888, 0.000000000000000000, 2.950000000000001066 ) ) ;
#9019 = CARTESIAN_POINT ( 'NONE',  ( 1.774999999999999689, 0.000000000000000000, -3.500000000000000444 ) ) ;
#9020 = ORIENTED_EDGE ( 'NONE', *, *, #7496, .F. ) ;
#9021 = VECTOR ( 'NONE', #722, 1000.000000000000000 ) ;
#9022 = FACE_OUTER_BOUND ( 'NONE', #4776, .T. ) ;
#9023 = VECTOR ( 'NONE', #6981, 1000.000000000000000 ) ;
#9024 = DIRECTION ( 'NONE',  ( -0.000000000000000000, -1.000000000000000000, -0.000000000000000000 ) ) ;
#9025 = VERTEX_POINT ( 'NONE', #856 ) ;
#9026 = FACE_OUTER_BOUND ( 'NONE', #9527, .T. ) ;
#9027 = ORIENTED_EDGE ( 'NONE', *, *, #1813, .F. ) ;
#9028 = ADVANCED_FACE ( 'NONE', ( #1415 ), #7921, .T. ) ;
#9029 = ORIENTED_EDGE ( 'NONE', *, *, #2721, .F. ) ;
#9030 = FILL_AREA_STYLE_COLOUR ( '', #6727 ) ;
#9031 = VECTOR ( 'NONE', #6631, 1000.000000000000000 ) ;
#9032 = DIRECTION ( 'NONE',  ( -0.000000000000000000, -1.000000000000000000, -0.000000000000000000 ) ) ;
#9033 = DIRECTION ( 'NONE',  ( 1.000000000000000000, -0.000000000000000000, 1.845450506358305572E-16 ) ) ;
#9034 = PLANE ( 'NONE',  #4548 ) ;
#9035 = FACE_OUTER_BOUND ( 'NONE', #139, .T. ) ;
#9036 = ADVANCED_FACE ( 'NONE', ( #4502 ), #4850, .F. ) ;
#9037 = DIRECTION ( 'NONE',  ( 0.000000000000000000, 0.000000000000000000, -1.000000000000000000 ) ) ;
#9038 = ORIENTED_EDGE ( 'NONE', *, *, #1101, .F. ) ;
#9039 = FACE_OUTER_BOUND ( 'NONE', #9260, .T. ) ;
#9040 = AXIS2_PLACEMENT_3D ( 'NONE', #4113, #5659, #8893 ) ;
#9041 = DIRECTION ( 'NONE',  ( 1.000000000000000000, 0.000000000000000000, 0.000000000000000000 ) ) ;
#9042 = LINE ( 'NONE', #8011, #9658 ) ;
#9043 = EDGE_CURVE ( 'NONE', #8339, #9289, #4617, .T. ) ;
#9045 = VECTOR ( 'NONE', #1290, 1000.000000000000000 ) ;
#9044 = CARTESIAN_POINT ( 'NONE',  ( -2.950000000000000178, 0.000000000000000000, 1.124999999999999778 ) ) ;
#9046 = DIRECTION ( 'NONE',  ( -0.000000000000000000, 0.000000000000000000, -1.000000000000000000 ) ) ;
#9047 = ORIENTED_EDGE ( 'NONE', *, *, #9043, .T. ) ;
#9048 = EDGE_CURVE ( 'NONE', #2733, #1268, #6326, .T. ) ;
#9049 = CLOSED_SHELL ( 'NONE', ( #224, #958, #7799, #1778, #1476, #5548 ) ) ;
#9050 = LINE ( 'NONE', #4984, #1064 ) ;
#9051 = CARTESIAN_POINT ( 'NONE',  ( -2.125000000000000000, 0.2000000000000000111, -3.500000000000000444 ) ) ;
#9052 = DIRECTION ( 'NONE',  ( 1.000000000000000000, -0.000000000000000000, -0.000000000000000000 ) ) ;
#9053 = LINE ( 'NONE', #1251, #3548 ) ;
#9054 = EDGE_CURVE ( 'NONE', #7726, #10020, #6081, .T. ) ;
#9055 = PLANE ( 'NONE',  #8761 ) ;
#9056 = AXIS2_PLACEMENT_3D ( 'NONE', #9078, #3578, #5999 ) ;
#9057 = VERTEX_POINT ( 'NONE', #150 ) ;
#9058 = EDGE_LOOP ( 'NONE', ( #2486, #7167, #1810, #5104 ) ) ;
#9059 = VERTEX_POINT ( 'NONE', #8699 ) ;
#9060 = VECTOR ( 'NONE', #9483, 1000.000000000000000 ) ;
#9061 = EDGE_CURVE ( 'NONE', #9985, #8476, #1048, .T. ) ;
#9062 = FACE_OUTER_BOUND ( 'NONE', #6158, .T. ) ;
#9063 = DIRECTION ( 'NONE',  ( 0.000000000000000000, -0.000000000000000000, -1.000000000000000000 ) ) ;
#9064 = FILL_AREA_STYLE ('',( #475 ) ) ;
#9065 = VERTEX_POINT ( 'NONE', #3260 ) ;
#9066 = DIRECTION ( 'NONE',  ( -0.000000000000000000, -1.000000000000000000, -0.000000000000000000 ) ) ;
#9067 = LINE ( 'NONE', #8719, #7979 ) ;
#9068 = EDGE_CURVE ( 'NONE', #3205, #7988, #8767, .T. ) ;
#9069 = VECTOR ( 'NONE', #8420, 1000.000000000000000 ) ;
#9070 = PRESENTATION_LAYER_ASSIGNMENT (  '', '', ( #7698 ) ) ;
#9071 = CARTESIAN_POINT ( 'NONE',  ( 0.000000000000000000, 0.000000000000000000, 2.600000000000000089 ) ) ;
#9072 = EDGE_CURVE ( 'NONE', #5832, #1240, #290, .T. ) ;
#9073 = CARTESIAN_POINT ( 'NONE',  ( 2.950000000000000178, 0.05000000000000002359, 2.425000000000000266 ) ) ;
#9074 = VECTOR ( 'NONE', #7640, 1000.000000000000000 ) ;
#9075 = CARTESIAN_POINT ( 'NONE',  ( -3.500000000000000444, 0.8000000000000003775, -3.499999999999999556 ) ) ;
#9076 = ORIENTED_EDGE ( 'NONE', *, *, #3823, .T. ) ;
#9077 = VERTEX_POINT ( 'NONE', #4986 ) ;
#9078 = CARTESIAN_POINT ( 'NONE',  ( -3.100000000000000977, 0.6999999999999999556, -3.100000000000000977 ) ) ;
#9079 = VECTOR ( 'NONE', #4055, 1000.000000000000000 ) ;
#9080 = ADVANCED_FACE ( 'NONE', ( #2270 ), #216, .F. ) ;
#9081 = PRESENTATION_LAYER_ASSIGNMENT (  '', '', ( #872 ) ) ;
#9082 = EDGE_LOOP ( 'NONE', ( #6958, #8404, #8958, #8201 ) ) ;
#9084 = ORIENTED_EDGE ( 'NONE', *, *, #7948, .F. ) ;
#9083 = ADVANCED_FACE ( 'NONE', ( #9022 ), #7387, .T. ) ;
#9085 = ORIENTED_EDGE ( 'NONE', *, *, #4474, .F. ) ;
#9086 = DIRECTION ( 'NONE',  ( 1.577021341797097215E-15, 0.000000000000000000, 1.000000000000000000 ) ) ;
#9087 = ORIENTED_EDGE ( 'NONE', *, *, #2699, .F. ) ;
#9088 = VECTOR ( 'NONE', #254, 1000.000000000000000 ) ;
#9089 = CARTESIAN_POINT ( 'NONE',  ( 2.950000000000000178, 0.8264982043070829842, -1.475000000000000089 ) ) ;
#9090 = ORIENTED_EDGE ( 'NONE', *, *, #5370, .F. ) ;
#9091 = VECTOR ( 'NONE', #4252, 1000.000000000000000 ) ;
#9092 = ORIENTED_EDGE ( 'NONE', *, *, #9651, .F. ) ;
#9093 = CARTESIAN_POINT ( 'NONE',  ( -1.125000000000000222, 0.2000000000000005107, -3.500000000000000000 ) ) ;
#9094 = VERTEX_POINT ( 'NONE', #9602 ) ;
#9095 = SURFACE_STYLE_USAGE ( .BOTH. , #4422 ) ;
#9096 = PLANE ( 'NONE',  #7739 ) ;
#9097 = VECTOR ( 'NONE', #4749, 1000.000000000000000 ) ;
#9098 = CARTESIAN_POINT ( 'NONE',  ( -0.4749999999999993117, 0.8264982043070834283, 2.950000000000001066 ) ) ;
#9099 = ORIENTED_EDGE ( 'NONE', *, *, #4530, .F. ) ;
#9100 = AXIS2_PLACEMENT_3D ( 'NONE', #9740, #8946, #8845 ) ;
#9101 = DIRECTION ( 'NONE',  ( 0.000000000000000000, 1.000000000000000000, 0.000000000000000000 ) ) ;
#9102 = COLOUR_RGB ( '',0.7921568627450980005, 0.8196078431372548767, 0.9333333333333333481 ) ;
#9103 = DIRECTION ( 'NONE',  ( 0.000000000000000000, -0.000000000000000000, 1.000000000000000000 ) ) ;
#9104 = CLOSED_SHELL ( 'NONE', ( #5341, #1412, #3332, #2729, #4568, #5599 ) ) ;
#9105 = DIRECTION ( 'NONE',  ( -1.577021341797097018E-15, -0.000000000000000000, -1.000000000000000000 ) ) ;
#9106 = DIRECTION ( 'NONE',  ( 0.000000000000000000, 1.000000000000000000, 0.000000000000000000 ) ) ;
#9107 = DIRECTION ( 'NONE',  ( 1.000000000000000000, 0.000000000000000000, 0.000000000000000000 ) ) ;
#9108 = ORIENTED_EDGE ( 'NONE', *, *, #2790, .F. ) ;
#9109 = PLANE ( 'NONE',  #102 ) ;
#9110 = AXIS2_PLACEMENT_3D ( 'NONE', #6732, #4383, #1247 ) ;
#9111 = ORIENTED_EDGE ( 'NONE', *, *, #6369, .T. ) ;
#9112 = EDGE_CURVE ( 'NONE', #4927, #1716, #5841, .T. ) ;
#9113 = CARTESIAN_POINT ( 'NONE',  ( 0.000000000000000000, 0.2000000000000000111, 0.000000000000000000 ) ) ;
#9114 = ORIENTED_EDGE ( 'NONE', *, *, #782, .T. ) ;
#9115 = DIRECTION ( 'NONE',  ( 0.000000000000000000, -0.000000000000000000, -1.000000000000000000 ) ) ;
#9116 = VECTOR ( 'NONE', #7421, 1000.000000000000000 ) ;
#9117 = EDGE_CURVE ( 'NONE', #9722, #1183, #8281, .T. ) ;
#9118 = ORIENTED_EDGE ( 'NONE', *, *, #3211, .F. ) ;
#9119 = CARTESIAN_POINT ( 'NONE',  ( -2.125000000000004885, 0.05000000000000000278, 3.351170351318839274E-15 ) ) ;
#9120 = ORIENTED_EDGE ( 'NONE', *, *, #5600, .T. ) ;
#9121 =( NAMED_UNIT ( * ) PLANE_ANGLE_UNIT ( ) SI_UNIT ( $, .RADIAN. ) );
#9122 = EDGE_CURVE ( 'NONE', #5847, #9991, #5121, .T. ) ;
#9123 = ORIENTED_EDGE ( 'NONE', *, *, #1882, .F. ) ;
#9124 = MANIFOLD_SOLID_BREP ( 'Cut-Extrude4', #9872 ) ;
#9125 = LINE ( 'NONE', #7208, #9503 ) ;
#9126 = CARTESIAN_POINT ( 'NONE',  ( -0.8250000000000010658, 0.2000000000000000111, -2.950000000000000178 ) ) ;
#9127 = ADVANCED_FACE ( 'NONE', ( #8171 ), #1806, .F. ) ;
#9128 = CARTESIAN_POINT ( 'NONE',  ( 0.000000000000000000, 0.2000000000000000111, 0.000000000000000000 ) ) ;
#9129 = AXIS2_PLACEMENT_3D ( 'NONE', #9486, #1764, #7946 ) ;
#9130 = EDGE_CURVE ( 'NONE', #10183, #2609, #7913, .T. ) ;
#9131 = FACE_OUTER_BOUND ( 'NONE', #3632, .T. ) ;
#9132 = ORIENTED_EDGE ( 'NONE', *, *, #9185, .T. ) ;
#9133 = VERTEX_POINT ( 'NONE', #6474 ) ;
#9134 = PLANE ( 'NONE',  #2201 ) ;
#9135 = CARTESIAN_POINT ( 'NONE',  ( -2.950000000000000178, 0.8264982043070829842, 1.475000000000000533 ) ) ;
#9136 = ADVANCED_FACE ( 'NONE', ( #39 ), #4954, .T. ) ;
#9137 = FACE_OUTER_BOUND ( 'NONE', #2093, .T. ) ;
#9138 = VECTOR ( 'NONE', #7712, 1000.000000000000000 ) ;
#9139 = CARTESIAN_POINT ( 'NONE',  ( 3.500000000000000444, 0.000000000000000000, -2.125000000000000000 ) ) ;
#9140 = FACE_OUTER_BOUND ( 'NONE', #4996, .T. ) ;
#9141 = ORIENTED_EDGE ( 'NONE', *, *, #5648, .F. ) ;
#9142 = DIRECTION ( 'NONE',  ( 0.000000000000000000, 1.000000000000000000, 0.000000000000000000 ) ) ;
#9143 = VERTEX_POINT ( 'NONE', #4267 ) ;
#9144 = LINE ( 'NONE', #3310, #2269 ) ;
#9145 = COLOUR_RGB ( '',0.2509803921568627416, 0.2509803921568627416, 0.2509803921568627416 ) ;
#9146 = CARTESIAN_POINT ( 'NONE',  ( 2.950000000000000178, 0.8264982043070829842, -0.8250000000000001776 ) ) ;
#9147 = DIRECTION ( 'NONE',  ( 0.000000000000000000, -1.000000000000000000, 0.000000000000000000 ) ) ;
#9148 = CARTESIAN_POINT ( 'NONE',  ( -2.950000000000000178, 0.1999999999999999833, -1.774999999999999245 ) ) ;
#9149 = ORIENTED_EDGE ( 'NONE', *, *, #9923, .T. ) ;
#9150 = FACE_OUTER_BOUND ( 'NONE', #7894, .T. ) ;
#9151 = CARTESIAN_POINT ( 'NONE',  ( -3.500000000000000444, 0.8264982043070829842, 0.4749999999999997558 ) ) ;
#9152 = STYLED_ITEM ( 'NONE', ( #8116 ), #6551 ) ;
#9153 = PLANE ( 'NONE',  #394 ) ;
#9154 = LINE ( 'NONE', #6215, #4635 ) ;
#9155 = DIRECTION ( 'NONE',  ( 0.000000000000000000, 1.000000000000000000, 0.000000000000000000 ) ) ;
#9156 = VERTEX_POINT ( 'NONE', #310 ) ;
#9157 = VECTOR ( 'NONE', #3980, 1000.000000000000000 ) ;
#9158 = CARTESIAN_POINT ( 'NONE',  ( 2.425000000000001155, 0.8264982043070834283, 3.500000000000001332 ) ) ;
#9159 = AXIS2_PLACEMENT_3D ( 'NONE', #9266, #9232, #9332 ) ;
#9160 = LINE ( 'NONE', #2388, #8073 ) ;
#9161 = LINE ( 'NONE', #3622, #1066 ) ;
#9162 = CARTESIAN_POINT ( 'NONE',  ( -3.500000000000000444, 0.1999999999999999833, 1.475000000000000533 ) ) ;
#9163 = ORIENTED_EDGE ( 'NONE', *, *, #4800, .T. ) ;
#9164 = CARTESIAN_POINT ( 'NONE',  ( -3.500000000000000444, 0.1999999999999999833, 1.774999999999999689 ) ) ;
#9165 = AXIS2_PLACEMENT_3D ( 'NONE', #3175, #3209, #3273 ) ;
#9166 = CARTESIAN_POINT ( 'NONE',  ( 3.500000000000000444, 0.1999999999999999833, 1.124999999999999778 ) ) ;
#9167 = VERTEX_POINT ( 'NONE', #1090 ) ;
#9168 = LINE ( 'NONE', #9319, #2936 ) ;
#9169 = VERTEX_POINT ( 'NONE', #5825 ) ;
#9170 = EDGE_CURVE ( 'NONE', #398, #9133, #7189, .T. ) ;
#9171 = LINE ( 'NONE', #4223, #3782 ) ;
#9172 = DIRECTION ( 'NONE',  ( -1.577021341797097018E-15, -0.000000000000000000, -1.000000000000000000 ) ) ;
#9173 = LINE ( 'NONE', #7904, #2939 ) ;
#9174 = ADVANCED_FACE ( 'NONE', ( #7429 ), #3336, .T. ) ;
#9175 = EDGE_LOOP ( 'NONE', ( #2476, #3643, #2698, #5783 ) ) ;
#9176 = EDGE_CURVE ( 'NONE', #7748, #7000, #5234, .T. ) ;
#9177 = ORIENTED_EDGE ( 'NONE', *, *, #2699, .T. ) ;
#9178 = SURFACE_SIDE_STYLE ('',( #6172 ) ) ;
#9179 = SURFACE_STYLE_FILL_AREA ( #1470 ) ;
#9180 = CARTESIAN_POINT ( 'NONE',  ( 1.774999999999999689, 0.8264982043070834283, 2.950000000000001066 ) ) ;
#9181 = ORIENTED_EDGE ( 'NONE', *, *, #2828, .F. ) ;
#9182 = DIRECTION ( 'NONE',  ( 0.000000000000000000, 0.000000000000000000, -1.000000000000000000 ) ) ;
#9183 = ADVANCED_FACE ( 'NONE', ( #8161 ), #8096, .T. ) ;
#9184 = VECTOR ( 'NONE', #6693, 1000.000000000000000 ) ;
#9185 = EDGE_CURVE ( 'NONE', #6646, #3700, #5345, .T. ) ;
#9186 = PLANE ( 'NONE',  #1742 ) ;
#9187 = DIRECTION ( 'NONE',  ( 0.000000000000000000, -1.000000000000000000, 0.000000000000000000 ) ) ;
#9188 = EDGE_CURVE ( 'NONE', #8924, #6583, #8890, .T. ) ;
#9189 = ORIENTED_EDGE ( 'NONE', *, *, #6637, .T. ) ;
#9190 = ORIENTED_EDGE ( 'NONE', *, *, #4155, .T. ) ;
#9191 = ORIENTED_EDGE ( 'NONE', *, *, #9176, .F. ) ;
#9192 = EDGE_CURVE ( 'NONE', #9371, #451, #4988, .T. ) ;
#9193 = VERTEX_POINT ( 'NONE', #9774 ) ;
#9194 = LINE ( 'NONE', #5203, #2599 ) ;
#9195 = DIRECTION ( 'NONE',  ( 0.000000000000000000, 0.000000000000000000, -1.000000000000000000 ) ) ;
#9196 = DIRECTION ( 'NONE',  ( -1.000000000000000000, 0.000000000000000000, -0.000000000000000000 ) ) ;
#9197 =( NAMED_UNIT ( * ) PLANE_ANGLE_UNIT ( ) SI_UNIT ( $, .RADIAN. ) );
#9198 = VECTOR ( 'NONE', #2746, 1000.000000000000000 ) ;
#9199 = CARTESIAN_POINT ( 'NONE',  ( -3.500000000000000444, 0.1999999999999999833, 0.1750000000000006828 ) ) ;
#9200 = EDGE_CURVE ( 'NONE', #9510, #7125, #9987, .T. ) ;
#9201 = VERTEX_POINT ( 'NONE', #7525 ) ;
#9202 = EDGE_LOOP ( 'NONE', ( #9948, #3674, #1372, #4031 ) ) ;
#9203 = AXIS2_PLACEMENT_3D ( 'NONE', #5656, #3279, #940 ) ;
#9204 = AXIS2_PLACEMENT_3D ( 'NONE', #9679, #8194, #5743 ) ;
#9205 = ORIENTED_EDGE ( 'NONE', *, *, #6356, .T. ) ;
#9206 = PLANE ( 'NONE',  #8485 ) ;
#9207 = FACE_OUTER_BOUND ( 'NONE', #3290, .T. ) ;
#9208 = DIRECTION ( 'NONE',  ( -1.000000000000000000, 0.000000000000000000, 1.239088197126290817E-16 ) ) ;
#9209 = ORIENTED_EDGE ( 'NONE', *, *, #5079, .F. ) ;
#9210 = DIRECTION ( 'NONE',  ( 0.000000000000000000, 0.000000000000000000, -1.000000000000000000 ) ) ;
#9211 = FACE_OUTER_BOUND ( 'NONE', #5225, .T. ) ;
#9212 = DIRECTION ( 'NONE',  ( 0.000000000000000000, -0.000000000000000000, 1.000000000000000000 ) ) ;
#9213 = VERTEX_POINT ( 'NONE', #4369 ) ;
#9214 = ORIENTED_EDGE ( 'NONE', *, *, #4336, .T. ) ;
#9215 = VERTEX_POINT ( 'NONE', #8285 ) ;
#9216 = DIRECTION ( 'NONE',  ( 0.000000000000000000, 0.000000000000000000, -1.000000000000000000 ) ) ;
#9217 = VECTOR ( 'NONE', #1539, 1000.000000000000000 ) ;
#9218 = ORIENTED_EDGE ( 'NONE', *, *, #9726, .F. ) ;
#9219 = DIRECTION ( 'NONE',  ( -1.000000000000000000, 0.000000000000000000, 0.000000000000000000 ) ) ;
#9220 = LINE ( 'NONE', #8900, #881 ) ;
#9221 = FILL_AREA_STYLE ('',( #6170 ) ) ;
#9222 = DIRECTION ( 'NONE',  ( -1.577021341797097018E-15, -0.000000000000000000, -1.000000000000000000 ) ) ;
#9223 = DIRECTION ( 'NONE',  ( -0.000000000000000000, -1.000000000000000000, -0.000000000000000000 ) ) ;
#9224 = VERTEX_POINT ( 'NONE', #490 ) ;
#9225 = PRESENTATION_LAYER_ASSIGNMENT (  '', '', ( #4460 ) ) ;
#9226 = PLANE ( 'NONE',  #10022 ) ;
#9227 = EDGE_LOOP ( 'NONE', ( #7869, #2437, #6238, #6722 ) ) ;
#9228 = LINE ( 'NONE', #8693, #8013 ) ;
#9229 =( NAMED_UNIT ( * ) PLANE_ANGLE_UNIT ( ) SI_UNIT ( $, .RADIAN. ) );
#9230 = ADVANCED_FACE ( 'NONE', ( #9638 ), #9109, .T. ) ;
#9231 = ORIENTED_EDGE ( 'NONE', *, *, #9321, .T. ) ;
#9232 = DIRECTION ( 'NONE',  ( 1.000000000000000000, 0.000000000000000000, 0.000000000000000000 ) ) ;
#9233 = STYLED_ITEM ( 'NONE', ( #1447 ), #8081 ) ;
#9234 =( NAMED_UNIT ( * ) PLANE_ANGLE_UNIT ( ) SI_UNIT ( $, .RADIAN. ) );
#9235 = EDGE_CURVE ( 'NONE', #8729, #7545, #915, .T. ) ;
#9236 = ADVANCED_FACE ( 'NONE', ( #7675 ), #7327, .F. ) ;
#9237 = VECTOR ( 'NONE', #7738, 1000.000000000000000 ) ;
#9238 = EDGE_LOOP ( 'NONE', ( #8320, #568, #9189, #3854 ) ) ;
#9239 = DIRECTION ( 'NONE',  ( 0.000000000000000000, 0.000000000000000000, -1.000000000000000000 ) ) ;
#9240 = CARTESIAN_POINT ( 'NONE',  ( 0.4749999999999988676, 0.2000000000000000111, -2.950000000000000178 ) ) ;
#9241 = ORIENTED_EDGE ( 'NONE', *, *, #6962, .T. ) ;
#9242 = CARTESIAN_POINT ( 'NONE',  ( 0.4749999999999997558, 0.2000000000000000111, 2.950000000000001066 ) ) ;
#9243 = EDGE_CURVE ( 'NONE', #904, #8503, #3015, .T. ) ;
#9244 = DIRECTION ( 'NONE',  ( -1.000000000000000000, 0.000000000000000000, 0.000000000000000000 ) ) ;
#9246 = EDGE_CURVE ( 'NONE', #8996, #5302, #5827, .T. ) ;
#9245 = LINE ( 'NONE', #1084, #2517 ) ;
#9247 = ORIENTED_EDGE ( 'NONE', *, *, #9068, .T. ) ;
#9248 = EDGE_CURVE ( 'NONE', #3645, #10099, #531, .T. ) ;
#9249 = VERTEX_POINT ( 'NONE', #3609 ) ;
#9250 = CARTESIAN_POINT ( 'NONE',  ( 2.125000000000000888, 0.1999999999999999833, 2.950000000000001066 ) ) ;
#9251 = DIRECTION ( 'NONE',  ( 0.000000000000000000, -1.000000000000000000, 0.000000000000000000 ) ) ;
#9252 = DIRECTION ( 'NONE',  ( 1.000000000000000000, 0.000000000000000000, 0.000000000000000000 ) ) ;
#9253 = EDGE_CURVE ( 'NONE', #4600, #502, #8050, .T. ) ;
#9254 = VECTOR ( 'NONE', #1197, 1000.000000000000000 ) ;
#9255 = UNCERTAINTY_MEASURE_WITH_UNIT (LENGTH_MEASURE( 1.000000000000000082E-05 ), #8155, 'distance_accuracy_value', 'NONE');
#9256 = LINE ( 'NONE', #2405, #9016 ) ;
#9257 = LINE ( 'NONE', #8276, #1650 ) ;
#9258 = EDGE_CURVE ( 'NONE', #8176, #7388, #4494, .T. ) ;
#9259 = CARTESIAN_POINT ( 'NONE',  ( -0.4749999999999993117, 0.05000000000000000278, 0.000000000000000000 ) ) ;
#9260 = EDGE_LOOP ( 'NONE', ( #6574, #951, #4245, #5908 ) ) ;
#9261 = ORIENTED_EDGE ( 'NONE', *, *, #9578, .T. ) ;
#9262 = AXIS2_PLACEMENT_3D ( 'NONE', #6155, #5369, #4654 ) ;
#9263 = LINE ( 'NONE', #8632, #3147 ) ;
#9264 = EDGE_CURVE ( 'NONE', #2609, #8908, #7059, .T. ) ;
#9265 = VECTOR ( 'NONE', #8158, 1000.000000000000000 ) ;
#9266 = CARTESIAN_POINT ( 'NONE',  ( 2.950000000000000178, 0.8264982043070829842, 1.124999999999999778 ) ) ;
#9267 = LINE ( 'NONE', #3996, #291 ) ;
#9268 = SURFACE_STYLE_USAGE ( .BOTH. , #3727 ) ;
#9269 = FACE_OUTER_BOUND ( 'NONE', #9959, .T. ) ;
#9270 = ORIENTED_EDGE ( 'NONE', *, *, #2016, .F. ) ;
#9271 = CARTESIAN_POINT ( 'NONE',  ( 3.500000000000000444, 0.1999999999999999833, 1.774999999999999689 ) ) ;
#9272 = COLOUR_RGB ( '',0.7921568627450980005, 0.8196078431372548767, 0.9333333333333333481 ) ;
#9273 = CARTESIAN_POINT ( 'NONE',  ( -2.125000000000000000, 0.2000000000000000111, 2.950000000000001066 ) ) ;
#9275 = LINE ( 'NONE', #1488, #7587 ) ;
#9274 = DIRECTION ( 'NONE',  ( 0.000000000000000000, 0.000000000000000000, -1.000000000000000000 ) ) ;
#9276 = DIRECTION ( 'NONE',  ( -0.000000000000000000, 0.000000000000000000, 1.000000000000000000 ) ) ;
#9277 = AXIS2_PLACEMENT_3D ( 'NONE', #7696, #3009, #9539 ) ;
#9278 = CARTESIAN_POINT ( 'NONE',  ( 2.950000000000000178, 0.1999999999999999833, 0.8250000000000006217 ) ) ;
#9279 = AXIS2_PLACEMENT_3D ( 'NONE', #452, #2144, #1227 ) ;
#9280 = ADVANCED_FACE ( 'NONE', ( #1776 ), #5192, .T. ) ;
#9281 = ORIENTED_EDGE ( 'NONE', *, *, #5666, .T. ) ;
#9282 = VECTOR ( 'NONE', #3089, 1000.000000000000000 ) ;
#9283 = CARTESIAN_POINT ( 'NONE',  ( -2.950000000000000178, 0.8264982043070829842, 1.774999999999999689 ) ) ;
#9284 = DIRECTION ( 'NONE',  ( 0.000000000000000000, 0.000000000000000000, 1.000000000000000000 ) ) ;
#9285 = ADVANCED_FACE ( 'NONE', ( #9874 ), #1952, .F. ) ;
#9286 = LINE ( 'NONE', #6748, #7217 ) ;
#9288 = ORIENTED_EDGE ( 'NONE', *, *, #6902, .T. ) ;
#9287 = CARTESIAN_POINT ( 'NONE',  ( -0.1750000000000002387, 0.2000000000000000111, 2.950000000000001066 ) ) ;
#9289 = VERTEX_POINT ( 'NONE', #6656 ) ;
#9290 = VECTOR ( 'NONE', #37, 1000.000000000000000 ) ;
#9291 = AXIS2_PLACEMENT_3D ( 'NONE', #2899, #2164, #5360 ) ;
#9292 = LINE ( 'NONE', #400, #6844 ) ;
#9293 = LINE ( 'NONE', #3849, #8074 ) ;
#9294 = VERTEX_POINT ( 'NONE', #2118 ) ;
#9295 = PLANE ( 'NONE',  #9699 ) ;
#9296 = EDGE_LOOP ( 'NONE', ( #3438, #892, #7768, #2062 ) ) ;
#9297 = CARTESIAN_POINT ( 'NONE',  ( 3.500000000000000444, 0.8264982043070829842, 1.124999999999999778 ) ) ;
#9298 = ORIENTED_EDGE ( 'NONE', *, *, #175, .F. ) ;
#9299 = VECTOR ( 'NONE', #9222, 1000.000000000000000 ) ;
#9300 = ORIENTED_EDGE ( 'NONE', *, *, #6228, .F. ) ;
#9301 = LINE ( 'NONE', #1478, #9914 ) ;
#9302 = CARTESIAN_POINT ( 'NONE',  ( -2.425000000000000266, 0.000000000000000000, -3.500000000000000444 ) ) ;
#9303 = CARTESIAN_POINT ( 'NONE',  ( -2.125000000000000000, 0.2000000000000000111, 2.950000000000001066 ) ) ;
#9304 = VECTOR ( 'NONE', #8408, 1000.000000000000000 ) ;
#9305 = CARTESIAN_POINT ( 'NONE',  ( -1.775000000000000133, 0.000000000000000000, -2.950000000000000178 ) ) ;
#9306 = MECHANICAL_DESIGN_GEOMETRIC_PRESENTATION_REPRESENTATION (  '', ( #6878 ), #4075 ) ;
#9307 = DIRECTION ( 'NONE',  ( -0.000000000000000000, 0.000000000000000000, -1.000000000000000000 ) ) ;
#9308 = ORIENTED_EDGE ( 'NONE', *, *, #623, .T. ) ;
#9309 = CARTESIAN_POINT ( 'NONE',  ( -0.8250000000000001776, 0.2000000000000000111, 2.950000000000001066 ) ) ;
#9310 = EDGE_CURVE ( 'NONE', #10099, #8133, #3508, .T. ) ;
#9311 = VECTOR ( 'NONE', #4872, 1000.000000000000000 ) ;
#9312 = DIRECTION ( 'NONE',  ( -1.577021341797097215E-15, 0.000000000000000000, 1.000000000000000000 ) ) ;
#9313 = VECTOR ( 'NONE', #9223, 1000.000000000000000 ) ;
#9314 = EDGE_CURVE ( 'NONE', #9289, #8843, #9500, .T. ) ;
#9315 = VECTOR ( 'NONE', #5668, 1000.000000000000000 ) ;
#9316 = DIRECTION ( 'NONE',  ( -1.000000000000000000, 0.000000000000000000, -0.000000000000000000 ) ) ;
#9317 = VERTEX_POINT ( 'NONE', #9044 ) ;
#9318 = DIRECTION ( 'NONE',  ( 0.000000000000000000, -1.000000000000000000, 0.000000000000000000 ) ) ;
#9319 = CARTESIAN_POINT ( 'NONE',  ( -1.774999999999999245, 0.8264982043070834283, 3.500000000000001332 ) ) ;
#9320 = VERTEX_POINT ( 'NONE', #8351 ) ;
#9321 = EDGE_CURVE ( 'NONE', #9224, #594, #2902, .T. ) ;
#9322 = ORIENTED_EDGE ( 'NONE', *, *, #5737, .T. ) ;
#9323 = VECTOR ( 'NONE', #8688, 1000.000000000000000 ) ;
#9324 = DIRECTION ( 'NONE',  ( -1.000000000000000000, 0.000000000000000000, -0.000000000000000000 ) ) ;
#9325 = LINE ( 'NONE', #8964, #1103 ) ;
#9326 = VERTEX_POINT ( 'NONE', #2956 ) ;
#9327 = CARTESIAN_POINT ( 'NONE',  ( -1.125000000000000222, 0.2000000000000000111, -2.950000000000000178 ) ) ;
#9328 = ORIENTED_EDGE ( 'NONE', *, *, #3805, .T. ) ;
#9329 = ORIENTED_EDGE ( 'NONE', *, *, #4524, .F. ) ;
#9330 = VERTEX_POINT ( 'NONE', #9933 ) ;
#9331 = LINE ( 'NONE', #5531, #7271 ) ;
#9332 = DIRECTION ( 'NONE',  ( 0.000000000000000000, 0.000000000000000000, -1.000000000000000000 ) ) ;
#9333 = ORIENTED_EDGE ( 'NONE', *, *, #9122, .T. ) ;
#9334 = LINE ( 'NONE', #8611, #4822 ) ;
#9335 = ADVANCED_FACE ( 'NONE', ( #5106 ), #551, .F. ) ;
#9336 = AXIS2_PLACEMENT_3D ( 'NONE', #4700, #6777, #9103 ) ;
#9337 = ORIENTED_EDGE ( 'NONE', *, *, #2710, .F. ) ;
#9338 = PLANE ( 'NONE',  #7713 ) ;
#9339 = CARTESIAN_POINT ( 'NONE',  ( -2.124999999999999112, 0.1999999999999999833, 3.500000000000001332 ) ) ;
#9340 = DIRECTION ( 'NONE',  ( 0.000000000000000000, 0.000000000000000000, 1.000000000000000000 ) ) ;
#9341 = VERTEX_POINT ( 'NONE', #5349 ) ;
#9342 = ADVANCED_FACE ( 'NONE', ( #5592 ), #7619, .F. ) ;
#9343 = FACE_OUTER_BOUND ( 'NONE', #4905, .T. ) ;
#9344 = VERTEX_POINT ( 'NONE', #3706 ) ;
#9345 = CARTESIAN_POINT ( 'NONE',  ( 2.950000000000000178, 0.8264982043070829842, 1.475000000000000533 ) ) ;
#9346 = ORIENTED_EDGE ( 'NONE', *, *, #7699, .F. ) ;
#9347 = PLANE ( 'NONE',  #1457 ) ;
#9348 = AXIS2_PLACEMENT_3D ( 'NONE', #3214, #4797, #4903 ) ;
#9349 = CARTESIAN_POINT ( 'NONE',  ( 2.950000000000000178, 0.000000000000000000, -1.475000000000000089 ) ) ;
#9350 = DIRECTION ( 'NONE',  ( 0.000000000000000000, 0.000000000000000000, 1.000000000000000000 ) ) ;
#9351 = ORIENTED_EDGE ( 'NONE', *, *, #2515, .F. ) ;
#9352 = DIRECTION ( 'NONE',  ( -1.000000000000000000, 0.000000000000000000, -0.000000000000000000 ) ) ;
#9353 = EDGE_LOOP ( 'NONE', ( #6539, #1477, #7499, #7317 ) ) ;
#9354 = DIRECTION ( 'NONE',  ( 0.000000000000000000, -1.000000000000000000, 0.000000000000000000 ) ) ;
#9355 = MECHANICAL_DESIGN_GEOMETRIC_PRESENTATION_REPRESENTATION (  '', ( #4333 ), #7155 ) ;
#9356 = CARTESIAN_POINT ( 'NONE',  ( 1.774999999999999689, 0.1999999999999999833, 2.950000000000001066 ) ) ;
#9357 = VERTEX_POINT ( 'NONE', #9961 ) ;
#9358 = EDGE_CURVE ( 'NONE', #2547, #4181, #7793, .T. ) ;
#9359 = ORIENTED_EDGE ( 'NONE', *, *, #1369, .F. ) ;
#9360 = CARTESIAN_POINT ( 'NONE',  ( 3.500000000000000444, 0.000000000000000000, -0.4749999999999993117 ) ) ;
#9361 = LINE ( 'NONE', #8589, #3130 ) ;
#9362 = DIRECTION ( 'NONE',  ( 0.000000000000000000, 1.000000000000000000, 0.000000000000000000 ) ) ;
#9363 = EDGE_CURVE ( 'NONE', #824, #4358, #3639, .T. ) ;
#9364 = EDGE_LOOP ( 'NONE', ( #7406, #2908, #8441, #7068 ) ) ;
#9365 = ORIENTED_EDGE ( 'NONE', *, *, #8726, .F. ) ;
#9366 = DIRECTION ( 'NONE',  ( 0.000000000000000000, -1.000000000000000000, 0.000000000000000000 ) ) ;
#9367 = CARTESIAN_POINT ( 'NONE',  ( -3.500000000000000444, 0.8264982043070829842, -2.125000000000000000 ) ) ;
#9368 = CARTESIAN_POINT ( 'NONE',  ( -1.475000000000000977, 0.8264982043070834283, -2.950000000000000178 ) ) ;
#9369 = PLANE ( 'NONE',  #5460 ) ;
#9370 = EDGE_CURVE ( 'NONE', #6179, #8939, #4249, .T. ) ;
#9371 = VERTEX_POINT ( 'NONE', #4596 ) ;
#9372 = VECTOR ( 'NONE', #932, 1000.000000000000000 ) ;
#9373 = FACE_OUTER_BOUND ( 'NONE', #2204, .T. ) ;
#9374 = LINE ( 'NONE', #1686, #1767 ) ;
#9375 = AXIS2_PLACEMENT_3D ( 'NONE', #2867, #6821, #560 ) ;
#9376 = CARTESIAN_POINT ( 'NONE',  ( -1.125000000000000222, 0.2000000000000000111, -2.950000000000000178 ) ) ;
#9377 = VECTOR ( 'NONE', #1830, 1000.000000000000000 ) ;
#9378 = VERTEX_POINT ( 'NONE', #8410 ) ;
#9379 = CARTESIAN_POINT ( 'NONE',  ( 0.000000000000000000, 0.05000000000000000278, -1.475000000000000089 ) ) ;
#9380 = ADVANCED_FACE ( 'NONE', ( #789 ), #3020, .F. ) ;
#9381 = DIRECTION ( 'NONE',  ( 0.000000000000000000, 0.000000000000000000, 1.000000000000000000 ) ) ;
#9382 = EDGE_CURVE ( 'NONE', #3994, #8618, #3138, .T. ) ;
#9383 = ORIENTED_EDGE ( 'NONE', *, *, #6096, .T. ) ;
#9384 = EDGE_LOOP ( 'NONE', ( #7790, #7840, #526, #7322 ) ) ;
#9385 = COLOUR_RGB ( '',0.7921568627450980005, 0.8196078431372548767, 0.9333333333333333481 ) ;
#9386 = FACE_OUTER_BOUND ( 'NONE', #4792, .T. ) ;
#9387 = LINE ( 'NONE', #2896, #5246 ) ;
#9388 = ADVANCED_FACE ( 'NONE', ( #1037 ), #2151, .F. ) ;
#9389 = EDGE_CURVE ( 'NONE', #8971, #8315, #3869, .T. ) ;
#9390 = DIRECTION ( 'NONE',  ( -1.000000000000000000, 0.000000000000000000, 0.000000000000000000 ) ) ;
#9391 = SURFACE_STYLE_USAGE ( .BOTH. , #92 ) ;
#9392 = CARTESIAN_POINT ( 'NONE',  ( -1.774999999999999245, 0.8264982043070834283, 2.950000000000001066 ) ) ;
#9393 = AXIS2_PLACEMENT_3D ( 'NONE', #896, #2527, #8853 ) ;
#9394 = EDGE_CURVE ( 'NONE', #2143, #3785, #3382, .T. ) ;
#9395 = ORIENTED_EDGE ( 'NONE', *, *, #6411, .T. ) ;
#9396 = PRESENTATION_STYLE_ASSIGNMENT (( #6934 ) ) ;
#9397 = CARTESIAN_POINT ( 'NONE',  ( -2.950000000000000178, 0.1999999999999999833, -2.125000000000000000 ) ) ;
#9398 = CARTESIAN_POINT ( 'NONE',  ( 2.950000000000000178, 0.8264982043070829842, -0.4749999999999993117 ) ) ;
#9399 = DIRECTION ( 'NONE',  ( 0.000000000000000000, 0.000000000000000000, -1.000000000000000000 ) ) ;
#9400 = LINE ( 'NONE', #3973, #2422 ) ;
#9401 = CARTESIAN_POINT ( 'NONE',  ( -1.475000000000000089, 0.8264982043070834283, -3.500000000000000444 ) ) ;
#9402 = CARTESIAN_POINT ( 'NONE',  ( 1.474999999999999645, 0.8264982043070834283, -2.950000000000000178 ) ) ;
#9403 = EDGE_LOOP ( 'NONE', ( #5165, #9547, #736, #7939 ) ) ;
#9404 = LINE ( 'NONE', #5933, #9157 ) ;
#9405 = CARTESIAN_POINT ( 'NONE',  ( -2.350000000000000977, 0.1999999999999996503, -2.350000000000000533 ) ) ;
#9406 = CARTESIAN_POINT ( 'NONE',  ( -1.125000000000000222, 0.2000000000000000111, -2.950000000000000178 ) ) ;
#9407 = CARTESIAN_POINT ( 'NONE',  ( 3.500000000000000444, 0.000000000000000000, 1.774999999999999689 ) ) ;
#9408 = CARTESIAN_POINT ( 'NONE',  ( -2.425000000000000266, 0.000000000000000000, -2.950000000000000178 ) ) ;
#9409 = CARTESIAN_POINT ( 'NONE',  ( -2.950000000000000178, 0.1999999999999999833, -1.124999999999999334 ) ) ;
#9410 = AXIS2_PLACEMENT_3D ( 'NONE', #9617, #6558, #1789 ) ;
#9411 = CARTESIAN_POINT ( 'NONE',  ( 1.775000000000000577, 0.000000000000000000, 3.500000000000001332 ) ) ;
#9412 = FACE_OUTER_BOUND ( 'NONE', #2328, .T. ) ;
#9413 = ORIENTED_EDGE ( 'NONE', *, *, #3163, .T. ) ;
#9414 = DIRECTION ( 'NONE',  ( 0.000000000000000000, 0.000000000000000000, -1.000000000000000000 ) ) ;
#9415 = ORIENTED_EDGE ( 'NONE', *, *, #9192, .F. ) ;
#9416 = EDGE_LOOP ( 'NONE', ( #7672, #127, #2943, #4259 ) ) ;
#9417 = LINE ( 'NONE', #7413, #5028 ) ;
#9418 = CARTESIAN_POINT ( 'NONE',  ( -2.950000000000000178, 0.8264982043070829842, -0.8250000000000001776 ) ) ;
#9419 = CARTESIAN_POINT ( 'NONE',  ( -0.8249999999999992895, 0.2000000000000005107, 3.500000000000000000 ) ) ;
#9420 = LINE ( 'NONE', #5788, #1078 ) ;
#9421 = PLANE ( 'NONE',  #8378 ) ;
#9422 = EDGE_LOOP ( 'NONE', ( #1531, #232, #2106, #352 ) ) ;
#9423 = AXIS2_PLACEMENT_3D ( 'NONE', #698, #1495, #10029 ) ;
#9424 = FACE_OUTER_BOUND ( 'NONE', #1278, .T. ) ;
#9425 = ORIENTED_EDGE ( 'NONE', *, *, #7176, .F. ) ;
#9426 = EDGE_CURVE ( 'NONE', #6231, #4498, #2657, .T. ) ;
#9427 = CARTESIAN_POINT ( 'NONE',  ( 0.000000000000000000, 0.05000000000000000278, -2.950000000000000178 ) ) ;
#9428 = PLANE ( 'NONE',  #1327 ) ;
#9429 = CARTESIAN_POINT ( 'NONE',  ( 2.950000000000000178, 0.1999999999999999833, -0.1750000000000002387 ) ) ;
#9430 = LINE ( 'NONE', #9166, #1092 ) ;
#9431 = PLANE ( 'NONE',  #10109 ) ;
#9433 = ORIENTED_EDGE ( 'NONE', *, *, #3814, .T. ) ;
#9432 = CARTESIAN_POINT ( 'NONE',  ( -2.950000000000000178, 0.8264982043070829842, 0.4749999999999997558 ) ) ;
#9434 = ADVANCED_FACE ( 'NONE', ( #5469 ), #10028, .F. ) ;
#9435 = VERTEX_POINT ( 'NONE', #3669 ) ;
#9436 = VERTEX_POINT ( 'NONE', #3900 ) ;
#9437 = ORIENTED_EDGE ( 'NONE', *, *, #3875, .T. ) ;
#9438 = FACE_OUTER_BOUND ( 'NONE', #2961, .T. ) ;
#9439 = UNCERTAINTY_MEASURE_WITH_UNIT (LENGTH_MEASURE( 1.000000000000000082E-05 ), #6123, 'distance_accuracy_value', 'NONE');
#9440 = AXIS2_PLACEMENT_3D ( 'NONE', #8225, #2794, #4337 ) ;
#9441 = CARTESIAN_POINT ( 'NONE',  ( 0.8249999999999997335, 0.05000000000000000278, 0.000000000000000000 ) ) ;
#9442 = LINE ( 'NONE', #10012, #6019 ) ;
#9443 = CARTESIAN_POINT ( 'NONE',  ( -3.500000000000000444, 0.1999999999999999833, 2.125000000000000888 ) ) ;
#9444 = ADVANCED_FACE ( 'NONE', ( #9373 ), #8578, .T. ) ;
#9445 = DIRECTION ( 'NONE',  ( 0.000000000000000000, 0.000000000000000000, -1.000000000000000000 ) ) ;
#9446 = EDGE_CURVE ( 'NONE', #5847, #9065, #8770, .T. ) ;
#9447 = DIRECTION ( 'NONE',  ( 0.000000000000000000, 0.000000000000000000, -1.000000000000000000 ) ) ;
#9448 = CARTESIAN_POINT ( 'NONE',  ( 2.950000000000000178, 0.1999999999999999833, 0.4749999999999997558 ) ) ;
#9449 = FILL_AREA_STYLE ('',( #2367 ) ) ;
#9450 = ORIENTED_EDGE ( 'NONE', *, *, #8859, .F. ) ;
#9451 = VERTEX_POINT ( 'NONE', #10087 ) ;
#9452 = EDGE_CURVE ( 'NONE', #156, #2733, #2261, .T. ) ;
#9453 = ORIENTED_EDGE ( 'NONE', *, *, #8535, .F. ) ;
#9454 = DIRECTION ( 'NONE',  ( -1.000000000000000000, 0.000000000000000000, 0.000000000000000000 ) ) ;
#9455 = VECTOR ( 'NONE', #3803, 1000.000000000000000 ) ;
#9456 = EDGE_LOOP ( 'NONE', ( #1467, #7440, #2054, #2222 ) ) ;
#9457 = DIRECTION ( 'NONE',  ( 0.000000000000000000, -0.000000000000000000, 1.000000000000000000 ) ) ;
#9458 = LINE ( 'NONE', #972, #8711 ) ;
#9459 = CARTESIAN_POINT ( 'NONE',  ( -2.350000000000000089, 0.000000000000000000, 2.349999999999999645 ) ) ;
#9460 = DIRECTION ( 'NONE',  ( 0.000000000000000000, 0.000000000000000000, 1.000000000000000000 ) ) ;
#9461 = EDGE_CURVE ( 'NONE', #2203, #7127, #155, .T. ) ;
#9462 = DIRECTION ( 'NONE',  ( 0.000000000000000000, 0.000000000000000000, -1.000000000000000000 ) ) ;
#9463 = ORIENTED_EDGE ( 'NONE', *, *, #9532, .T. ) ;
#9464 = ORIENTED_EDGE ( 'NONE', *, *, #221, .F. ) ;
#9465 = ORIENTED_EDGE ( 'NONE', *, *, #7370, .F. ) ;
#9466 = CARTESIAN_POINT ( 'NONE',  ( -0.8250000000000010658, 0.8264982043070834283, -2.950000000000000178 ) ) ;
#9467 = VERTEX_POINT ( 'NONE', #764 ) ;
#9468 = VECTOR ( 'NONE', #3362, 1000.000000000000000 ) ;
#9469 = CARTESIAN_POINT ( 'NONE',  ( 0.4749999999999997558, 0.1999999999999999833, 2.950000000000001066 ) ) ;
#9470 = ORIENTED_EDGE ( 'NONE', *, *, #2216, .T. ) ;
#9471 = FILL_AREA_STYLE_COLOUR ( '', #8508 ) ;
#9472 = DIRECTION ( 'NONE',  ( 0.000000000000000000, 0.000000000000000000, -1.000000000000000000 ) ) ;
#9473 = ORIENTED_EDGE ( 'NONE', *, *, #3798, .T. ) ;
#9474 = ORIENTED_EDGE ( 'NONE', *, *, #1386, .F. ) ;
#9475 = MECHANICAL_DESIGN_GEOMETRIC_PRESENTATION_REPRESENTATION (  '', ( #3837 ), #4043 ) ;
#9476 = AXIS2_PLACEMENT_3D ( 'NONE', #3544, #9781, #8229 ) ;
#9477 = CARTESIAN_POINT ( 'NONE',  ( 2.950000000000000178, 0.1999999999999999833, -1.475000000000000089 ) ) ;
#9478 = ORIENTED_EDGE ( 'NONE', *, *, #5202, .F. ) ;
#9479 =( NAMED_UNIT ( * ) PLANE_ANGLE_UNIT ( ) SI_UNIT ( $, .RADIAN. ) );
#9480 = ORIENTED_EDGE ( 'NONE', *, *, #619, .F. ) ;
#9481 = CARTESIAN_POINT ( 'NONE',  ( -3.100000000000000977, 0.8000000000000000444, -3.100000000000000977 ) ) ;
#9482 = CARTESIAN_POINT ( 'NONE',  ( 3.500000000000000444, 0.000000000000000000, 0.8250000000000006217 ) ) ;
#9483 = DIRECTION ( 'NONE',  ( 0.000000000000000000, -1.000000000000000000, 0.000000000000000000 ) ) ;
#9484 = CARTESIAN_POINT ( 'NONE',  ( -2.950000000000000178, 0.000000000000000000, -1.475000000000000089 ) ) ;
#9485 = PLANE ( 'NONE',  #5432 ) ;
#9486 = CARTESIAN_POINT ( 'NONE',  ( 0.4749999999999997558, 0.2000000000000000111, 2.950000000000001066 ) ) ;
#9487 = LINE ( 'NONE', #5224, #7543 ) ;
#9488 = VERTEX_POINT ( 'NONE', #9408 ) ;
#9489 = DIRECTION ( 'NONE',  ( 0.000000000000000000, 1.000000000000000000, 0.000000000000000000 ) ) ;
#9490 = ORIENTED_EDGE ( 'NONE', *, *, #7505, .T. ) ;
#9491 = CARTESIAN_POINT ( 'NONE',  ( 3.500000000000000444, 0.000000000000000000, 0.1750000000000006828 ) ) ;
#9492 = CARTESIAN_POINT ( 'NONE',  ( 2.950000000000000178, 0.05000000000000002359, 1.124999999999999778 ) ) ;
#9493 = ADVANCED_FACE ( 'NONE', ( #6935 ), #3864, .F. ) ;
#9494 = DIRECTION ( 'NONE',  ( 0.000000000000000000, 1.000000000000000000, 0.000000000000000000 ) ) ;
#9495 = LINE ( 'NONE', #1361, #1509 ) ;
#9496 = ORIENTED_EDGE ( 'NONE', *, *, #4823, .T. ) ;
#9497 = EDGE_LOOP ( 'NONE', ( #8597, #2100, #8240, #8047 ) ) ;
#9498 = DIRECTION ( 'NONE',  ( -0.000000000000000000, 0.000000000000000000, 1.000000000000000000 ) ) ;
#9499 = CARTESIAN_POINT ( 'NONE',  ( 2.950000000000000178, 0.8264982043070829842, 0.4749999999999997558 ) ) ;
#9500 = LINE ( 'NONE', #8478, #1404 ) ;
#9501 = ORIENTED_EDGE ( 'NONE', *, *, #7682, .T. ) ;
#9502 = DIRECTION ( 'NONE',  ( 1.000000000000000000, 0.000000000000000000, 0.000000000000000000 ) ) ;
#9503 = VECTOR ( 'NONE', #4982, 1000.000000000000000 ) ;
#9504 = AXIS2_PLACEMENT_3D ( 'NONE', #501, #3745, #5205 ) ;
#9505 = DIRECTION ( 'NONE',  ( -1.000000000000000000, 0.000000000000000000, -0.000000000000000000 ) ) ;
#9506 = VECTOR ( 'NONE', #3696, 1000.000000000000000 ) ;
#9507 = ORIENTED_EDGE ( 'NONE', *, *, #4140, .T. ) ;
#9508 = EDGE_CURVE ( 'NONE', #8564, #4219, #5607, .T. ) ;
#9509 = PLANE ( 'NONE',  #334 ) ;
#9510 = VERTEX_POINT ( 'NONE', #1593 ) ;
#9511 = ORIENTED_EDGE ( 'NONE', *, *, #695, .T. ) ;
#9512 = VECTOR ( 'NONE', #8602, 1000.000000000000000 ) ;
#9513 =( NAMED_UNIT ( * ) PLANE_ANGLE_UNIT ( ) SI_UNIT ( $, .RADIAN. ) );
#9514 = EDGE_CURVE ( 'NONE', #9689, #1626, #8272, .T. ) ;
#9515 = VECTOR ( 'NONE', #6174, 1000.000000000000000 ) ;
#9516 = FACE_OUTER_BOUND ( 'NONE', #7650, .T. ) ;
#9517 = CARTESIAN_POINT ( 'NONE',  ( 3.500000000000000444, 0.000000000000000000, -0.1750000000000002387 ) ) ;
#9518 = CARTESIAN_POINT ( 'NONE',  ( 2.125000000000000000, 0.2000000000000005107, -3.500000000000000444 ) ) ;
#9519 = VECTOR ( 'NONE', #2433, 1000.000000000000000 ) ;
#9520 = CARTESIAN_POINT ( 'NONE',  ( 1.475000000000000533, 0.2000000000000000111, 3.500000000000001332 ) ) ;
#9521 = DIRECTION ( 'NONE',  ( 0.000000000000000000, 0.000000000000000000, 1.000000000000000000 ) ) ;
#9522 = PLANE ( 'NONE',  #10173 ) ;
#9523 = EDGE_CURVE ( 'NONE', #2525, #593, #56, .T. ) ;
#9524 = CARTESIAN_POINT ( 'NONE',  ( 3.500000000000000444, 0.05000000000000000278, 3.499999999999999556 ) ) ;
#9525 = ORIENTED_EDGE ( 'NONE', *, *, #8151, .F. ) ;
#9526 = LINE ( 'NONE', #1077, #1310 ) ;
#9527 = EDGE_LOOP ( 'NONE', ( #2512, #2924, #5045, #83 ) ) ;
#9528 = AXIS2_PLACEMENT_3D ( 'NONE', #8052, #3354, #9620 ) ;
#9529 = CARTESIAN_POINT ( 'NONE',  ( -2.950000000000000178, 0.05000000000000000278, 0.000000000000000000 ) ) ;
#9530 = LINE ( 'NONE', #9908, #6453 ) ;
#9531 = FACE_OUTER_BOUND ( 'NONE', #1781, .T. ) ;
#9532 = EDGE_CURVE ( 'NONE', #10183, #3215, #2160, .T. ) ;
#9533 = DIRECTION ( 'NONE',  ( 0.000000000000000000, -0.000000000000000000, 1.000000000000000000 ) ) ;
#9534 = VERTEX_POINT ( 'NONE', #2395 ) ;
#9535 = LINE ( 'NONE', #8181, #1195 ) ;
#9536 = EDGE_CURVE ( 'NONE', #4821, #8940, #6448, .T. ) ;
#9537 = CARTESIAN_POINT ( 'NONE',  ( 2.950000000000000178, 0.8264982043070829842, -1.124999999999999334 ) ) ;
#9538 = LINE ( 'NONE', #9766, #5982 ) ;
#9539 = DIRECTION ( 'NONE',  ( 0.000000000000000000, -0.000000000000000000, 1.000000000000000000 ) ) ;
#9540 = ORIENTED_EDGE ( 'NONE', *, *, #9975, .T. ) ;
#9541 = CARTESIAN_POINT ( 'NONE',  ( -2.950000000000000178, 0.1999999999999999833, -1.774999999999999245 ) ) ;
#9542 = ORIENTED_EDGE ( 'NONE', *, *, #29, .T. ) ;
#9543 = LINE ( 'NONE', #806, #7470 ) ;
#9544 = DIRECTION ( 'NONE',  ( -1.000000000000000000, 0.000000000000000000, 0.000000000000000000 ) ) ;
#9545 = CARTESIAN_POINT ( 'NONE',  ( -3.100000000000000977, 0.8000000000000000444, -3.300000000000000711 ) ) ;
#9546 = FACE_OUTER_BOUND ( 'NONE', #5409, .T. ) ;
#9547 = ORIENTED_EDGE ( 'NONE', *, *, #3747, .T. ) ;
#9548 = CARTESIAN_POINT ( 'NONE',  ( -0.1750000000000010991, 0.8264982043070834283, -2.950000000000000178 ) ) ;
#9549 = ORIENTED_EDGE ( 'NONE', *, *, #9117, .F. ) ;
#9550 = DIRECTION ( 'NONE',  ( 0.000000000000000000, -0.000000000000000000, -1.000000000000000000 ) ) ;
#9551 = CARTESIAN_POINT ( 'NONE',  ( 0.4750000000000005884, 0.2000000000000000111, 3.500000000000001332 ) ) ;
#9552 = ORIENTED_EDGE ( 'NONE', *, *, #2105, .T. ) ;
#9553 = LINE ( 'NONE', #2162, #5280 ) ;
#9554 = DIRECTION ( 'NONE',  ( 0.000000000000000000, 0.000000000000000000, -1.000000000000000000 ) ) ;
#9555 = CARTESIAN_POINT ( 'NONE',  ( -3.500000000000000444, 0.1999999999999999833, -0.1750000000000002387 ) ) ;
#9556 = AXIS2_PLACEMENT_3D ( 'NONE', #1755, #4080, #8783 ) ;
#9557 = CARTESIAN_POINT ( 'NONE',  ( 1.774999999999998801, 0.1999999999999999833, -2.950000000000000178 ) ) ;
#9558 = LINE ( 'NONE', #10106, #10144 ) ;
#9559 = SURFACE_STYLE_FILL_AREA ( #7242 ) ;
#9560 = DIRECTION ( 'NONE',  ( 1.000000000000000000, 0.000000000000000000, -0.000000000000000000 ) ) ;
#9561 = DIRECTION ( 'NONE',  ( 0.000000000000000000, -1.000000000000000000, 0.000000000000000000 ) ) ;
#9562 = ORIENTED_EDGE ( 'NONE', *, *, #1441, .F. ) ;
#9563 = DIRECTION ( 'NONE',  ( 0.000000000000000000, -1.000000000000000000, 0.000000000000000000 ) ) ;
#9564 = ORIENTED_EDGE ( 'NONE', *, *, #6962, .F. ) ;
#9565 = LINE ( 'NONE', #5101, #9184 ) ;
#9566 = VECTOR ( 'NONE', #3834, 1000.000000000000000 ) ;
#9567 = AXIS2_PLACEMENT_3D ( 'NONE', #5877, #8284, #1342 ) ;
#9568 = EDGE_LOOP ( 'NONE', ( #3820, #6023, #144, #4938 ) ) ;
#9569 = ORIENTED_EDGE ( 'NONE', *, *, #4878, .T. ) ;
#9570 = EDGE_CURVE ( 'NONE', #3633, #5172, #4119, .T. ) ;
#9571 = CARTESIAN_POINT ( 'NONE',  ( 2.425000000000000266, 0.2000000000000000111, -3.500000000000000444 ) ) ;
#9572 = ORIENTED_EDGE ( 'NONE', *, *, #42, .T. ) ;
#9573 = VERTEX_POINT ( 'NONE', #2289 ) ;
#9574 = VERTEX_POINT ( 'NONE', #7775 ) ;
#9575 = VECTOR ( 'NONE', #9276, 1000.000000000000000 ) ;
#9576 = UNCERTAINTY_MEASURE_WITH_UNIT (LENGTH_MEASURE( 1.000000000000000082E-05 ), #8291, 'distance_accuracy_value', 'NONE');
#9577 = CARTESIAN_POINT ( 'NONE',  ( 2.425000000000000266, 0.2000000000000002054, -3.500000000000000444 ) ) ;
#9578 = EDGE_CURVE ( 'NONE', #2373, #2803, #6085, .T. ) ;
#9579 = DIRECTION ( 'NONE',  ( 0.000000000000000000, -1.000000000000000000, 0.000000000000000000 ) ) ;
#9580 = ORIENTED_EDGE ( 'NONE', *, *, #3271, .T. ) ;
#9581 = EDGE_LOOP ( 'NONE', ( #10141, #4867, #6909, #7721 ) ) ;
#9582 = DIRECTION ( 'NONE',  ( 1.577021341797097215E-15, 0.000000000000000000, 1.000000000000000000 ) ) ;
#9583 = ORIENTED_EDGE ( 'NONE', *, *, #1563, .F. ) ;
#9584 = EDGE_CURVE ( 'NONE', #7516, #4926, #6682, .T. ) ;
#9585 = DIRECTION ( 'NONE',  ( 0.000000000000000000, -1.000000000000000000, 0.000000000000000000 ) ) ;
#9586 = ORIENTED_EDGE ( 'NONE', *, *, #3487, .T. ) ;
#9587 = CARTESIAN_POINT ( 'NONE',  ( -2.950000000000000178, 0.1999999999999999833, -0.1750000000000002387 ) ) ;
#9588 = CARTESIAN_POINT ( 'NONE',  ( 0.8250000000000006217, 0.2000000000000002054, 3.500000000000001332 ) ) ;
#9589 = EDGE_CURVE ( 'NONE', #458, #3618, #8283, .T. ) ;
#9590 = LINE ( 'NONE', #9309, #7524 ) ;
#9591 = PLANE ( 'NONE',  #6800 ) ;
#9592 = CARTESIAN_POINT ( 'NONE',  ( -2.950000000000000178, 0.000000000000000000, 1.124999999999999778 ) ) ;
#9593 = ORIENTED_EDGE ( 'NONE', *, *, #4874, .F. ) ;
#9594 = EDGE_CURVE ( 'NONE', #5550, #2651, #1659, .T. ) ;
#9595 = DIRECTION ( 'NONE',  ( -0.000000000000000000, 0.000000000000000000, 1.000000000000000000 ) ) ;
#9596 = CARTESIAN_POINT ( 'NONE',  ( -2.950000000000000178, 0.8264982043070829842, 0.8250000000000006217 ) ) ;
#9597 = FACE_OUTER_BOUND ( 'NONE', #10133, .T. ) ;
#9598 = CARTESIAN_POINT ( 'NONE',  ( 0.000000000000000000, 0.2000000000000000111, 0.000000000000000000 ) ) ;
#9599 = ORIENTED_EDGE ( 'NONE', *, *, #10174, .T. ) ;
#9601 = EDGE_CURVE ( 'NONE', #956, #4531, #4385, .T. ) ;
#9600 = LINE ( 'NONE', #7144, #372 ) ;
#9602 = CARTESIAN_POINT ( 'NONE',  ( -2.950000000000000178, 0.1999999999999999833, 1.475000000000000533 ) ) ;
#9603 = AXIS2_PLACEMENT_3D ( 'NONE', #6801, #2849, #7542 ) ;
#9604 = VERTEX_POINT ( 'NONE', #841 ) ;
#9605 = EDGE_CURVE ( 'NONE', #1607, #9294, #925, .T. ) ;
#9606 = ADVANCED_FACE ( 'NONE', ( #8174 ), #3322, .F. ) ;
#9607 = VERTEX_POINT ( 'NONE', #1733 ) ;
#9608 = PLANE ( 'NONE',  #5037 ) ;
#9609 = APPLICATION_PROTOCOL_DEFINITION ( 'draft international standard', 'automotive_design', 1998, #1000 ) ;
#9610 = PLANE ( 'NONE',  #9567 ) ;
#9611 = ORIENTED_EDGE ( 'NONE', *, *, #1969, .T. ) ;
#9612 = CARTESIAN_POINT ( 'NONE',  ( 1.775000000000000577, 0.1999999999999999833, 3.500000000000001332 ) ) ;
#9613 =( GEOMETRIC_REPRESENTATION_CONTEXT ( 3 ) GLOBAL_UNCERTAINTY_ASSIGNED_CONTEXT ( ( #9880 ) ) GLOBAL_UNIT_ASSIGNED_CONTEXT ( ( #1901, #5784, #2606 ) ) REPRESENTATION_CONTEXT ( 'NONE', 'WORKASPACE' ) );
#9614 = MECHANICAL_DESIGN_GEOMETRIC_PRESENTATION_REPRESENTATION (  '', ( #872 ), #462 ) ;
#9615 = DIRECTION ( 'NONE',  ( 1.000000000000000000, -0.000000000000000000, 0.000000000000000000 ) ) ;
#9616 = LINE ( 'NONE', #4626, #7038 ) ;
#9617 = CARTESIAN_POINT ( 'NONE',  ( 2.600000000000000089, 0.000000000000000000, 0.000000000000000000 ) ) ;
#9618 = VERTEX_POINT ( 'NONE', #7237 ) ;
#9619 = PLANE ( 'NONE',  #5684 ) ;
#9620 = DIRECTION ( 'NONE',  ( -1.000000000000000000, 0.000000000000000000, -0.000000000000000000 ) ) ;
#9621 = CARTESIAN_POINT ( 'NONE',  ( -2.950000000000000178, 0.000000000000000000, -0.8250000000000001776 ) ) ;
#9622 = ORIENTED_EDGE ( 'NONE', *, *, #4030, .F. ) ;
#9623 = CARTESIAN_POINT ( 'NONE',  ( -2.950000000000000178, 0.8264982043070829842, -0.4749999999999993117 ) ) ;
#9624 = DIRECTION ( 'NONE',  ( 0.000000000000000000, -0.000000000000000000, 1.000000000000000000 ) ) ;
#9625 = PLANE ( 'NONE',  #9129 ) ;
#9626 = EDGE_LOOP ( 'NONE', ( #3780, #1858, #8038, #2596 ) ) ;
#9627 = LINE ( 'NONE', #1637, #2891 ) ;
#9628 = CARTESIAN_POINT ( 'NONE',  ( -1.774999999999999245, 0.2000000000000000111, 2.950000000000001066 ) ) ;
#9629 = FACE_OUTER_BOUND ( 'NONE', #4958, .T. ) ;
#9630 = EDGE_LOOP ( 'NONE', ( #6885, #2759, #716, #8029 ) ) ;
#9631 = ORIENTED_EDGE ( 'NONE', *, *, #1504, .F. ) ;
#9632 = PLANE ( 'NONE',  #8607 ) ;
#9633 = AXIS2_PLACEMENT_3D ( 'NONE', #7680, #663, #3768 ) ;
#9634 = CARTESIAN_POINT ( 'NONE',  ( -1.125000000000000222, 0.04999999999999969746, -3.500000000000000444 ) ) ;
#9635 = DIRECTION ( 'NONE',  ( 1.000000000000000000, -0.000000000000000000, 0.000000000000000000 ) ) ;
#9636 = VECTOR ( 'NONE', #1895, 1000.000000000000000 ) ;
#9637 = CARTESIAN_POINT ( 'NONE',  ( -1.125000000000000222, 0.2000000000000000111, -2.950000000000000178 ) ) ;
#9638 = FACE_OUTER_BOUND ( 'NONE', #5699, .T. ) ;
#9639 = VECTOR ( 'NONE', #2057, 1000.000000000000000 ) ;
#9640 = LINE ( 'NONE', #5178, #7916 ) ;
#9641 = ORIENTED_EDGE ( 'NONE', *, *, #858, .T. ) ;
#9642 = DIRECTION ( 'NONE',  ( 0.000000000000000000, 1.000000000000000000, 0.000000000000000000 ) ) ;
#9643 = ORIENTED_EDGE ( 'NONE', *, *, #1386, .T. ) ;
#9644 = AXIS2_PLACEMENT_3D ( 'NONE', #9973, #465, #565 ) ;
#9645 = LINE ( 'NONE', #1649, #9764 ) ;
#9646 = COLOUR_RGB ( '',0.7921568627450980005, 0.8196078431372548767, 0.9333333333333333481 ) ;
#9647 = FILL_AREA_STYLE_COLOUR ( '', #5010 ) ;
#9648 = VECTOR ( 'NONE', #1928, 1000.000000000000000 ) ;
#9649 = EDGE_CURVE ( 'NONE', #4566, #7112, #4607, .T. ) ;
#9650 = CARTESIAN_POINT ( 'NONE',  ( 3.899999999999999911, 0.000000000000000000, 0.000000000000000000 ) ) ;
#9651 = EDGE_CURVE ( 'NONE', #5943, #2723, #2030, .T. ) ;
#9652 = ORIENTED_EDGE ( 'NONE', *, *, #4090, .F. ) ;
#9653 = LINE ( 'NONE', #5761, #6949 ) ;
#9654 = DIRECTION ( 'NONE',  ( 0.000000000000000000, 0.000000000000000000, -1.000000000000000000 ) ) ;
#9655 = CARTESIAN_POINT ( 'NONE',  ( 2.950000000000000178, 0.1999999999999999833, -2.424999999999999378 ) ) ;
#9656 = ADVANCED_FACE ( 'NONE', ( #10115 ), #8023, .F. ) ;
#9657 = CARTESIAN_POINT ( 'NONE',  ( 2.424999999999999378, 0.2000000000000000111, -2.950000000000000178 ) ) ;
#9658 = VECTOR ( 'NONE', #7426, 1000.000000000000000 ) ;
#9659 = CARTESIAN_POINT ( 'NONE',  ( 2.950000000000000178, 0.000000000000000000, 1.475000000000000533 ) ) ;
#9660 = VECTOR ( 'NONE', #6412, 1000.000000000000000 ) ;
#9661 = EDGE_CURVE ( 'NONE', #7204, #1775, #7689, .T. ) ;
#9662 = DIRECTION ( 'NONE',  ( 0.000000000000000000, 0.000000000000000000, -1.000000000000000000 ) ) ;
#9663 = ADVANCED_FACE ( 'NONE', ( #2540 ), #880, .F. ) ;
#9664 = AXIS2_PLACEMENT_3D ( 'NONE', #8793, #7174, #5697 ) ;
#9665 = DIRECTION ( 'NONE',  ( 0.000000000000000000, -1.000000000000000000, 0.000000000000000000 ) ) ;
#9666 = EDGE_CURVE ( 'NONE', #1726, #8564, #2524, .T. ) ;
#9667 = VERTEX_POINT ( 'NONE', #1660 ) ;
#9668 = VECTOR ( 'NONE', #9244, 1000.000000000000000 ) ;
#9669 = DIRECTION ( 'NONE',  ( -0.000000000000000000, 1.000000000000000000, -0.000000000000000000 ) ) ;
#9670 = FACE_OUTER_BOUND ( 'NONE', #6393, .T. ) ;
#9672 = VECTOR ( 'NONE', #6146, 1000.000000000000000 ) ;
#9671 = CARTESIAN_POINT ( 'NONE',  ( -2.950000000000000178, 0.8264982043070829842, -0.1750000000000002387 ) ) ;
#9673 = DIRECTION ( 'NONE',  ( -1.000000000000000000, 0.000000000000000000, 0.000000000000000000 ) ) ;
#9674 = ORIENTED_EDGE ( 'NONE', *, *, #2016, .T. ) ;
#9675 = ORIENTED_EDGE ( 'NONE', *, *, #10153, .F. ) ;
#9676 = VECTOR ( 'NONE', #742, 1000.000000000000000 ) ;
#9677 = ORIENTED_EDGE ( 'NONE', *, *, #2904, .F. ) ;
#9678 = VECTOR ( 'NONE', #9445, 1000.000000000000000 ) ;
#9679 = CARTESIAN_POINT ( 'NONE',  ( 1.124999999999998890, 0.2000000000000000111, -2.950000000000000178 ) ) ;
#9680 = AXIS2_PLACEMENT_3D ( 'NONE', #7730, #6118, #4455 ) ;
#9681 = AXIS2_PLACEMENT_3D ( 'NONE', #9499, #4929, #3239 ) ;
#9682 = CARTESIAN_POINT ( 'NONE',  ( -3.500000000000000000, 11.49949493661166500, 3.500000000000000444 ) ) ;
#9684 = VERTEX_POINT ( 'NONE', #8054 ) ;
#9683 = DIRECTION ( 'NONE',  ( -0.000000000000000000, 0.000000000000000000, -1.000000000000000000 ) ) ;
#9685 = LINE ( 'NONE', #2472, #3677 ) ;
#9686 = VERTEX_POINT ( 'NONE', #203 ) ;
#9687 = VECTOR ( 'NONE', #3169, 1000.000000000000000 ) ;
#9688 = FACE_OUTER_BOUND ( 'NONE', #2294, .T. ) ;
#9689 = VERTEX_POINT ( 'NONE', #5725 ) ;
#9690 = CARTESIAN_POINT ( 'NONE',  ( -1.774999999999999245, 0.8264982043070834283, 2.950000000000001066 ) ) ;
#9691 = AXIS2_PLACEMENT_3D ( 'NONE', #2626, #4167, #1605 ) ;
#9692 = EDGE_LOOP ( 'NONE', ( #7246, #5958, #7393, #4695 ) ) ;
#9693 = ORIENTED_EDGE ( 'NONE', *, *, #6432, .F. ) ;
#9694 = CARTESIAN_POINT ( 'NONE',  ( 2.950000000000000178, 0.1999999999999999833, -1.774999999999999245 ) ) ;
#9695 = ORIENTED_EDGE ( 'NONE', *, *, #6293, .T. ) ;
#9696 = VECTOR ( 'NONE', #6522, 1000.000000000000000 ) ;
#9697 = VECTOR ( 'NONE', #4320, 1000.000000000000000 ) ;
#9698 = DIRECTION ( 'NONE',  ( -6.195440985631454085E-17, -0.000000000000000000, 1.000000000000000000 ) ) ;
#9699 = AXIS2_PLACEMENT_3D ( 'NONE', #4618, #6082, #8429 ) ;
#9700 = CARTESIAN_POINT ( 'NONE',  ( 2.950000000000000178, 0.000000000000000000, 1.475000000000000533 ) ) ;
#9701 = ORIENTED_EDGE ( 'NONE', *, *, #9048, .T. ) ;
#9702 = VERTEX_POINT ( 'NONE', #6398 ) ;
#9703 = CARTESIAN_POINT ( 'NONE',  ( 2.950000000000000178, 0.8264982043070829842, 0.4749999999999997558 ) ) ;
#9704 = CLOSED_SHELL ( 'NONE', ( #5558, #6002, #8605, #5493, #8066, #7253 ) ) ;
#9705 = VECTOR ( 'NONE', #2152, 1000.000000000000000 ) ;
#9706 = CLOSED_SHELL ( 'NONE', ( #2876, #4726, #7361, #5439, #638, #265 ) ) ;
#9707 = ADVANCED_FACE ( 'NONE', ( #5844 ), #3356, .T. ) ;
#9708 = VECTOR ( 'NONE', #8892, 1000.000000000000000 ) ;
#9709 = EDGE_CURVE ( 'NONE', #1483, #1139, #6197, .T. ) ;
#9710 = DIRECTION ( 'NONE',  ( 0.000000000000000000, 1.000000000000000000, 0.000000000000000000 ) ) ;
#9711 = DIRECTION ( 'NONE',  ( 0.000000000000000000, -0.000000000000000000, -1.000000000000000000 ) ) ;
#9712 = ORIENTED_EDGE ( 'NONE', *, *, #2500, .F. ) ;
#9714 = ORIENTED_EDGE ( 'NONE', *, *, #5084, .F. ) ;
#9713 = ADVANCED_FACE ( 'NONE', ( #6922 ), #4151, .F. ) ;
#9715 = ORIENTED_EDGE ( 'NONE', *, *, #9248, .F. ) ;
#9716 = DIRECTION ( 'NONE',  ( 0.000000000000000000, 0.000000000000000000, -1.000000000000000000 ) ) ;
#9717 = EDGE_CURVE ( 'NONE', #5329, #9817, #8502, .T. ) ;
#9718 = CARTESIAN_POINT ( 'NONE',  ( -3.100000000000000977, 0.8000000000000000444, -3.100000000000000977 ) ) ;
#9719 = VERTEX_POINT ( 'NONE', #8792 ) ;
#9720 = FACE_OUTER_BOUND ( 'NONE', #8118, .T. ) ;
#9721 = EDGE_CURVE ( 'NONE', #7832, #3521, #6434, .T. ) ;
#9722 = VERTEX_POINT ( 'NONE', #8686 ) ;
#9723 = CARTESIAN_POINT ( 'NONE',  ( -3.500000000000000444, 0.000000000000000000, -0.1750000000000002387 ) ) ;
#9724 = DIRECTION ( 'NONE',  ( 0.000000000000000000, -0.000000000000000000, -1.000000000000000000 ) ) ;
#9725 = CARTESIAN_POINT ( 'NONE',  ( 3.500000000000000444, 0.1999999999999999833, 0.4749999999999997558 ) ) ;
#9726 = EDGE_CURVE ( 'NONE', #7649, #2212, #3266, .T. ) ;
#9727 = EDGE_LOOP ( 'NONE', ( #4201, #2559, #1874, #6502 ) ) ;
#9728 = CARTESIAN_POINT ( 'NONE',  ( 1.774999999999999689, 0.2000000000000000111, -3.500000000000000444 ) ) ;
#9729 = CARTESIAN_POINT ( 'NONE',  ( -2.950000000000000178, 0.8264982043070829842, -1.475000000000000089 ) ) ;
#9730 = CARTESIAN_POINT ( 'NONE',  ( 4.549999999999999822, 0.2000000000000000111, 0.000000000000000000 ) ) ;
#9731 = COLOUR_RGB ( '',0.7921568627450980005, 0.8196078431372548767, 0.9333333333333333481 ) ;
#9732 = EDGE_CURVE ( 'NONE', #5117, #6077, #4857, .T. ) ;
#9733 = ORIENTED_EDGE ( 'NONE', *, *, #8187, .T. ) ;
#9734 = CARTESIAN_POINT ( 'NONE',  ( 2.950000000000000178, 0.8264982043070829842, 1.475000000000000533 ) ) ;
#9735 = CARTESIAN_POINT ( 'NONE',  ( -3.500000000000000444, 0.1999999999999999833, -0.8250000000000001776 ) ) ;
#9736 = EDGE_CURVE ( 'NONE', #2665, #6896, #1921, .T. ) ;
#9737 = DIRECTION ( 'NONE',  ( -1.577021341797097215E-15, 0.000000000000000000, 1.000000000000000000 ) ) ;
#9738 = LINE ( 'NONE', #5346, #4844 ) ;
#9739 = ORIENTED_EDGE ( 'NONE', *, *, #3409, .T. ) ;
#9740 = CARTESIAN_POINT ( 'NONE',  ( 1.124999999999999778, 0.8264982043070834283, 2.950000000000001066 ) ) ;
#9741 = VERTEX_POINT ( 'NONE', #8866 ) ;
#9742 = DIRECTION ( 'NONE',  ( 0.000000000000000000, 0.000000000000000000, -1.000000000000000000 ) ) ;
#9743 = DIRECTION ( 'NONE',  ( -0.000000000000000000, -1.000000000000000000, -0.000000000000000000 ) ) ;
#9744 = LINE ( 'NONE', #5054, #2390 ) ;
#9745 = PLANE ( 'NONE',  #5115 ) ;
#9746 = CARTESIAN_POINT ( 'NONE',  ( 2.950000000000000178, 0.8264982043070829842, -2.424999999999999378 ) ) ;
#9747 = ORIENTED_EDGE ( 'NONE', *, *, #6894, .T. ) ;
#9748 = ORIENTED_EDGE ( 'NONE', *, *, #6168, .F. ) ;
#9749 = CARTESIAN_POINT ( 'NONE',  ( 2.950000000000000178, 0.1999999999999999833, 0.4749999999999997558 ) ) ;
#9750 = AXIS2_PLACEMENT_3D ( 'NONE', #894, #1514, #6282 ) ;
#9751 = VECTOR ( 'NONE', #6784, 1000.000000000000000 ) ;
#9752 = ORIENTED_EDGE ( 'NONE', *, *, #8200, .T. ) ;
#9753 = VECTOR ( 'NONE', #7918, 1000.000000000000000 ) ;
#9754 = CARTESIAN_POINT ( 'NONE',  ( 3.500000000000000444, 0.8000000000000003775, -3.500000000000000444 ) ) ;
#9755 = ADVANCED_FACE ( 'NONE', ( #7927 ), #9000, .F. ) ;
#9756 = CARTESIAN_POINT ( 'NONE',  ( -0.4749999999999993117, 0.2000000000000000111, 2.950000000000001066 ) ) ;
#9757 = VECTOR ( 'NONE', #6967, 1000.000000000000000 ) ;
#9758 = ORIENTED_EDGE ( 'NONE', *, *, #3019, .T. ) ;
#9759 = DIRECTION ( 'NONE',  ( -1.577021341797097215E-15, 0.000000000000000000, 1.000000000000000000 ) ) ;
#9760 = DIRECTION ( 'NONE',  ( 0.000000000000000000, 1.000000000000000000, 0.000000000000000000 ) ) ;
#9761 = ADVANCED_FACE ( 'NONE', ( #9269 ), #5081, .F. ) ;
#9762 = ORIENTED_EDGE ( 'NONE', *, *, #96, .F. ) ;
#9763 = ORIENTED_EDGE ( 'NONE', *, *, #3033, .F. ) ;
#9764 = VECTOR ( 'NONE', #9472, 1000.000000000000000 ) ;
#9765 = CARTESIAN_POINT ( 'NONE',  ( 0.000000000000000000, 0.05000000000000000278, -0.4749999999999993117 ) ) ;
#9766 = CARTESIAN_POINT ( 'NONE',  ( 2.424999999999994493, 0.05000000000000000278, 3.824276753857951556E-15 ) ) ;
#9767 = VECTOR ( 'NONE', #7212, 1000.000000000000000 ) ;
#9768 = DIRECTION ( 'NONE',  ( -1.000000000000000000, 0.000000000000000000, 1.577021341797097215E-15 ) ) ;
#9769 = FACE_OUTER_BOUND ( 'NONE', #4234, .T. ) ;
#9770 = MECHANICAL_DESIGN_GEOMETRIC_PRESENTATION_REPRESENTATION (  '', ( #9233 ), #85 ) ;
#9771 = DIRECTION ( 'NONE',  ( -1.000000000000000000, 0.000000000000000000, 0.000000000000000000 ) ) ;
#9772 = VECTOR ( 'NONE', #6225, 1000.000000000000000 ) ;
#9773 = EDGE_CURVE ( 'NONE', #9213, #10183, #3757, .T. ) ;
#9774 = CARTESIAN_POINT ( 'NONE',  ( 3.500000000000000444, 0.1999999999999999833, -2.424999999999999378 ) ) ;
#9775 = ORIENTED_EDGE ( 'NONE', *, *, #4888, .F. ) ;
#9776 = CARTESIAN_POINT ( 'NONE',  ( -2.424999999999999378, 0.2000000000000000111, 2.950000000000001066 ) ) ;
#9777 = FACE_OUTER_BOUND ( 'NONE', #1132, .T. ) ;
#9778 = ORIENTED_EDGE ( 'NONE', *, *, #4360, .F. ) ;
#9779 = EDGE_CURVE ( 'NONE', #5514, #451, #397, .T. ) ;
#9780 = VECTOR ( 'NONE', #2167, 1000.000000000000000 ) ;
#9781 = DIRECTION ( 'NONE',  ( 1.000000000000000000, -0.000000000000000000, 0.000000000000000000 ) ) ;
#9782 = FACE_OUTER_BOUND ( 'NONE', #1723, .T. ) ;
#9783 = EDGE_CURVE ( 'NONE', #2760, #5882, #7192, .T. ) ;
#9784 = CARTESIAN_POINT ( 'NONE',  ( 0.4749999999999997558, 0.000000000000000000, 2.950000000000001066 ) ) ;
#9785 = CARTESIAN_POINT ( 'NONE',  ( -3.500000000000000444, 0.1999999999999999833, -1.124999999999999334 ) ) ;
#9786 = ORIENTED_EDGE ( 'NONE', *, *, #3823, .F. ) ;
#9787 = PLANE ( 'NONE',  #2282 ) ;
#9788 = EDGE_CURVE ( 'NONE', #5882, #7882, #534, .T. ) ;
#9789 = VECTOR ( 'NONE', #6278, 1000.000000000000000 ) ;
#9790 = CARTESIAN_POINT ( 'NONE',  ( -2.950000000000000178, 0.8264982043070829842, -0.4749999999999993117 ) ) ;
#9791 = EDGE_CURVE ( 'NONE', #6556, #1726, #5236, .T. ) ;
#9792 = ORIENTED_EDGE ( 'NONE', *, *, #9915, .F. ) ;
#9793 =( LENGTH_UNIT ( ) NAMED_UNIT ( * ) SI_UNIT ( .MILLI., .METRE. ) );
#9794 = DIRECTION ( 'NONE',  ( 0.000000000000000000, 1.000000000000000000, 0.000000000000000000 ) ) ;
#9795 = ORIENTED_EDGE ( 'NONE', *, *, #8595, .T. ) ;
#9796 = LINE ( 'NONE', #7287, #3422 ) ;
#9797 = DIRECTION ( 'NONE',  ( 0.000000000000000000, 0.000000000000000000, -1.000000000000000000 ) ) ;
#9798 = CARTESIAN_POINT ( 'NONE',  ( 1.300000000000000044, 0.2000000000000000111, 0.000000000000000000 ) ) ;
#9799 = VECTOR ( 'NONE', #238, 1000.000000000000000 ) ;
#9800 = EDGE_CURVE ( 'NONE', #1297, #9947, #3642, .T. ) ;
#9801 = FACE_OUTER_BOUND ( 'NONE', #6054, .T. ) ;
#9802 = ORIENTED_EDGE ( 'NONE', *, *, #3948, .F. ) ;
#9803 = AXIS2_PLACEMENT_3D ( 'NONE', #1751, #2560, #4139 ) ;
#9804 = CARTESIAN_POINT ( 'NONE',  ( -3.500000000000000444, 0.1999999999999999833, 1.475000000000000533 ) ) ;
#9805 = EDGE_CURVE ( 'NONE', #122, #6003, #3141, .T. ) ;
#9806 = CARTESIAN_POINT ( 'NONE',  ( 2.125000000000000000, 0.1999999999999999833, -2.950000000000000178 ) ) ;
#9807 = ORIENTED_EDGE ( 'NONE', *, *, #6418, .F. ) ;
#9808 = DIRECTION ( 'NONE',  ( 0.000000000000000000, 0.000000000000000000, -1.000000000000000000 ) ) ;
#9809 = ORIENTED_EDGE ( 'NONE', *, *, #8498, .T. ) ;
#9810 = FACE_OUTER_BOUND ( 'NONE', #7555, .T. ) ;
#9811 = ORIENTED_EDGE ( 'NONE', *, *, #4689, .F. ) ;
#9812 = LINE ( 'NONE', #2173, #1814 ) ;
#9813 = DIRECTION ( 'NONE',  ( 0.000000000000000000, -1.000000000000000000, 0.000000000000000000 ) ) ;
#9814 = CARTESIAN_POINT ( 'NONE',  ( -2.950000000000000178, 0.000000000000000000, 1.475000000000000533 ) ) ;
#9815 = ADVANCED_FACE ( 'NONE', ( #792 ), #1074, .F. ) ;
#9816 = ORIENTED_EDGE ( 'NONE', *, *, #4865, .F. ) ;
#9817 = VERTEX_POINT ( 'NONE', #1873 ) ;
#9818 = CARTESIAN_POINT ( 'NONE',  ( 0.000000000000000000, 0.05000000000000000278, 0.000000000000000000 ) ) ;
#9819 = STYLED_ITEM ( 'NONE', ( #6506 ), #4449 ) ;
#9820 = ADVANCED_FACE ( 'NONE', ( #1907 ), #1147, .T. ) ;
#9821 = VECTOR ( 'NONE', #2633, 1000.000000000000000 ) ;
#9822 = DIRECTION ( 'NONE',  ( -0.000000000000000000, -1.000000000000000000, -0.000000000000000000 ) ) ;
#9823 = CARTESIAN_POINT ( 'NONE',  ( -1.775000000000000133, 0.2000000000000000111, -3.500000000000000444 ) ) ;
#9824 = VERTEX_POINT ( 'NONE', #8150 ) ;
#9825 = EDGE_LOOP ( 'NONE', ( #5026, #9879, #6695, #1608 ) ) ;
#9826 = DIRECTION ( 'NONE',  ( -0.000000000000000000, 0.000000000000000000, -1.000000000000000000 ) ) ;
#9827 = ORIENTED_EDGE ( 'NONE', *, *, #9532, .F. ) ;
#9828 = COLOUR_RGB ( '',0.7921568627450980005, 0.8196078431372548767, 0.9333333333333333481 ) ;
#9829 = DIRECTION ( 'NONE',  ( 1.000000000000000000, 0.000000000000000000, 0.000000000000000000 ) ) ;
#9830 = PRESENTATION_LAYER_ASSIGNMENT (  '', '', ( #1543 ) ) ;
#9831 = ORIENTED_EDGE ( 'NONE', *, *, #109, .T. ) ;
#9832 = ORIENTED_EDGE ( 'NONE', *, *, #5845, .T. ) ;
#9833 = VERTEX_POINT ( 'NONE', #3459 ) ;
#9834 = PLANE ( 'NONE',  #6058 ) ;
#9835 = ORIENTED_EDGE ( 'NONE', *, *, #9043, .F. ) ;
#9836 = CARTESIAN_POINT ( 'NONE',  ( 0.000000000000000000, 0.2000000000000000111, 0.000000000000000000 ) ) ;
#9837 = LINE ( 'NONE', #6982, #5681 ) ;
#9838 = VERTEX_POINT ( 'NONE', #5853 ) ;
#9839 = VECTOR ( 'NONE', #4329, 1000.000000000000000 ) ;
#9840 = ORIENTED_EDGE ( 'NONE', *, *, #6697, .T. ) ;
#9841 = DIRECTION ( 'NONE',  ( -0.000000000000000000, 0.000000000000000000, -1.000000000000000000 ) ) ;
#9842 = AXIS2_PLACEMENT_3D ( 'NONE', #4179, #195, #1753 ) ;
#9843 = LINE ( 'NONE', #8164, #3712 ) ;
#9844 = EDGE_CURVE ( 'NONE', #2545, #9689, #7797, .T. ) ;
#9845 = VECTOR ( 'NONE', #984, 1000.000000000000000 ) ;
#9846 = DIRECTION ( 'NONE',  ( -1.000000000000000000, 0.000000000000000000, 0.000000000000000000 ) ) ;
#9847 = DIRECTION ( 'NONE',  ( 0.000000000000000000, -1.000000000000000000, 0.000000000000000000 ) ) ;
#9848 = VERTEX_POINT ( 'NONE', #5113 ) ;
#9849 = EDGE_CURVE ( 'NONE', #2740, #8952, #9017, .T. ) ;
#9850 = PLANE ( 'NONE',  #1235 ) ;
#9851 = ORIENTED_EDGE ( 'NONE', *, *, #3287, .T. ) ;
#9852 = EDGE_CURVE ( 'NONE', #8529, #8569, #3387, .T. ) ;
#9853 = DIRECTION ( 'NONE',  ( 0.000000000000000000, -0.000000000000000000, 1.000000000000000000 ) ) ;
#9854 = ADVANCED_FACE ( 'NONE', ( #2147 ), #3389, .F. ) ;
#9855 = DIRECTION ( 'NONE',  ( 0.000000000000000000, 0.000000000000000000, 1.000000000000000000 ) ) ;
#9856 = ORIENTED_EDGE ( 'NONE', *, *, #1507, .T. ) ;
#9857 = CARTESIAN_POINT ( 'NONE',  ( -1.125000000000000222, 0.8264982043070834283, -3.500000000000000444 ) ) ;
#9858 = DIRECTION ( 'NONE',  ( -0.000000000000000000, -1.000000000000000000, -0.000000000000000000 ) ) ;
#9859 = ADVANCED_FACE ( 'NONE', ( #9140 ), #7606, .F. ) ;
#9860 = ORIENTED_EDGE ( 'NONE', *, *, #5152, .T. ) ;
#9861 = CARTESIAN_POINT ( 'NONE',  ( -2.950000000000000178, 0.8264982043070829842, 0.1750000000000006828 ) ) ;
#9862 = CARTESIAN_POINT ( 'NONE',  ( -2.125000000000000000, 0.2000000000000000111, 2.950000000000001066 ) ) ;
#9863 = EDGE_LOOP ( 'NONE', ( #2625, #4956, #3113, #5043 ) ) ;
#9864 = CARTESIAN_POINT ( 'NONE',  ( -2.950000000000000178, 0.8264982043070829842, 1.774999999999999689 ) ) ;
#9865 = AXIS2_PLACEMENT_3D ( 'NONE', #7053, #2252, #731 ) ;
#9866 = AXIS2_PLACEMENT_3D ( 'NONE', #2791, #9768, #8185 ) ;
#9867 = SURFACE_STYLE_FILL_AREA ( #4967 ) ;
#9868 = ORIENTED_EDGE ( 'NONE', *, *, #6379, .F. ) ;
#9869 = EDGE_LOOP ( 'NONE', ( #9118, #7016, #6948, #3323 ) ) ;
#9870 = DIRECTION ( 'NONE',  ( 0.000000000000000000, -0.000000000000000000, 1.000000000000000000 ) ) ;
#9871 = ORIENTED_EDGE ( 'NONE', *, *, #2580, .T. ) ;
#9872 = CLOSED_SHELL ( 'NONE', ( #9236, #2462, #6872, #2832, #8302, #7964, #4512, #6097, #5145, #6676, #10002, #4681, #8395, #3646, #6151, #4995, #3436, #5957, #5802, #2988, #3394, #9820, #4068, #1316, #8452, #3961, #1835, #374, #4270, #2095, #1011, #1421, #1732, #4222, #8769, #1324, #7656, #480, #1124, #3079, #7703, #7761, #1218, #8988, #4575, #3603, #3127, #1270, #8123, #5294, #2300, #5649, #3386, #6822, #7454, #6157, #8361, #473, #4990, #9444, #7509, #4838, #5153, #6006, #6519, #8445, #9028, #4379, #8883, #5050, #6200, #3599, #1943, #6353, #3844, #2674, #1114, #6771, #743, #7604, #8881, #6812, #5384, #2411, #170, #6052, #2929, #2044, #9994, #7459, #3023, #9342, #9230, #1886, #5850, #8354, #9136, #9174, #5705, #4430, #10143, #4005, #5099, #9713, #7304, #10047, #2135, #9815, #10097, #9897, #7154, #3442, #7029, #8511, #7312, #8166, #6515, #9956, #1674, #128, #3539, #8827, #6456, #8561, #1060, #9183, #9707, #8499, #1937, #6305, #8612, #6249, #2088, #1571, #5755, #3792, #419, #8403, #5857, #8307, #2363, #1376 ) ) ;
#9873 = VECTOR ( 'NONE', #9822, 1000.000000000000000 ) ;
#9874 = FACE_OUTER_BOUND ( 'NONE', #8626, .T. ) ;
#9875 = DIRECTION ( 'NONE',  ( -0.000000000000000000, -1.000000000000000000, -0.000000000000000000 ) ) ;
#9876 = VECTOR ( 'NONE', #2928, 1000.000000000000000 ) ;
#9877 = LINE ( 'NONE', #6772, #5831 ) ;
#9878 =( GEOMETRIC_REPRESENTATION_CONTEXT ( 3 ) GLOBAL_UNCERTAINTY_ASSIGNED_CONTEXT ( ( #8068 ) ) GLOBAL_UNIT_ASSIGNED_CONTEXT ( ( #503, #2104, #6794 ) ) REPRESENTATION_CONTEXT ( 'NONE', 'WORKASPACE' ) );
#9879 = ORIENTED_EDGE ( 'NONE', *, *, #2149, .T. ) ;
#9880 = UNCERTAINTY_MEASURE_WITH_UNIT (LENGTH_MEASURE( 1.000000000000000082E-05 ), #1901, 'distance_accuracy_value', 'NONE');
#9881 = CARTESIAN_POINT ( 'NONE',  ( 0.4749999999999997558, 0.8264982043070834283, 2.950000000000001066 ) ) ;
#9882 = PLANE ( 'NONE',  #8259 ) ;
#9883 = DIRECTION ( 'NONE',  ( 0.000000000000000000, 0.000000000000000000, -1.000000000000000000 ) ) ;
#9884 = LINE ( 'NONE', #3511, #2669 ) ;
#9885 = DIRECTION ( 'NONE',  ( -0.000000000000000000, -0.000000000000000000, 1.000000000000000000 ) ) ;
#9886 = VECTOR ( 'NONE', #7267, 1000.000000000000000 ) ;
#9887 = CARTESIAN_POINT ( 'NONE',  ( -0.1750000000000002387, 0.000000000000000000, 2.950000000000001066 ) ) ;
#9888 = CLOSED_SHELL ( 'NONE', ( #6562, #3497, #427, #1223, #365, #7410 ) ) ;
#9889 = DIRECTION ( 'NONE',  ( 1.000000000000000000, 0.000000000000000000, 0.000000000000000000 ) ) ;
#9890 = LINE ( 'NONE', #8513, #5979 ) ;
#9891 = DIRECTION ( 'NONE',  ( 0.000000000000000000, -0.000000000000000000, 1.000000000000000000 ) ) ;
#9892 = DIRECTION ( 'NONE',  ( -1.000000000000000000, 0.000000000000000000, 1.577021341797097215E-15 ) ) ;
#9893 = MANIFOLD_SOLID_BREP ( 'LPattern4[4]', #9888 ) ;
#9894 = EDGE_CURVE ( 'NONE', #6361, #1820, #5596, .T. ) ;
#9896 = LINE ( 'NONE', #8040, #1440 ) ;
#9895 = DIRECTION ( 'NONE',  ( -1.577021341797097018E-15, -0.000000000000000000, -1.000000000000000000 ) ) ;
#9897 = ADVANCED_FACE ( 'NONE', ( #5471 ), #2008, .T. ) ;
#9898 = EDGE_CURVE ( 'NONE', #737, #3205, #4991, .T. ) ;
#9899 = ORIENTED_EDGE ( 'NONE', *, *, #6633, .T. ) ;
#9900 = VECTOR ( 'NONE', #9669, 1000.000000000000000 ) ;
#9901 = DIRECTION ( 'NONE',  ( 0.000000000000000000, 0.000000000000000000, -1.000000000000000000 ) ) ;
#9902 = DIRECTION ( 'NONE',  ( 0.000000000000000000, -1.000000000000000000, 0.000000000000000000 ) ) ;
#9903 = ADVANCED_FACE ( 'NONE', ( #6809 ), #1257, .F. ) ;
#9904 = VECTOR ( 'NONE', #2069, 1000.000000000000000 ) ;
#9905 = EDGE_CURVE ( 'NONE', #5277, #6265, #5111, .T. ) ;
#9906 = DIRECTION ( 'NONE',  ( 1.000000000000000000, -0.000000000000000000, 0.000000000000000000 ) ) ;
#9907 = ORIENTED_EDGE ( 'NONE', *, *, #702, .F. ) ;
#9909 = ORIENTED_EDGE ( 'NONE', *, *, #8036, .F. ) ;
#9908 = CARTESIAN_POINT ( 'NONE',  ( 2.125000000000000888, 0.2000000000000000111, 2.950000000000001066 ) ) ;
#9910 = EDGE_CURVE ( 'NONE', #1716, #1770, #3256, .T. ) ;
#9911 = ORIENTED_EDGE ( 'NONE', *, *, #5327, .F. ) ;
#9912 = FACE_OUTER_BOUND ( 'NONE', #4981, .T. ) ;
#9913 = VERTEX_POINT ( 'NONE', #3662 ) ;
#9914 = VECTOR ( 'NONE', #819, 1000.000000000000000 ) ;
#9915 = EDGE_CURVE ( 'NONE', #7819, #4342, #4001, .T. ) ;
#9916 = CARTESIAN_POINT ( 'NONE',  ( -1.475000000000000089, 0.2000000000000000111, -3.500000000000000444 ) ) ;
#9917 = COLOUR_RGB ( '',0.7921568627450980005, 0.8196078431372548767, 0.9333333333333333481 ) ;
#9918 = DIRECTION ( 'NONE',  ( -0.000000000000000000, 0.000000000000000000, -1.000000000000000000 ) ) ;
#9919 = ORIENTED_EDGE ( 'NONE', *, *, #8009, .F. ) ;
#9920 = CARTESIAN_POINT ( 'NONE',  ( 3.500000000000000444, 0.05000000000000000278, -3.500000000000000444 ) ) ;
#9921 = CARTESIAN_POINT ( 'NONE',  ( 1.124999999999999778, 0.8264982043070834283, 2.950000000000001066 ) ) ;
#9922 = ORIENTED_EDGE ( 'NONE', *, *, #2353, .T. ) ;
#9923 = EDGE_CURVE ( 'NONE', #1980, #9833, #9640, .T. ) ;
#9924 = EDGE_LOOP ( 'NONE', ( #9564, #2562, #2444, #4980 ) ) ;
#9925 = FACE_OUTER_BOUND ( 'NONE', #1239, .T. ) ;
#9926 = AXIS2_PLACEMENT_3D ( 'NONE', #1389, #682, #1484 ) ;
#9927 = EDGE_CURVE ( 'NONE', #8865, #9201, #9877, .T. ) ;
#9928 = DIRECTION ( 'NONE',  ( 1.000000000000000000, -0.000000000000000000, 0.000000000000000000 ) ) ;
#9929 = VECTOR ( 'NONE', #3641, 1000.000000000000000 ) ;
#9930 = PLANE ( 'NONE',  #6134 ) ;
#9931 = ORIENTED_EDGE ( 'NONE', *, *, #761, .T. ) ;
#9932 = ORIENTED_EDGE ( 'NONE', *, *, #4354, .F. ) ;
#9933 = CARTESIAN_POINT ( 'NONE',  ( -2.950000000000000178, 0.1999999999999999833, -0.4749999999999993117 ) ) ;
#9934 = EDGE_LOOP ( 'NONE', ( #52, #6340, #4081, #624, #6112, #1444, #4294, #3068, #6778, #23, #7870, #6074, #3551, #1706, #6495, #1597, #6459, #4051, #8336, #10164, #5664, #7150, #3342, #1258, #6193, #4808, #3993, #3449, #1273, #8972, #4097, #9288, #2553, #3100, #2636, #5411 ) ) ;
#9935 = VECTOR ( 'NONE', #9033, 1000.000000000000000 ) ;
#9936 = ORIENTED_EDGE ( 'NONE', *, *, #6557, .T. ) ;
#9937 = CARTESIAN_POINT ( 'NONE',  ( -2.950000000000000178, 0.1999999999999999833, 0.8250000000000006217 ) ) ;
#9938 = CARTESIAN_POINT ( 'NONE',  ( -3.500000000000000444, 0.04999999999999969746, -2.125000000000000000 ) ) ;
#9939 = AXIS2_PLACEMENT_3D ( 'NONE', #9861, #5120, #376 ) ;
#9940 = ORIENTED_EDGE ( 'NONE', *, *, #9594, .F. ) ;
#9941 = CARTESIAN_POINT ( 'NONE',  ( 1.775000000000000577, 0.2000000000000000111, 3.500000000000001332 ) ) ;
#9942 = ORIENTED_EDGE ( 'NONE', *, *, #2892, .F. ) ;
#9943 = VERTEX_POINT ( 'NONE', #1320 ) ;
#9944 = CARTESIAN_POINT ( 'NONE',  ( 3.500000000000000444, 0.000000000000000000, -1.124999999999999334 ) ) ;
#9945 = CARTESIAN_POINT ( 'NONE',  ( -0.8249999999999992895, 0.04999999999999969746, 3.500000000000001332 ) ) ;
#9946 = VECTOR ( 'NONE', #7088, 1000.000000000000000 ) ;
#9947 = VERTEX_POINT ( 'NONE', #2847 ) ;
#9948 = ORIENTED_EDGE ( 'NONE', *, *, #9805, .F. ) ;
#9949 = ORIENTED_EDGE ( 'NONE', *, *, #3501, .F. ) ;
#9950 = DIRECTION ( 'NONE',  ( 0.000000000000000000, -1.000000000000000000, 0.000000000000000000 ) ) ;
#9951 = ADVANCED_FACE ( 'NONE', ( #1296 ), #9134, .F. ) ;
#9952 = DIRECTION ( 'NONE',  ( 0.000000000000000000, 1.000000000000000000, 0.000000000000000000 ) ) ;
#9953 = VERTEX_POINT ( 'NONE', #6798 ) ;
#9954 = FACE_OUTER_BOUND ( 'NONE', #1946, .T. ) ;
#9955 = EDGE_CURVE ( 'NONE', #1779, #4358, #9257, .T. ) ;
#9956 = ADVANCED_FACE ( 'NONE', ( #1408 ), #7471, .T. ) ;
#9957 = ORIENTED_EDGE ( 'NONE', *, *, #5739, .T. ) ;
#9958 = CARTESIAN_POINT ( 'NONE',  ( -3.100000000000000977, 0.8000000000000000444, -3.100000000000000977 ) ) ;
#9959 = EDGE_LOOP ( 'NONE', ( #3873, #1104, #152, #19 ) ) ;
#9960 = ORIENTED_EDGE ( 'NONE', *, *, #8577, .T. ) ;
#9961 = CARTESIAN_POINT ( 'NONE',  ( -3.500000000000000444, 0.1999999999999999833, 0.1750000000000006828 ) ) ;
#9962 = COLOUR_RGB ( '',0.7921568627450980005, 0.8196078431372548767, 0.9333333333333333481 ) ;
#9963 = EDGE_CURVE ( 'NONE', #375, #9169, #3748, .T. ) ;
#9964 = ORIENTED_EDGE ( 'NONE', *, *, #8875, .F. ) ;
#9965 = EDGE_CURVE ( 'NONE', #1452, #6834, #7435, .T. ) ;
#9966 =( NAMED_UNIT ( * ) SI_UNIT ( $, .STERADIAN. ) SOLID_ANGLE_UNIT ( ) );
#9967 = ORIENTED_EDGE ( 'NONE', *, *, #29, .F. ) ;
#9968 = CARTESIAN_POINT ( 'NONE',  ( 3.500000000000000444, 0.1999999999999999833, -0.8250000000000001776 ) ) ;
#9969 = LINE ( 'NONE', #1057, #1271 ) ;
#9970 = CARTESIAN_POINT ( 'NONE',  ( 2.950000000000000178, 0.1999999999999999833, -1.124999999999999334 ) ) ;
#9971 = EDGE_CURVE ( 'NONE', #147, #594, #918, .T. ) ;
#9972 = VERTEX_POINT ( 'NONE', #2271 ) ;
#9973 = CARTESIAN_POINT ( 'NONE',  ( 1.774999999999998801, 0.8264982043070834283, -2.950000000000000178 ) ) ;
#9974 = ORIENTED_EDGE ( 'NONE', *, *, #573, .F. ) ;
#9975 = EDGE_CURVE ( 'NONE', #5797, #2307, #7329, .T. ) ;
#9976 = CARTESIAN_POINT ( 'NONE',  ( -1.124999999999999334, 0.05000000000000000278, 0.000000000000000000 ) ) ;
#9977 = DIRECTION ( 'NONE',  ( -1.000000000000000000, 0.000000000000000000, 0.000000000000000000 ) ) ;
#9978 = LINE ( 'NONE', #5122, #10089 ) ;
#9979 = CARTESIAN_POINT ( 'NONE',  ( 1.475000000000000533, 0.2000000000000000111, 3.500000000000001332 ) ) ;
#9980 = DIRECTION ( 'NONE',  ( -0.000000000000000000, -1.000000000000000000, -0.000000000000000000 ) ) ;
#9981 = EDGE_CURVE ( 'NONE', #6886, #9824, #1896, .T. ) ;
#9982 = ORIENTED_EDGE ( 'NONE', *, *, #4099, .F. ) ;
#9983 = CARTESIAN_POINT ( 'NONE',  ( -2.950000000000000178, 0.1999999999999999833, 1.124999999999999778 ) ) ;
#9984 = DIRECTION ( 'NONE',  ( 0.000000000000000000, -1.000000000000000000, 0.000000000000000000 ) ) ;
#9985 = VERTEX_POINT ( 'NONE', #720 ) ;
#9986 = CARTESIAN_POINT ( 'NONE',  ( -0.1749999999999993783, 0.2000000000000005107, 3.500000000000000000 ) ) ;
#9987 = LINE ( 'NONE', #7448, #9751 ) ;
#9988 = EDGE_LOOP ( 'NONE', ( #2348, #989, #7523, #3337 ) ) ;
#9989 = VECTOR ( 'NONE', #3614, 1000.000000000000000 ) ;
#9990 = CARTESIAN_POINT ( 'NONE',  ( 4.549999999999999822, 0.000000000000000000, 0.000000000000000000 ) ) ;
#9991 = VERTEX_POINT ( 'NONE', #4651 ) ;
#9992 = AXIS2_PLACEMENT_3D ( 'NONE', #8152, #8870, #4948 ) ;
#9993 = VERTEX_POINT ( 'NONE', #3074 ) ;
#9994 = ADVANCED_FACE ( 'NONE', ( #3992 ), #8538, .T. ) ;
#9995 = ORIENTED_EDGE ( 'NONE', *, *, #3675, .T. ) ;
#9996 = LINE ( 'NONE', #3756, #5970 ) ;
#9997 = VECTOR ( 'NONE', #1510, 1000.000000000000000 ) ;
#9998 = DIRECTION ( 'NONE',  ( -1.577021341797097215E-15, 0.000000000000000000, 1.000000000000000000 ) ) ;
#9999 = VECTOR ( 'NONE', #6295, 1000.000000000000000 ) ;
#10000 = CARTESIAN_POINT ( 'NONE',  ( 0.8250000000000006217, 0.05000000000000000278, 0.000000000000000000 ) ) ;
#10001 = PLANE ( 'NONE',  #8864 ) ;
#10002 = ADVANCED_FACE ( 'NONE', ( #780 ), #2139, .T. ) ;
#10003 = DIRECTION ( 'NONE',  ( -0.000000000000000000, -1.000000000000000000, -0.000000000000000000 ) ) ;
#10004 = VERTEX_POINT ( 'NONE', #2942 ) ;
#10005 = MANIFOLD_SOLID_BREP ( 'LPattern4[3]', #4661 ) ;
#10006 = VECTOR ( 'NONE', #2614, 1000.000000000000000 ) ;
#10007 = CARTESIAN_POINT ( 'NONE',  ( 2.425000000000001155, 0.04999999999999969746, 3.500000000000001332 ) ) ;
#10008 = ORIENTED_EDGE ( 'NONE', *, *, #9514, .T. ) ;
#10009 = VECTOR ( 'NONE', #5430, 1000.000000000000000 ) ;
#10010 = AXIS2_PLACEMENT_3D ( 'NONE', #4864, #4109, #8014 ) ;
#10011 = FACE_OUTER_BOUND ( 'NONE', #10064, .T. ) ;
#10012 = CARTESIAN_POINT ( 'NONE',  ( -1.475000000000005640, 0.05000000000000000278, -2.326106479150727425E-15 ) ) ;
#10013 = FILL_AREA_STYLE_COLOUR ( '', #7090 ) ;
#10014 = ORIENTED_EDGE ( 'NONE', *, *, #4739, .F. ) ;
#10015 = VECTOR ( 'NONE', #2543, 1000.000000000000000 ) ;
#10016 = CARTESIAN_POINT ( 'NONE',  ( 0.1749999999999998224, 0.2000000000000000111, -2.950000000000000178 ) ) ;
#10017 = DIRECTION ( 'NONE',  ( 0.000000000000000000, -1.000000000000000000, 0.000000000000000000 ) ) ;
#10018 = FACE_OUTER_BOUND ( 'NONE', #1922, .T. ) ;
#10019 = SURFACE_SIDE_STYLE ('',( #3037 ) ) ;
#10020 = VERTEX_POINT ( 'NONE', #5436 ) ;
#10021 = CARTESIAN_POINT ( 'NONE',  ( -3.499999999999999556, 0.2000000000000005107, -1.474999999999999645 ) ) ;
#10022 = AXIS2_PLACEMENT_3D ( 'NONE', #2129, #1505, #6957 ) ;
#10023 = DIRECTION ( 'NONE',  ( -0.000000000000000000, -1.000000000000000000, -0.000000000000000000 ) ) ;
#10024 = ORIENTED_EDGE ( 'NONE', *, *, #7114, .T. ) ;
#10025 = VECTOR ( 'NONE', #3126, 1000.000000000000000 ) ;
#10026 = EDGE_CURVE ( 'NONE', #10162, #4239, #5952, .T. ) ;
#10027 = VECTOR ( 'NONE', #2610, 1000.000000000000000 ) ;
#10028 = PLANE ( 'NONE',  #4729 ) ;
#10029 = DIRECTION ( 'NONE',  ( 0.000000000000000000, -0.000000000000000000, -1.000000000000000000 ) ) ;
#10030 = PLANE ( 'NONE',  #714 ) ;
#10031 = VERTEX_POINT ( 'NONE', #9983 ) ;
#10032 = EDGE_CURVE ( 'NONE', #9686, #7561, #8758, .T. ) ;
#10033 = ORIENTED_EDGE ( 'NONE', *, *, #428, .F. ) ;
#10034 = ORIENTED_EDGE ( 'NONE', *, *, #2288, .T. ) ;
#10035 = LINE ( 'NONE', #4148, #3303 ) ;
#10036 = ORIENTED_EDGE ( 'NONE', *, *, #3608, .T. ) ;
#10037 = CARTESIAN_POINT ( 'NONE',  ( 0.000000000000000000, 0.000000000000000000, 1.300000000000000044 ) ) ;
#10038 = FACE_OUTER_BOUND ( 'NONE', #4758, .T. ) ;
#10039 = EDGE_CURVE ( 'NONE', #4602, #10099, #2264, .T. ) ;
#10040 = VECTOR ( 'NONE', #6092, 1000.000000000000000 ) ;
#10041 = EDGE_CURVE ( 'NONE', #9972, #4054, #4979, .T. ) ;
#10042 = ORIENTED_EDGE ( 'NONE', *, *, #5015, .T. ) ;
#10043 = ORIENTED_EDGE ( 'NONE', *, *, #1249, .T. ) ;
#10044 = EDGE_CURVE ( 'NONE', #4039, #7180, #8274, .T. ) ;
#10045 = VECTOR ( 'NONE', #9797, 1000.000000000000000 ) ;
#10046 = SURFACE_STYLE_USAGE ( .BOTH. , #6016 ) ;
#10047 = ADVANCED_FACE ( 'NONE', ( #10102 ), #9295, .T. ) ;
#10048 = PRESENTATION_STYLE_ASSIGNMENT (( #807 ) ) ;
#10049 = PLANE ( 'NONE',  #9262 ) ;
#10050 = ORIENTED_EDGE ( 'NONE', *, *, #234, .F. ) ;
#10051 = EDGE_CURVE ( 'NONE', #2406, #122, #1769, .T. ) ;
#10053 = ORIENTED_EDGE ( 'NONE', *, *, #6086, .F. ) ;
#10052 = ADVANCED_FACE ( 'NONE', ( #9131 ), #4692, .F. ) ;
#10054 = EDGE_LOOP ( 'NONE', ( #3488, #297, #5408, #3129 ) ) ;
#10055 = VERTEX_POINT ( 'NONE', #615 ) ;
#10056 = VERTEX_POINT ( 'NONE', #6121 ) ;
#10057 = DIRECTION ( 'NONE',  ( 0.000000000000000000, 0.000000000000000000, -1.000000000000000000 ) ) ;
#10058 = LINE ( 'NONE', #2475, #9079 ) ;
#10059 = CARTESIAN_POINT ( 'NONE',  ( 1.474999999999999645, 0.2000000000000000111, -2.950000000000000178 ) ) ;
#10060 = CARTESIAN_POINT ( 'NONE',  ( -2.950000000000000178, 0.8264982043070829842, 0.4749999999999997558 ) ) ;
#10061 = PLANE ( 'NONE',  #9633 ) ;
#10062 = DIRECTION ( 'NONE',  ( -1.577021341797097018E-15, -0.000000000000000000, -1.000000000000000000 ) ) ;
#10063 = VERTEX_POINT ( 'NONE', #6153 ) ;
#10064 = EDGE_LOOP ( 'NONE', ( #4168, #9300, #2743, #6743 ) ) ;
#10065 = ORIENTED_EDGE ( 'NONE', *, *, #3224, .F. ) ;
#10066 = ORIENTED_EDGE ( 'NONE', *, *, #3875, .F. ) ;
#10067 = VECTOR ( 'NONE', #6233, 1000.000000000000000 ) ;
#10068 = EDGE_LOOP ( 'NONE', ( #6667, #1024, #3685, #267 ) ) ;
#10069 = CARTESIAN_POINT ( 'NONE',  ( -0.4749999999999993117, 0.2000000000000000111, 2.950000000000001066 ) ) ;
#10070 = LINE ( 'NONE', #1260, #3221 ) ;
#10071 = PLANE ( 'NONE',  #7974 ) ;
#10072 = AXIS2_PLACEMENT_3D ( 'NONE', #5981, #7536, #5270 ) ;
#10073 = CARTESIAN_POINT ( 'NONE',  ( -0.1749999999999993783, 0.2000000000000000111, 3.500000000000001332 ) ) ;
#10074 = CARTESIAN_POINT ( 'NONE',  ( -3.500000000000000444, 0.1999999999999999833, -0.4749999999999993117 ) ) ;
#10075 = ORIENTED_EDGE ( 'NONE', *, *, #4855, .F. ) ;
#10076 = FACE_OUTER_BOUND ( 'NONE', #7519, .T. ) ;
#10077 = LINE ( 'NONE', #8482, #6662 ) ;
#10078 = ORIENTED_EDGE ( 'NONE', *, *, #8507, .T. ) ;
#10079 = DIRECTION ( 'NONE',  ( -1.000000000000000000, 0.000000000000000000, 0.000000000000000000 ) ) ;
#10080 = ORIENTED_EDGE ( 'NONE', *, *, #7938, .F. ) ;
#10081 = EDGE_CURVE ( 'NONE', #8099, #2478, #4730, .T. ) ;
#10082 = VECTOR ( 'NONE', #3123, 1000.000000000000000 ) ;
#10083 = CARTESIAN_POINT ( 'NONE',  ( 0.000000000000000000, 0.2000000000000000111, 0.000000000000000000 ) ) ;
#10084 = VERTEX_POINT ( 'NONE', #823 ) ;
#10085 = EDGE_CURVE ( 'NONE', #7143, #9838, #6310, .T. ) ;
#10086 = CARTESIAN_POINT ( 'NONE',  ( 2.350000000000000089, 0.05000000000000000278, 0.000000000000000000 ) ) ;
#10087 = CARTESIAN_POINT ( 'NONE',  ( 3.500000000000000444, 0.2000000000000005107, 0.8250000000000006217 ) ) ;
#10088 = CARTESIAN_POINT ( 'NONE',  ( 1.124999999999999778, 0.1999999999999999833, 2.950000000000001066 ) ) ;
#10090 = EDGE_CURVE ( 'NONE', #5048, #6873, #5462, .T. ) ;
#10089 = VECTOR ( 'NONE', #7384, 1000.000000000000000 ) ;
#10091 = ORIENTED_EDGE ( 'NONE', *, *, #1178, .F. ) ;
#10092 = EDGE_CURVE ( 'NONE', #9607, #1554, #30, .T. ) ;
#10093 = CARTESIAN_POINT ( 'NONE',  ( -2.950000000000000178, 0.05000000000000000278, 0.000000000000000000 ) ) ;
#10094 = ORIENTED_EDGE ( 'NONE', *, *, #5833, .F. ) ;
#10095 = DIRECTION ( 'NONE',  ( 0.000000000000000000, -0.000000000000000000, -1.000000000000000000 ) ) ;
#10096 = CARTESIAN_POINT ( 'NONE',  ( 0.000000000000000000, 0.000000000000000000, 3.899999999999999911 ) ) ;
#10097 = ADVANCED_FACE ( 'NONE', ( #9629 ), #7160, .T. ) ;
#10098 = EDGE_CURVE ( 'NONE', #7819, #3686, #8044, .T. ) ;
#10099 = VERTEX_POINT ( 'NONE', #2347 ) ;
#10100 = SURFACE_SIDE_STYLE ('',( #2169 ) ) ;
#10101 = FACE_OUTER_BOUND ( 'NONE', #9058, .T. ) ;
#10102 = FACE_OUTER_BOUND ( 'NONE', #1110, .T. ) ;
#10103 = ORIENTED_EDGE ( 'NONE', *, *, #1042, .F. ) ;
#10104 = EDGE_CURVE ( 'NONE', #4889, #1230, #2780, .T. ) ;
#10105 = CARTESIAN_POINT ( 'NONE',  ( 2.350000000000000089, 0.1999999999999996503, 2.350000000000000977 ) ) ;
#10106 = CARTESIAN_POINT ( 'NONE',  ( -1.774999999999999245, 0.05000000000000000278, 0.000000000000000000 ) ) ;
#10107 = CARTESIAN_POINT ( 'NONE',  ( -2.950000000000000178, 0.05000000000000002359, 0.4749999999999997558 ) ) ;
#10108 = ORIENTED_EDGE ( 'NONE', *, *, #5590, .T. ) ;
#10109 = AXIS2_PLACEMENT_3D ( 'NONE', #7122, #7796, #6348 ) ;
#10110 = LINE ( 'NONE', #8235, #7057 ) ;
#10111 = EDGE_CURVE ( 'NONE', #383, #5691, #5713, .T. ) ;
#10112 = VECTOR ( 'NONE', #5380, 1000.000000000000000 ) ;
#10113 = CARTESIAN_POINT ( 'NONE',  ( -2.950000000000000178, 0.1999999999999999833, -2.424999999999999378 ) ) ;
#10114 = CYLINDRICAL_SURFACE ( 'NONE', #3760, 0.1999999999999996503 ) ;
#10115 = FACE_OUTER_BOUND ( 'NONE', #9227, .T. ) ;
#10116 = ORIENTED_EDGE ( 'NONE', *, *, #7616, .F. ) ;
#10117 = EDGE_LOOP ( 'NONE', ( #59, #3927, #9831, #8211 ) ) ;
#10118 = VERTEX_POINT ( 'NONE', #3968 ) ;
#10119 = CARTESIAN_POINT ( 'NONE',  ( 3.500000000000000444, 0.000000000000000000, 2.125000000000000888 ) ) ;
#10120 = CARTESIAN_POINT ( 'NONE',  ( 0.8250000000000006217, 0.000000000000000000, 3.500000000000001332 ) ) ;
#10122 = VECTOR ( 'NONE', #7226, 1000.000000000000000 ) ;
#10121 = DIRECTION ( 'NONE',  ( 0.000000000000000000, 0.000000000000000000, -1.000000000000000000 ) ) ;
#10123 = CARTESIAN_POINT ( 'NONE',  ( -2.124999999999999112, 0.2000000000000000111, 3.500000000000001332 ) ) ;
#10124 = AXIS2_PLACEMENT_3D ( 'NONE', #2050, #9106, #9891 ) ;
#10125 = ORIENTED_EDGE ( 'NONE', *, *, #9382, .F. ) ;
#10126 = VERTEX_POINT ( 'NONE', #1546 ) ;
#10127 = DIRECTION ( 'NONE',  ( 0.000000000000000000, 0.000000000000000000, 1.000000000000000000 ) ) ;
#10128 = LINE ( 'NONE', #8856, #6335 ) ;
#10129 = DIRECTION ( 'NONE',  ( 0.000000000000000000, 0.000000000000000000, -1.000000000000000000 ) ) ;
#10130 = CARTESIAN_POINT ( 'NONE',  ( 0.000000000000000000, 0.05000000000000000278, 2.950000000000001066 ) ) ;
#10131 = VECTOR ( 'NONE', #4893, 1000.000000000000000 ) ;
#10132 = SURFACE_STYLE_USAGE ( .BOTH. , #10100 ) ;
#10133 = EDGE_LOOP ( 'NONE', ( #10156, #8002, #1666, #4712 ) ) ;
#10134 = FACE_OUTER_BOUND ( 'NONE', #9456, .T. ) ;
#10135 = LINE ( 'NONE', #3659, #8306 ) ;
#10136 = CARTESIAN_POINT ( 'NONE',  ( 2.950000000000000178, 0.000000000000000000, 1.124999999999999778 ) ) ;
#10137 = VECTOR ( 'NONE', #647, 1000.000000000000000 ) ;
#10138 = ORIENTED_EDGE ( 'NONE', *, *, #1916, .T. ) ;
#10139 = ORIENTED_EDGE ( 'NONE', *, *, #6490, .F. ) ;
#10140 = CARTESIAN_POINT ( 'NONE',  ( 2.950000000000000178, 0.8264982043070829842, 0.8250000000000006217 ) ) ;
#10141 = ORIENTED_EDGE ( 'NONE', *, *, #5739, .F. ) ;
#10142 = FACE_OUTER_BOUND ( 'NONE', #8373, .T. ) ;
#10143 = ADVANCED_FACE ( 'NONE', ( #3131 ), #2417, .T. ) ;
#10144 = VECTOR ( 'NONE', #3884, 1000.000000000000000 ) ;
#10145 = DIRECTION ( 'NONE',  ( 1.000000000000000000, 0.000000000000000000, -0.000000000000000000 ) ) ;
#10146 = FACE_OUTER_BOUND ( 'NONE', #3136, .T. ) ;
#10147 = DIRECTION ( 'NONE',  ( 0.000000000000000000, -1.000000000000000000, 0.000000000000000000 ) ) ;
#10148 = AXIS2_PLACEMENT_3D ( 'NONE', #9128, #1317, #2038 ) ;
#10149 = DIRECTION ( 'NONE',  ( 1.000000000000000000, 0.000000000000000000, 0.000000000000000000 ) ) ;
#10150 = ORIENTED_EDGE ( 'NONE', *, *, #9721, .T. ) ;
#10151 = ADVANCED_FACE ( 'NONE', ( #3628 ), #4036, .F. ) ;
#10152 = CARTESIAN_POINT ( 'NONE',  ( -3.500000000000000444, 0.8264982043070829842, 1.124999999999999778 ) ) ;
#10153 = EDGE_CURVE ( 'NONE', #3947, #3234, #4610, .T. ) ;
#10154 = VECTOR ( 'NONE', #6222, 1000.000000000000000 ) ;
#10155 = CARTESIAN_POINT ( 'NONE',  ( 2.950000000000000178, 0.05000000000000000278, 0.000000000000000000 ) ) ;
#10156 = ORIENTED_EDGE ( 'NONE', *, *, #5909, .F. ) ;
#10157 = CARTESIAN_POINT ( 'NONE',  ( 3.500000000000000444, 0.000000000000000000, -0.1750000000000002387 ) ) ;
#10158 = FACE_OUTER_BOUND ( 'NONE', #9869, .T. ) ;
#10159 = EDGE_CURVE ( 'NONE', #1554, #2651, #1521, .T. ) ;
#10160 = DIRECTION ( 'NONE',  ( 0.000000000000000000, -0.000000000000000000, 1.000000000000000000 ) ) ;
#10161 = LINE ( 'NONE', #2510, #6246 ) ;
#10162 = VERTEX_POINT ( 'NONE', #3139 ) ;
#10163 = CARTESIAN_POINT ( 'NONE',  ( -1.475000000000000089, 0.04999999999999999584, 2.950000000000001066 ) ) ;
#10164 = ORIENTED_EDGE ( 'NONE', *, *, #3623, .T. ) ;
#10165 = DIRECTION ( 'NONE',  ( -0.000000000000000000, -1.000000000000000000, -0.000000000000000000 ) ) ;
#10166 = DIRECTION ( 'NONE',  ( -1.000000000000000000, 0.000000000000000000, 0.000000000000000000 ) ) ;
#10167 = ORIENTED_EDGE ( 'NONE', *, *, #1892, .T. ) ;
#10168 = VERTEX_POINT ( 'NONE', #8629 ) ;
#10169 = EDGE_CURVE ( 'NONE', #2307, #3574, #4861, .T. ) ;
#10170 = DIRECTION ( 'NONE',  ( 0.000000000000000000, -1.000000000000000000, 0.000000000000000000 ) ) ;
#10171 = ORIENTED_EDGE ( 'NONE', *, *, #7938, .T. ) ;
#10172 = LINE ( 'NONE', #1582, #9696 ) ;
#10173 = AXIS2_PLACEMENT_3D ( 'NONE', #4843, #5625, #1701 ) ;
#10174 = EDGE_CURVE ( 'NONE', #4199, #9294, #7315, .T. ) ;
#10175 = FACE_OUTER_BOUND ( 'NONE', #134, .T. ) ;
#10176 = ORIENTED_EDGE ( 'NONE', *, *, #6213, .F. ) ;
#10177 = ORIENTED_EDGE ( 'NONE', *, *, #1129, .T. ) ;
#10178 =( LENGTH_UNIT ( ) NAMED_UNIT ( * ) SI_UNIT ( .MILLI., .METRE. ) );
#10179 = CARTESIAN_POINT ( 'NONE',  ( -0.1750000000000010991, 0.2000000000000000111, -2.950000000000000178 ) ) ;
#10180 = VERTEX_POINT ( 'NONE', #5574 ) ;
#10181 = ORIENTED_EDGE ( 'NONE', *, *, #161, .T. ) ;
#10182 = CARTESIAN_POINT ( 'NONE',  ( 2.425000000000000266, 0.1999999999999999833, 2.950000000000001066 ) ) ;
#10183 = VERTEX_POINT ( 'NONE', #9429 ) ;
#10184 = SURFACE_STYLE_FILL_AREA ( #2656 ) ;
#10185 = EDGE_LOOP ( 'NONE', ( #8184, #2978, #4688, #10108 ) ) ;
#10186 = DIRECTION ( 'NONE',  ( 1.000000000000000000, 0.000000000000000000, 0.000000000000000000 ) ) ;
#10187 = DIRECTION ( 'NONE',  ( 0.000000000000000000, 0.000000000000000000, -1.000000000000000000 ) ) ;
#10189 = FACE_OUTER_BOUND ( 'NONE', #6101, .T. ) ;
#10188 = DIRECTION ( 'NONE',  ( -1.577021341797097018E-15, -0.000000000000000000, -1.000000000000000000 ) ) ;
#10190 = VERTEX_POINT ( 'NONE', #8669 ) ;
#10191 = ORIENTED_EDGE ( 'NONE', *, *, #9188, .F. ) ;
#10192 = CARTESIAN_POINT ( 'NONE',  ( 2.950000000000000178, 0.000000000000000000, -1.774999999999999245 ) ) ;
#10193 = MANIFOLD_SOLID_BREP ( 'Boss-Extrude4', #416 ) ;
#10194 = EDGE_LOOP ( 'NONE', ( #4970, #5780, #8553, #6382 ) ) ;
#10195 = CARTESIAN_POINT ( 'NONE',  ( 1.125000000000000666, 0.000000000000000000, 3.500000000000001332 ) ) ;
#10196 = CARTESIAN_POINT ( 'NONE',  ( -2.950000000000000178, 0.1999999999999999833, 2.425000000000000266 ) ) ;
ENDSEC;
END-ISO-10303-21;
